location,rating,ground_truth,model_prediction,text,final_text
Batam Centre Ferry Terminal,1 bintang,NEGATIF,NETRAL,PERINGATAN: Bawalah bagasi Anda sendiri dari kapal kecuali Anda punya waktu luang 1 jam untuk menunggu. Kru darat tidak bisa diandalkan :(,ingat bawa sendiri punya luang tunggu kru darat andal
Batam Centre Ferry Terminal,5 bintang,POSITIF,NEGATIF,"pelabuhan internasional untuk penyebrangan tujuan singapura dan malaysia, cukup crowded karena lahan parkir yang kurang luas.",penyebrangan crowded lahan parkir kurang luas
Batam Centre Ferry Terminal,5 bintang,POSITIF,NETRAL,Bekerja d coffe sumatra,kerja d coffe sumatra
Batam Centre Ferry Terminal,5 bintang,POSITIF,NEGATIF,Mantap,padat
Batam Centre Ferry Terminal,1 bintang,NEGATIF,NETRAL,On line dilarang jemput penumpang konvensional punya kuasa,line larang jemput konvensional punya kuasa
Batam Centre Ferry Terminal,3 bintang,NETRAL,POSITIF,"Des 2017, masih terasa timpang kalau mau membandingkan dengan Harbour Front. Tapi kalau mau dibandingkan dengan pelabuhan yang lain di Batam.... Ya.. masih ok lah :)
Apalagi kalau sudah musim liburan gini, terasa sekali kalau pelabuhan ini perlu dikembangkan. Mudah-mudahan dengan semangat masyarakat Batam yang sadar berwisata fasilitas ini akan semakin baik.",des asa timpang banding front banding lah musim libur gin asa kembang mudah mudah semangat masyarakat sadar wisata fasilitas makin baik
Batam Centre Ferry Terminal,3 bintang,NETRAL,NEGATIF,"Terminal feri yang bagus. Tempatnya tampak agak kuno, tetapi cukup memadai. Loket tiket feri berada di lantai dasar, sangat mudah diakses dari pintu masuk utama. Mereka memiliki beberapa tempat makan dan minimarket di lantai dua. Makanannya cukup enak. Proses imigrasi berjalan sangat baik untuk keberangkatan, meskipun kedatangan lebih lambat karena mereka belum memiliki gerbang otomatis.

Masalahnya adalah transportasi dimonopoli oleh taksi pelabuhan yang sangat mahal, sekitar dua kali lipat dibandingkan dengan aplikasi berbagi tumpangan. Aplikasi berbagi tumpangan tidak akan menjemput Anda di lobi karena monopoli tersebut, Anda harus berjalan keluar ke gerbang jika ingin menggunakan layanan tersebut - yang bisa menjadi masalah jika hujan. Alternatif lainnya adalah menyeberang jembatan penyeberangan ke mal dan menggunakan layanan berbagi tumpangan dari sana.",bagus tampak kuno pada ada dasar mudah akses pintu utama milik makan minimarket makan enak proses imigrasi jalan baik berangkat datang lambat milik otomatis masalah transportasi monopoli mahal lipat banding aplikasi bagi tumpang aplikasi bagi tumpang jemput lobi monopoli sebut jalan guna layan sebut jadi masalah hujan alternatif lain seberang jembatan mal guna layan bagi tumpang
Batam Centre Ferry Terminal,2 bintang,NEGATIF,POSITIF,"Eskalator ga jalan, security dan staff ga ada yang membantu memberikan solusi, seenaknya ajaa bilang ""naik tangga ajaa"" padahal posisi lagi bawa koper besar, ga ada staf yang menawarkan bantuan.. begitu keluar dari pelabuhan langsung disambut dibantu satpam mall di seberang pelabuhan, mega mall, top banget bapak satpam mega mall, shame on security and staff pelabuhan..",eskalator security bantu beri solusi enak ajaa bilang tangga ajaa posisi koper besar staf tawar bantu langsung sambut bantu satpam seberang mega top bapak satpam mega shame security
Batam Centre Ferry Terminal,1 bintang,NEGATIF,NETRAL,Pelabuhan BC jam keberangkatan ferry batam sg tetutama batam center -tanah merah sllu tidak sesuai dgn scehudule yg tertera di jam tiket atau google. Sllu mmbuat penumpang jadi bigung dgn time yg tak sesuai.,bc berangkat sg tetutama tanah merah sllu sesuai scehudule tera google sllu mmbuat bigung tak sesuai
Batam Centre Ferry Terminal,4 bintang,POSITIF,NETRAL,Sudah saatnya buat lahan parkir baru kak.,saat lahan parkir baru kak
Batam Centre Ferry Terminal,1 bintang,NEGATIF,NETRAL,Titip jejak dulu.,titip jejak dulu
Batam Centre Ferry Terminal,5 bintang,POSITIF,NETRAL,Gerbang laut menuju Singapura dan sebaliknya.,tuju balik
Batam Centre Ferry Terminal,4 bintang,POSITIF,NETRAL,Perlu perawatan lebih lanjut,awat lanjut
Batam Centre Ferry Terminal,1 bintang,NEGATIF,NETRAL,"KEMUNGKINAN TINDAKAN PENYUAPAN/KORUPSI

Jadi Jumat lalu (21/2/2025), kami bertiga (ibu, saudara laki-laki, dan saya) sedang berlibur akhir pekan ke Batam.

Kami tiba di Terminal Feri Batam Center pukul 9 pagi waktu setempat. Saat mengantre untuk pemeriksaan paspor, saya sedang mengatur roaming untuk mengisi Visa of Arrival (VOA). Di sana, saya dipanggil oleh seorang petugas imigrasi ke kantornya dan ponsel ibu saya dan saya, bersama dengan paspor saya, diambil oleh petugas imigrasi tersebut. Kemudian, dia menyuruh saya menunggu di luar kantornya (saat itu pukul 9.30 pagi waktu Batam). Kira-kira setelah 20-30 menit, dia keluar dari ruang kantornya untuk melayani petugas lain, tetapi ketika dia melihat saya, dia bertanya ""kamu ngapain di sini?"" dua kali karena saya benar-benar tidak tahu apa-apa. Kemudian saya mengatakan kepadanya bahwa ponsel dan paspor saya diambil olehnya. Dia kemudian dengan kasar berkata kepada saya ""ha tahu pun kamu, kamu tahu tidak apa salahmu?"" Saya menjawab, “Saya tadi sedang mengatur layanan roaming saya untuk mengisi VOA saya”. Kemudian, dia memberi tahu saya bahwa roaming dapat dilakukan setelah imigrasi di luar. Saya kemudian hanya diam dan mengangguk pelan. Dia kemudian kembali ke ruangannya dan menghilang entah berapa jam. Sambil menunggu tindakannya, saya hanya duduk di kursi, tidak memprovokasi atau meminta pembebasan karena saya percaya dia hanya melakukan pekerjaannya. Kemudian, ada seorang pria duduk tepat di sebelah saya bertanya apa yang terjadi. Saya mengatakan kepadanya bahwa paspor dan ponsel saya diambil oleh petugas. Dia kemudian dengan lembut mengatakan bahwa dia dapat menawarkan bantuan. Karena curiga dengan tawaran itu (saya merasa bahwa bantuannya disertai dengan uang tip/uang sampingan, saya menjawabnya “Tidak, Papa. Aku tunggu saja”). Pria itu kemudian meninggalkan saya dan pergi menemui pelanggar lain (tidak secara langsung tetapi secara berkala dia akan masuk ke ruangan).

Perlu diingat bahwa selama saya menunggu, ada banyak pelanggar setelah saya yang dibebaskan dalam waktu kurang dari 10 menit menunggu (salah satunya langsung bersama pria yang menawarkan bantuan kepada saya).

Singkat cerita, saya ditahan di ruang tunggu, dari jam 9 pagi sampai 1.30 siang. Saat hendak dibebaskan, petugas wanita itu menyuruh saya untuk tidak menggunakan telepon lagi sambil menunggu pemeriksaan imigrasi. Karena frustrasi ditahan begitu lama tanpa telepon dan paspor, saya menjawabnya dengan satu kata, ""mungkin"". Dia marah dan langsung menolak masuk saya. Saya bilang padanya, ""Tidak apa-apa. Kirim saja saya kembali ke Malaysia karena saya sudah lelah secara mental dan fisik karena menunggu.""

Sambil menunggu feri kembali, dia datang kepada saya dan meminta saya untuk menelepon keluarga saya. Rupanya, ketika petugas feri memberi tahu ibu saya bahwa saya akan dipulangkan karena perilaku ""tidak sopan"", ibu saya menanyakan nama petugas wanita itu kepada petugas feri, dan ingin melaporkannya karena tuduhan yang salah. Saya dituduh bermain ponsel meskipun sudah dua kali diperingatkan oleh petugas lain (padahal, saya sama sekali tidak diperingatkan atas pelanggaran tersebut). Kemudian dia mengizinkan saya masuk setelah mendengar bahwa ibu saya ingin melaporkannya atas kemungkinan tindakan korupsi dan salah tafsir (karena pukul 11.30 pagi waktu Batam, ibu saya masuk ke ruang tunggu untuk menemui saya, dan saya mengatakan kepadanya bahwa ada seorang pria lokal yang menawarkan bantuan kepada saya). Foto terakhir adalah pria yang menawarkan bantuan kepada saya, sedang berbincang dengan petugas wanita tersebut.

Postingan ini bukan untuk menuduh petugas tersebut melakukan tindakan korupsi, tetapi agar pengunjung lebih waspada terhadap kejadian ""pemeriksaan acak/penggunaan ponsel saat di imigrasi"" yang sering terjadi. Juga, agar pihak berwenang menyelidiki keberadaan pria yang menawarkan bantuan kepada saya di kantor Imigrasi Batam Center Ferry. Mengapa dia berada di kantor hampir sepanjang waktu? Juga kepada Ibu Cia, Anda telah membuat saya menunggu selama 4 jam seperti orang bodoh, dan Anda tidak pantas mendapatkan rasa hormat saya.",mungkin tindak suap korupsi jumat tiga ibu saudara laki laki libur pekan tiba pukul pagi tempat antre periksa atur roaming isi arrival voa panggil orang tugas imigrasi kantor ponsel ibu sama ambil tugas imigrasi sebut kemudian suruh tunggu kantor pukul pagi kira kira kantor layan tugas lihat tanya kamu ngapain tahu kemudian kata kepada ponsel ambil oleh kemudian kasar kata ha tahu kamu kamu tahu salah jawab tadi atur layan roaming isi voa kemudian beri tahu roaming laku imigrasi kemudian diam angguk pelan kemudian ruang hilang entah berapa tunggu tindak duduk kursi provokasi minta bebas percaya laku kerja kemudian orang pria duduk tepat belah tanya jadi kata kepada ponsel ambil tugas kemudian lembut kata tawar bantu curiga tawar rasa bantu serta tip samping jawab papa pria kemudian tinggal temu langgar langsung kala ruang ingat lama tunggu langgar bebas kurang tunggu satu langsung sama pria tawar bantu singkat cerita tahan pagi siang hendak bebas tugas wanita suruh guna telepon tunggu periksa imigrasi frustrasi tahan lama telepon jawab kata marah langsung tolak bilang pada kirim lelah mental fisik tunggu tunggu minta telepon keluarga rupa tugas beri tahu ibu pulang perilaku sopan ibu tanya nama tugas wanita tugas lapor tuduh tuduh main ponsel ingat tugas sama ingat langgar sebut kemudian izin dengar ibu lapor mungkin tindak korupsi tafsir pukul pagi ibu temu kata kepada orang pria lokal tawar bantu foto akhir pria tawar bantu bincang tugas wanita sebut postingan tuduh tugas sebut laku tindak korupsi unjung waspada jadi periksa acak guna ponsel imigrasi jadi pihak wenang selidik ada pria tawar bantu kantor imigrasi ada kantor hampir panjang ibu cia buat tunggu lama bodoh pantas dapat rasa hormat
Batam Centre Ferry Terminal,3 bintang,NETRAL,POSITIF,"Pelabuhan yang kompak dan efisien ini, menurut saya, PERLU direnovasi karena terasa sangat tua dan ketinggalan zaman. Meskipun begitu, pelabuhan ini berfungsi dengan baik, tidak ada kemacetan atau hambatan, tetapi akan lebih baik jika direnovasi dan ditambahkan jalur untuk imigrasi dan mungkin dipasang gerbang otomatis.",kompak efisien renovasi asa tua tinggal zaman fungsi baik macet hambat baik renovasi tambah jalur imigrasi pasang otomatis
Batam Centre Ferry Terminal,1 bintang,NEGATIF,NETRAL,Taksi pangkalan sukahati aj buat peraturan,pangkal sukahati aj atur
Batam Centre Ferry Terminal,4 bintang,POSITIF,NETRAL,Berangkat menuju Harbour Front Singapura dengan kapal speedboat tepat waktu,berangkat tuju front speedboat tepat
Batam Centre Ferry Terminal,5 bintang,POSITIF,NEGATIF,Oke,batas
Batam Centre Ferry Terminal,5 bintang,POSITIF,NETRAL,"Kalo hari biasa ok, tp kalo hari libur bikin sutris aja",biasa libur sutris
Batam Centre Ferry Terminal,4 bintang,POSITIF,NETRAL,Transit cepat keluar dari terminal,transit cepat
Batam Centre Ferry Terminal,5 bintang,POSITIF,NETRAL,Salah satu pelabuhan ferry di kota Batam dengan tujuan Singapore dan Johor Bahru (Malaysia).,johor bahru
Batam Centre Ferry Terminal,4 bintang,POSITIF,NETRAL,Sudah bisa ke Singapore skrg,
Batam Centre Ferry Terminal,5 bintang,POSITIF,NEGATIF,Upah,upah
Batam Centre Ferry Terminal,1 bintang,NEGATIF,NETRAL,"PETUGAS IMIGRASI KORUP DI TERMINAL FERI INI

Pada tanggal 21 Februari, saya dan keluarga berencana mengunjungi Batam, Indonesia. Liburan Tahun Baru Imlek baru saja berlalu, dan kami menginginkan liburan singkat dan tenang—dua hari istirahat dan jalan-jalan sebelum ibu saya kembali ke Filipina. Rencananya hanya untuk waktu keluarga yang sederhana.

Kami pemegang paspor Filipina - suami, saya, dan putri saya memiliki izin tinggal jangka panjang Singapura yang masih berlaku. Pemerintah Indonesia memberikan izin masuk bebas visa 30 hari bagi pemegang paspor Filipina. Kami memiliki tiket pulang pergi dalam jangka waktu yang diizinkan. Kami sudah memesan hotel. Semuanya berjalan lancar.

Namun, saat kami tiba di imigrasi Batam pada tanggal 21 Februari 2026, pukul 10.30 pagi waktu Indonesia, semuanya berubah.

Tiba-tiba kami ditahan dan diinterogasi. Petugas menuduh kami melakukan perjalanan ke Batam ""hanya untuk memperpanjang visa ibu saya di Singapura."" Tuduhan ini mengejutkan kami. Mengapa imigrasi Indonesia harus khawatir tentang kebijakan ICA Singapura? Kami memasuki Indonesia secara legal berdasarkan skema bebas visa Indonesia. Kami tidak tinggal melebihi batas waktu di mana pun. Kami tidak melanggar hukum Indonesia apa pun.

Meskipun menjelaskan bahwa ini adalah perjalanan liburan singkat 2 hari, kami diantar ke sebuah kantor untuk ""interogasi"" lebih lanjut.

Ruangan itu remang-remang dan tegang. Ada turis lain di dalam juga, termasuk pemegang paspor India yang juga tampak gelisah. Suasana terasa mengintimidasi. Pertanyaan diulang-ulang. Nada bicaranya menuduh, seolah-olah kami telah melakukan kesalahan.

Kemudian nada bicara petugas berubah.

Dia memberi tahu kami bahwa kami memiliki ""dua pilihan"":
1. Mengubah penerbangan ibu saya dan memesankan tiket kembali ke Filipina pada tanggal yang mereka inginkan.

2. Membayar SGD 150 sebagai ""denda"" karena ""transit"" di Batam.

Denda untuk pelanggaran apa? Tidak ada penjelasan yang jelas. Tidak ada pemberitahuan tertulis. Tidak ada tanda terima resmi yang disebutkan di muka. Tidak ada dakwaan resmi. Hanya dua ""pilihan.""

Mengapa imigrasi Indonesia harus menentukan kapan ibu saya terbang kembali ke Filipina? Mengapa ada ""denda"" padahal kami masih berada dalam aturan bebas visa Indonesia?

Saat itu, rasa takut menguasai kami. Kami berada di kantor imigrasi asing. Kami melihat bagaimana petugas berbicara kepada turis lain. Kami tidak tahu apa yang akan terjadi selanjutnya—apakah mereka akan menolak masuk? Membatalkan paspor kami? Memasukkan kami ke daftar hitam? Membuat komplikasi lebih lanjut untuk perjalanan kami?

Merasa terintimidasi dan tidak berdaya, dan ingin menghindari masalah lebih lanjut, kami setuju untuk membayar uang tersebut.

Apa yang seharusnya menjadi perjalanan keluarga yang santai berubah menjadi pengalaman yang sangat menegangkan dan meresahkan. Hal ini membuat para pelancong mempertanyakan:
1. Apakah perjalanan liburan singkat sekarang mencurigakan?

2. Apakah mengunjungi Batam setelah tinggal di Singapura secara otomatis dianggap sebagai pelanggaran?

3. Mengapa turis ditekan dengan ""denda"" yang tidak jelas tanpa pelanggaran tertulis yang jelas?

Pengalaman seperti ini merusak kepercayaan. Pariwisata berkembang berdasarkan keselamatan, keadilan, dan transparansi. Ketika para pelancong merasa terintimidasi atau ditekan tanpa dasar hukum yang jelas, hal itu menciptakan rasa takut—bukan kepercayaan diri.

Kami datang untuk beristirahat dan berwisata. Kami pergi dengan kekecewaan.

Ini kemungkinan akan menjadi kunjungan terakhir kami ke Batam.

Kepada sesama pelancong: selalu siapkan dokumen lengkap, pahami aturan visa Anda, dan tetap tenang—tetapi juga sadari hak-hak Anda. Liburan tidak seharusnya dimulai dengan rasa takut.",tugas imigrasi korup tanggal februari keluarga rencana unjung libur baru imlek baru lalu ingin libur singkat tenang istirahat ibu filipina rencana keluarga sederhana pegang filipina suami putri milik izin tinggal jangka panjang laku perintah beri izin bebas pegang filipina milik pulang jangka izin mes hotel semua jalan lancar tiba imigrasi tanggal februari pukul pagi semua ubah tiba tiba tahan interogasi tugas tuduh laku jalan panjang ibu tuduh kejut imigrasi khawatir bijak ica pasuk legal dasar skema bebas tinggal lebih batas langgar hukum jelas jalan libur singkat antar buah kantor interogasi lanjut ruang remang remang tegang turis masuk pegang india tampak gelisah suasana asa intimidasi tanya ulang ulang nada bicara tuduh olah laku salah kemudian nada bicara tugas ubah beri tahu milik pilih ubah terbang ibu mesan filipina tanggal ingin bayar sgd denda transit denda langgar jelas jelas pemberitahuan tulis tanda terima resmi sebut muka dakwa resmi pilih imigrasi tentu ibu terbang filipina denda ada atur bebas rasa takut kuasa ada kantor imigrasi asing lihat bagaimana tugas bicara turis tahu jadi lanjut tolak batal masuk daftar hitam buat komplikasi lanjut jalan rasa intimidasi daya hindar masalah lanjut tuju bayar sebut jadi jalan keluarga santai ubah jadi alam tegang resah buat lancong tanya jalan libur singkat curiga unjung tinggal otomatis anggap langgar turis tekan denda jelas langgar tulis jelas alam rusak percaya pariwisata kembang dasar selamat adil transparansi lancong rasa intimidasi tekan dasar hukum jelas cipta rasa takut percaya diri istirahat wisata kecewa mungkin jadi kunjung akhir sama lancong siap dokumen lengkap paham atur tetap tenang sadar hak hak libur mulai rasa takut
Batam Centre Ferry Terminal,5 bintang,POSITIF,NETRAL,Tembat keberangkatan ke singapore dan malaysia,tembat berangkat
Batam Centre Ferry Terminal,5 bintang,POSITIF,NETRAL,Tunggu COVID dan nanti akan dibuka.,covid buka
Batam Centre Ferry Terminal,4 bintang,POSITIF,NEGATIF,Sayang sekali tempat parkirnya tidak terlalu luas dan untuk sepeda motor terlalu sempit dan sulit untuk parkir di sana.. mohon perluas areanya,sayang parkir terlalu luas sepeda motor terlalu sempit sulit parkir mohon luas area
Batam Centre Ferry Terminal,3 bintang,NETRAL,POSITIF,"tempatnya nyaman, banyak ruko-ruko jika ingin membeli keperluan yang mendadak. ruang tunggu juga sudah ac dan nyaman. tapi pelayanannya agak kurang, kurang ramah lebih tepatnya, serta petugas keamanan yang perlu ditambah lagi",nyaman ruko ruko beli perlu dadak ac nyaman layan kurang kurang ramah tepat tugas aman tambah
Batam Centre Ferry Terminal,5 bintang,POSITIF,NEGATIF,Membersihkan,bersih
Batam Centre Ferry Terminal,3 bintang,NETRAL,NEGATIF,Banyak pungli,pungli
Batam Centre Ferry Terminal,4 bintang,POSITIF,NETRAL,Sudah pernah ke sini sekali,
Batam Centre Ferry Terminal,5 bintang,POSITIF,NETRAL,🎒 ke SG …,sg
Batam Centre Ferry Terminal,4 bintang,POSITIF,NEGATIF,"Overall bersih, parkir mahal. Member perbulan 100rb memberatkan karyawan",overall bersih parkir mahal member bulan rb berat karyawan
Batam Centre Ferry Terminal,3 bintang,NETRAL,POSITIF,Pelabuhan yang terhubung langsung dengan Mega mall sangat memudahkan penumpang.,hubung langsung mega mudah
Batam Centre Ferry Terminal,3 bintang,NETRAL,NEGATIF,"Pelabuhan nya sudah bagus, sayang nya yg petugas imigrasi nya songong2
Kita masuk mau kluar k malaysia atau k singapore, d tanya melebihi petugas imigrasi di Singapore dan Malaysia
Seolah d pikirnya semua orang yg masuk lewat sana pergi keluar negeri untuk bekerja
Dan saya juga pernah melihat orang2 yg di bawa k dalam kantor imigrasi, dimintai duit sm mereka, ternyata masih banyak pemalakan oleh petugas2 tersebut. Apakah gaji mereka tidak cukup untuk hidup mereka, smpe orang2 yg mau lewat aja dicari2 kesalahan nya, ada aja salah orang dibuat nya. Orang yg udah lengkap dokument pun malah d tanya pasport lama lah. Herann dehh
Saya pernah digituin jg, d pikirnya saya keluar2 untuk bekerja, hellooooowwww tuan tuan dan nyonya2 yg terhormat, gue k Singapore dan Malaysia beli barang
Dan keluarga gue d malaysia jg ada.
D Batam juga ada usaha, jadi jgn berpikir semua orang yg lewat buat bekerja dan cari uang keluar sana.
Jangan biasakan makan uang Haram buat keluarga, gk berkah kena sumpah serapah orang",bagus sayang tugas imigrasi songong kluar k k d lebih tugas imigrasi d pikir lewat negeri kerja lihat k kantor imigrasi minta duit sm nyata mala tugas sebut gaji hidup smpe lewat cari salah buat udah lengkap dokument malah d pasport lama lah herann dehh digituin d pikir kerja hellooooo tuan tuan nyonya hormat gue k keluarga gue d d usaha jgn pikir lewat kerja cari biasa makan haram keluarga berkah kena sumpah serapah
Batam Centre Ferry Terminal,3 bintang,NETRAL,POSITIF,"Waktu kunjungan: Desember 2024

Dibandingkan dengan pelabuhan Harbour Bay, pelabuhan ini lebih kecil, tetapi tidak kalah ramai karena melayani wilayah pusat pemerintahan Batam dan pemukiman di sekitarnya. Karena hal ini juga, ukuran terminal terasa terlalu kecil dan sumpek. Tidak terbayang seberapa kecil ruang tunggu pascapemeriksaan imigrasi - mungkin strategi menyempatkan waktu sesedikit mungkin hal yang baik jika berangkat dari pelabuhan ini. Proses pemeriksaan kedatangan imigrasi lancar dan efisien, tidak ada masalah - petugas bahkan mengajak bercanda sejenak, mungkin untuk melepaskan kejemuan pekerjaan yang repetitif.

Di dalam terminal pelabuhan, cukup banyak kios makanan dan tentunya suvenir, serta bahkan supermarket kecil. Bangunan terhubung langsung dengan mall besar melalui jembatan pejalan kaki. Cukup cari pintu akses di lantai dua bangunan pelabuhan, yang ditandai jelas.",kunjung desember banding kecil kalah ramai layan wilayah pusat perintah mukim sekitar ukur asa terlalu kecil sumpek bayang berapa kecil pascapemeriksaan imigrasi strategi sempat sedikit baik berangkat proses periksa datang imigrasi lancar efisien masalah tugas bahkan ajak canda jenak lepas jemu kerja repetitif kios makan tentu suvenir bahkan supermarket kecil bangun hubung langsung besar lalu jembatan pejal kaki cari pintu akses bangun tanda jelas
Batam Centre Ferry Terminal,3 bintang,NETRAL,NEGATIF,"Kenapa blm di bangun auto gate ya, lama bgt proses pengantrian imigrasi di hari ramai atau weekend",bangun auto lama proses antri imigrasi ramai weekend
Batam Centre Ferry Terminal,5 bintang,POSITIF,NETRAL,Pelabuhan Ferry Batam..,
Batam Centre Ferry Terminal,4 bintang,POSITIF,NEGATIF,Masih sepi,sepi
Batam Centre Ferry Terminal,5 bintang,POSITIF,NETRAL,Saya pernah nyebrang ke Singapur lewat sini,nyebrang singapur lewat
Batam Centre Ferry Terminal,5 bintang,POSITIF,NETRAL,Kedua kalinya ke Singapore,dua kali
Batam Centre Ferry Terminal,5 bintang,POSITIF,NETRAL,Tersedia kereta gantung setiap 20 menit untuk stasiun MRT HarbourFront dan Tanah Merah.,sedia kereta gantung stasiun mrt harbourfront tanah merah
Batam Centre Ferry Terminal,2 bintang,NEGATIF,POSITIF,"Seminggu di pulau Batam, Batam Center terbaik. mantap",minggu baik mantap
Batam Centre Ferry Terminal,5 bintang,POSITIF,NETRAL,Salah satu pelabuhan penyeberangan di wilayah batam menuju malaysia dan singapura,wilayah tuju
Batam Centre Ferry Terminal,4 bintang,POSITIF,NEGATIF,"Terminal feri internasional yang menghubungkan Singapura dan Malaysia, Area parkir mobil tidak memadai.",hubung parkir pada
Batam Centre Ferry Terminal,4 bintang,POSITIF,NEGATIF,Sibuk seperti biasa,sibuk biasa
Batam Centre Ferry Terminal,4 bintang,POSITIF,NETRAL,Untuk yang mau nebrang dari batam ke malaysia atau pun ke singapur guya,nebrang singapur guya
Batam Centre Ferry Terminal,4 bintang,POSITIF,NETRAL,Pernah antar pesanan kesini,antar pesan kesini
Batam Centre Ferry Terminal,4 bintang,POSITIF,NEGATIF,Pengunjung sangat ramai namun areal parkir tidak memadai,unjung ramai areal parkir pada
Batam Centre Ferry Terminal,1 bintang,NEGATIF,NETRAL,"Taksi Online gak dibolehkan masuk padahal kota pariwisata, jadi harus jalan keluar sendiri",online boleh pariwisata sendiri
Batam Centre Ferry Terminal,1 bintang,NEGATIF,NETRAL,Lewat pelabuhan harbour bay atau Sekupang saja,lewat
Batam Centre Ferry Terminal,5 bintang,POSITIF,NETRAL,Jembatan penghubung antara pelabuhan dengan megamall batam. Naik 1 lantai dri kedatangan menuju mall.,jembatan hubung megamall dri datang tuju
Batam Centre Ferry Terminal,3 bintang,NETRAL,NEGATIF,"Nah, seperti yang sudah diketahui oleh seluruh dunia, staf pemerintah Indonesia memiliki beberapa masalah dalam melayani masyarakat. Jadi, mari kita bersyukur atas 'manajemen perubahan' yang lambat ini. Setidaknya mereka berubah :D",nah tahu seluruh dunia staf perintah milik masalah layan masyarakat syukur manajemen ubah lambat ubah d
Batam Centre Ferry Terminal,4 bintang,POSITIF,NEGATIF,Penuh sesak,penuh sesak
Batam Centre Ferry Terminal,5 bintang,POSITIF,NETRAL,Pelabuhan laut dari batam ke singapura maupun ke malaysia,maupun
Batam Centre Ferry Terminal,4 bintang,POSITIF,NETRAL,Penyeberangan ke negara tetangga Malaysia dan singapura,negara tetangga
Batam Centre Ferry Terminal,5 bintang,POSITIF,NETRAL,Bisa langsung ke singapore dengan jangka waktu 1 jam,langsung jangka
Batam Centre Ferry Terminal,4 bintang,POSITIF,NEGATIF,"Pelabuhannya bagus, tetapi tempat parkir sepeda motornya tidak terorganisir.",labuh bagus parkir sepeda motor organisir
Batam Centre Ferry Terminal,1 bintang,NEGATIF,NETRAL,Tidak disediakan troli untuk membawa barang bawaan,sedia troli bawa bawa
Batam Centre Ferry Terminal,5 bintang,POSITIF,NETRAL,Pelabuhan jurusan indonesia singapura dan malaysia,jurus
Batam Centre Ferry Terminal,5 bintang,POSITIF,NETRAL,Ferry internasional Batam Centre Point,point
Batam Centre Ferry Terminal,3 bintang,NETRAL,POSITIF,"susah sekali untuk parkir, area parkir cukup luas tapi kebanyakan taxi jadi selalu penuh dan harus muter2 berulang kali untuk dapat parkiran, untuk infrastruktur sudah cukup bagus dan tertata, ada akses jembatan ke megamall.",susah parkir parkir luas banyak penuh muter ulang parkir infrastruktur bagus tata akses jembatan megamall
Batam Centre Ferry Terminal,1 bintang,NEGATIF,NETRAL,"Kumuh
Satpam minta gang rokok ke agen travel",kumuh satpam gang rokok agen
Batam Centre Ferry Terminal,3 bintang,NETRAL,POSITIF,"keren
banget",keren
Batam Centre Ferry Terminal,3 bintang,NETRAL,NEGATIF,"Fasilitasnya sedikit lebih baik daripada terminal keberangkatan di Johor Bahru, namun antrean saat kedatangan sangat mengerikan. Ada sekitar sepuluh meja tetapi hanya lima karyawan yang melayani lebih dari 200 orang yang menunggu dalam antrean. Seharusnya mereka mempekerjakan lebih banyak orang selama jam sibuk. Tapi tidak dalam situasi ini. Mereka sangat lambat, seolah-olah tidak ada hari esok.",fasilitas sedikit baik berangkat johor bahru antre datang keri puluh meja lima karyawan layan tunggu antre kerja lama sibuk situasi lambat olah esok
Batam Centre Ferry Terminal,3 bintang,NETRAL,POSITIF,"2025.03 Ulasan ini untuk Executive Lounge, Terminal Feri Batam Centre:

Staf di sini akan menyalin e-tiket Anda, pergi ke operator feri dan mengambil boarding pass Anda. Jika Anda menginginkannya, mereka juga akan membawa paspor Anda ke konter imigrasi dan memproses keberangkatan Anda. Semua ini dilakukan sambil Anda bersantai di kursi yang nyaman. Setelah pengumuman boarding, mereka akan mengantar Anda ke tangga tempat kapal menunggu. 17 tahun yang lalu, saya adalah pelanggan tetap di sini saat bepergian bolak-balik ke Johor. Saat itu, tersedia beragam makanan yang lezat, beberapa hidangan hangat yang cukup untuk makan siang. Sayangnya, sekarang hanya tersedia teh, kopi, kue bolu, dan biskuit, jadi harganya cukup terjangkau, hanya sekitar Rp80.000, atau mungkin tidak. Toiletnya perlu direnovasi agar setara dengan standar Mega Mall.",ulas executive lounge staf salin e operator ambil boarding pass ingin bawa imigrasi proses berangkat laku santa kursi nyaman umum boarding antar tangga tunggu langgan tetap pergi bolak balik johor sedia agam makan lezat hidang hangat makan siang sayang sedia teh kopi kue bolu biskuit harga jangkau rp toilet renovasi tara standar mega
Batam Centre Ferry Terminal,4 bintang,POSITIF,NETRAL,terminal ferry tersibuk dibatam,sibuk dibatam
Batam Centre Ferry Terminal,5 bintang,POSITIF,NETRAL,"Assalamualaikum, bolehkah saya bertanya?",assalamualaikum boleh tanya
Batam Centre Ferry Terminal,5 bintang,POSITIF,NEGATIF,Sayang nya di saat rame parkiran menumpuk,sayang rame parkir tumpuk
Batam Centre Ferry Terminal,5 bintang,POSITIF,NETRAL,Tampilan atas,tampil
Batam Centre Ferry Terminal,5 bintang,POSITIF,NEGATIF,Pelabuhan nya sederhana tetapi kota nya akan jauh lebih tidak sederhana dari apa yang kita lihat,sederhana jauh sederhana
Batam Centre Ferry Terminal,3 bintang,NETRAL,NEGATIF,"- Mba petugas imigrasi di hr senin, 15.08.2022 sekira pukul 15.20 an wib pelayanannya kurang menyenangkan, bikin kesel,  kita mau pergi jalan² ke malaysia, tp dpt pertanyaan yang di putar², dan terkesan tidak percaya dgn jawaban yg di berikan, sampe menunjukan bukti yg sudah cukup jelas (tiket PP, hotel, grup chat,)  juga masi dpt pertanyaan yang mau diputar², sehingga cukup lama berdiri di depan meja cuma buat dapatin cap keberangkatan. Akhirnya si dapat juga cap keberangkatan di pasport.

- tgl 17.02.2024
Setelah sekian lama, akhirnya lewat pelabuhannya batam centre lagi, sudah ada autogate (sepertinya masi terbatas untuk yg ke singapura saja), ada petugas yg membantu/mengarahkan. Kali ini dapat petugas yang cukup ramah.",mba tugas imigrasi hr senin sekira pukul wib layan kurang senang kesel dpt tanya putar kes percaya jawab ikan sampe tunjuk bukti jelas pp hotel grup chat mas dpt tanya putar lama diri meja dapatin cap berangkat akhir si cap berangkat pasport tgl sekian lama akhir lewat labuh autogate seperti mas batas tugas bantu arah tugas ramah
Batam Centre Ferry Terminal,3 bintang,NETRAL,NEGATIF,"Pelayanan tiket bagus, kemarin beli tiket ferry majestic.
Sayang toiletnya kurang terawat",layan bagus kemarin majestic sayang toilet kurang awat
Batam Centre Ferry Terminal,5 bintang,POSITIF,NETRAL,Waktu aku pulang dari singapore,pulang
Batam Centre Ferry Terminal,5 bintang,POSITIF,NEGATIF,Akses keluar untuk pejalan kaki agak susah terlebih kalo bawa koper,akses pejal kaki susah lebih koper
Batam Centre Ferry Terminal,5 bintang,POSITIF,NETRAL,"pelabuhan internasional tujuan singapura dan malaysia, ada ATM dan money change.",atm money change
Batam Centre Ferry Terminal,3 bintang,NETRAL,NEGATIF,Biase je lah,normal
Batam Centre Ferry Terminal,5 bintang,POSITIF,NETRAL,Tolong no tlp toko penjual kue lapus dan bika ambon yang di dalam pelabuhan dunk.,tlp toko jual kue lapus bika ambon dunk
Batam Centre Ferry Terminal,1 bintang,NEGATIF,POSITIF,Meh,meh
Batam Centre Ferry Terminal,4 bintang,POSITIF,NEGATIF,Lokasi parkiran sempit,parkir sempit
Batam Centre Ferry Terminal,4 bintang,POSITIF,NEGATIF,Karena pandemi pelabuhan tidak ada AC dan elevator. Harus panas panasan dan naik tangga.,pandemi ac elevator panas panas tangga
Batam Centre Ferry Terminal,3 bintang,NETRAL,NEGATIF,"Di pelabuhan ini tukang pengurus paspor yang mau nyebrang ke Malaysia, ada yang Bernama teguh ngak?",tukang urus nyebrang nama teguh ngak
Batam Centre Ferry Terminal,3 bintang,NETRAL,NEGATIF,Pelayanan publik khusus parkir sangat buruk taxi semberaut parkir.mohon ditata agar nyaman,layan publik khusus parkir buruk semberaut parkir mohon tata nyaman
Harbour Bay Ferry Terminal,3 bintang,NETRAL,NEGATIF,Sedih melihat tempat yang bagus namun terbengkalai dan tidak terawat dengan baik...,sedih lihat bagus bengkalai awat baik
Harbour Bay Ferry Terminal,4 bintang,POSITIF,NETRAL,Keluar untuk menyegarkan diri,segar diri
Harbour Bay Ferry Terminal,1 bintang,NEGATIF,POSITIF,Pelabuhannya elegan,labuh elegan
Harbour Bay Ferry Terminal,5 bintang,POSITIF,NEGATIF,Ini pilihan saya dibandingkan dengan terminal feri Batam Centre yang sangat ramai. Di sini lebih sepi dan transaksinya lancar.,pilih banding ramai sepi transaksi lancar
Harbour Bay Ferry Terminal,1 bintang,NEGATIF,POSITIF,"- Tempat check in sharus nya pas masuk area terminal  area keberangkatan , bukan di lantai 2 supaya penumpang tidak bolak balik

- Sebaiknya VIP lounges bisa digunakan at least 1 jam 30 menit sebelum keberangkatan , bukan 30 menit sebelum nya baru d perbolehkan masuk ke VIP room nya

- Pengalaman saya sejauh ini di berbagai tempat yg pernah saya kunjungi, selalu di sedia in tempat buat Tas Tangan biar tidak kotor ato rusak saat melewati x-ray checking, sayang nya di sini tidak tersedia

- luggage buat VIP class, seharus nya priority , jd gk harus nggu sampe smua penumpang lain habis baru laguge VIP class muncul, dan ini selalu terjadi di sini
- Ini smua pendapat saya saja, kurang lebih mohon maaf",check sharus pas berangkat bolak balik baik vip lounges guna least berangkat baru d boleh vip room alam jauh bagai kunjung sedia tas tangan kotor ato rusak lewat x ray checking sayang sedia luggage vip class harus priority jd nggu sampe smua habis baru laguge vip class muncul jadi smua dapat kurang mohon maaf
Harbour Bay Ferry Terminal,4 bintang,POSITIF,NEGATIF,Pelabuhan ferry yang cukup besar tetapi sepi.,besar sepi
Harbour Bay Ferry Terminal,5 bintang,POSITIF,NETRAL,Batam,
Harbour Bay Ferry Terminal,4 bintang,POSITIF,NEGATIF,Karena covid dan penyebrangan ke Malaysia dan Singapura ditutup jadi sepi,covid penyebrangan tutup sepi
Harbour Bay Ferry Terminal,3 bintang,NETRAL,NEGATIF,Sepi sejak pandemi,sepi sejak pandemi
Harbour Bay Ferry Terminal,3 bintang,NETRAL,NEGATIF,"Toilet nya bau, semoga di mengerti lagi",toilet bau moga erti
Harbour Bay Ferry Terminal,5 bintang,POSITIF,NETRAL,"Pengalaman di Johor Bahru, Malaysia",alam johor bahru
Harbour Bay Ferry Terminal,2 bintang,NEGATIF,POSITIF,"Saya terkejut Horizon Ferry tidak menyediakan opsi pembayaran kartu kredit/debit atau QRS. Hanya menerima uang tunai 😂. ​​Saya terburu-buru membeli tiket dengan waktu tersisa 20 menit, jadi saya harus bergegas ke lantai pertama mencari mesin ATM.

Untungnya, frekuensi feri mereka di pagi hari adalah setiap 30 menit hingga 1 jam, jadi jika Anda bangun terlambat dan terburu-buru kembali ke Singapura untuk bekerja di pagi hari, ini bisa menjadi pilihan.

Tiket feri sekali jalan ke Singapura adalah IDR 515.000. Pembayaran hanya tunai.",kejut horizon sedia opsi bayar kartu kredit debit qrs terima tunai buru buru beli sisa gegas pertama cari mesin atm untung frekuensi pagi hingga bangun lambat buru buru kerja pagi jadi pilih idr bayar tunai
Harbour Bay Ferry Terminal,4 bintang,POSITIF,NETRAL,Pelabuhan penumpang yang maau ke singapura,maau
Harbour Bay Ferry Terminal,5 bintang,POSITIF,NETRAL,Pelabuhan utk menyeberang ke Singapore dan Malaysia sert ke Karimun,utk seberang sert karimun
Harbour Bay Ferry Terminal,4 bintang,POSITIF,NEGATIF,Siip,siip
Harbour Bay Ferry Terminal,4 bintang,POSITIF,NETRAL,Pintu masuk keluar pulau Batam ke Singapura,pintu
Harbour Bay Ferry Terminal,5 bintang,POSITIF,NEGATIF,mantap,padat
Harbour Bay Ferry Terminal,5 bintang,POSITIF,NETRAL,Terminal feri Harbour Bay mulai beroperasi kembali setelah 2 tahun...,mulai operasi
Harbour Bay Ferry Terminal,5 bintang,POSITIF,NETRAL,Terminal Feri Internasional,
Harbour Bay Ferry Terminal,4 bintang,POSITIF,NEGATIF,Ruang tunggu di dalam lebih bagus. Petunjuk arah kurang jd adikiy agak bingung bagivyg prtma kali,bagus tunjuk arah kurang jd adikiy bingung bagivyg prtma
Harbour Bay Ferry Terminal,4 bintang,POSITIF,NEGATIF,Harganya terlalu mahal; tepat waktu itu positif.,harga terlalu mahal tepat positif
Harbour Bay Ferry Terminal,4 bintang,POSITIF,NETRAL,Tidak ada lift untuk orang tua,lift tua
Harbour Bay Ferry Terminal,5 bintang,POSITIF,NEGATIF,Salju,salju
Harbour Bay Ferry Terminal,5 bintang,POSITIF,NETRAL,Ini adalah layanan feri dari Johor Baru ke Pulau Batam,layan johor baru
Harbour Bay Ferry Terminal,3 bintang,NETRAL,POSITIF,"Tempat ini menarik. Ada tempat makan setelah prosedur bea cukai. Butuh waktu untuk memproses bagasi dari feri karena mesin pemindai yang sama digunakan untuk bagasi kabin.
Ada tempat penukaran mata uang di sini.
Pastikan untuk naik taksi keluar dari kompleks. Berjalan kaki keluar dari kompleks membutuhkan waktu cukup lama dan mengarah ke jalan utama yang berbahaya untuk diseberangi.",tarik makan prosedur bea cukai butuh proses mesin pindai sama guna kabin tukar mata pasti kompleks jalan kaki kompleks butuh lama arah utama bahaya rang
Harbour Bay Ferry Terminal,3 bintang,NETRAL,POSITIF,Tempat pelabuhan ferry ke tanjung balai dan singapore serta malaysis.byk makanan di sini,balai malaysis byk makan
Harbour Bay Ferry Terminal,5 bintang,POSITIF,NETRAL,"pelabuhan internasional di batam,tepatnya dekat pelabuhan batu ampar.",tepat dekat batu ampar
Harbour Bay Ferry Terminal,3 bintang,NETRAL,POSITIF,"Hanya ada 1 operator untuk rute Harbour Front (Singapura) ke Harbour Bay (Batam), jadi tidak terlalu fleksibel. Horizon Fast Ferry selalu mengalami keterlambatan waktu keberangkatan saat berada di Harbour Front (Singapura). Karena lokasinya yang strategis dan dekat dengan hotel tempat saya menginap, saya selalu kembali ke Harbour Bay.",operator rute front terlalu fleksibel horizon fast alami lambat berangkat ada front lokasi strategis dekat hotel inap
Harbour Bay Ferry Terminal,3 bintang,NETRAL,POSITIF,Bagus dan bersih,bagus bersih
Harbour Bay Ferry Terminal,3 bintang,NETRAL,NEGATIF,"Terminal & pelayanan ok. Sayangnya penjaga box parkir songong² gaya nya, tak ada ramah² nya walau disapa dan saya bilang terima kasih malah buang muka. Itu perlu diperbaiki karena ini pelabuhan internasional, walau mungkin turis² tidak berinteraksi langsung dgn  penjaga box parkir.",layan sayang jaga box parkir songong gaya tak ramah sapa bilang terima malah buang muka baik turis interaksi langsung jaga box parkir
Harbour Bay Ferry Terminal,3 bintang,NETRAL,POSITIF,Loket pelayanannya mudah ditemukan.,layan mudah temu
Harbour Bay Ferry Terminal,3 bintang,NETRAL,NEGATIF,Kurangnya petunjuk.,kurang tunjuk
Harbour Bay Ferry Terminal,3 bintang,NETRAL,POSITIF,Butuh lebih banyak daya tarik,butuh daya tarik
Harbour Bay Ferry Terminal,4 bintang,POSITIF,NETRAL,Akhirnya direnovasi setelah beberapa tahun,akhir renovasi
Harbour Bay Ferry Terminal,4 bintang,POSITIF,NEGATIF,tertata rapi.. tetapi sangat sepi,tata rapi sepi
Harbour Bay Ferry Terminal,5 bintang,POSITIF,NEGATIF,Padat,padat
Harbour Bay Ferry Terminal,3 bintang,NETRAL,POSITIF,"Ada Starbucks untuk menikmati kopi atau sepotong kue sambil menunggu feri Anda. Ada juga pilihan makanan lainnya. Di gedung yang sama, Hotel Marriott akan segera beroperasi.",starbucks nikmat kopi potong kue tunggu pilih makan lain gedung sama hotel marriott segera operasi
Harbour Bay Ferry Terminal,5 bintang,POSITIF,NETRAL,Pelabuhan fave se-Batam.,fave se
Harbour Bay Ferry Terminal,5 bintang,POSITIF,NETRAL,"Ada beberapa ferry di tempat ini, sebelum covid digunakan untuk menyeberang ke SG.",covid guna seberang sg
Harbour Bay Ferry Terminal,2 bintang,NEGATIF,POSITIF,"Di dalam lumayan rapi dan adem di luar ga lebih baik dari terminal bis, semrawut, penunjuk arah kurang. 🙈 …",lumayan rapi adem baik bis semrawut tunjuk arah kurang
Harbour Bay Ferry Terminal,5 bintang,POSITIF,NEGATIF,Oh,
Harbour Bay Ferry Terminal,3 bintang,NETRAL,NEGATIF,Penumpang ga diizinin masuk keruang tunggu sampe kapalnya udah nyandar di pelabuhan,diizinin ruang sampe kapal udah nyandar
Harbour Bay Ferry Terminal,5 bintang,POSITIF,NETRAL,Sayang taksi online tak bisa jemput penumpang didalam lokasi,sayang online tak jemput dalam
Harbour Bay Ferry Terminal,3 bintang,NETRAL,POSITIF,Betapa indahnya pemandangan matahari terbenam!,betapa indah pandang matahari benam
Harbour Bay Ferry Terminal,5 bintang,POSITIF,NETRAL,Mau ke Tanjung Balai Jarimun..masih teringat ama harbour bay,balai jarimun ingat ama
Harbour Bay Ferry Terminal,5 bintang,POSITIF,NETRAL,Terminal Feri,
Harbour Bay Ferry Terminal,4 bintang,POSITIF,NETRAL,Perlu lebih banyak tempat duduk di ruang keberangkatan.,duduk berangkat
Harbour Bay Ferry Terminal,5 bintang,POSITIF,NETRAL,"Mal, hotel, dan terminal feri terintegrasi.",mal hotel integrasi
Harbour Bay Ferry Terminal,3 bintang,NETRAL,POSITIF,"Salah satu pelabuhan penyeberangan utama di Batam selain pelabuhan Sekupang. Sebelum pandemi, pelabuhan ini sangat ramai baik oleh penumpang maupu  oleh aktivitas bisnis dan wisata.

Namun setelah pandemi, layanan pelabuhan ini sepeti kolaps, servis tetap berjalan namun sangat minim. Penerangan kurang, eskalator mati (mgkin utk penghematan) and the worse is toilet, jorok, rusak & tidak ada petugas yg membersihkan (yes, the 3 star is for the toilet).

Oh ya..selama pandemi jadwal penyeberangan ke TBK menjadi 3 kali sehari yaitu jam 09.00, 15.00 dan 17.00.",utama pandemi ramai baik maupu aktivitas bisnis wisata pandemi layan sepet kolaps servis tetap jalan minim terang kurang eskalator mati mgkin utk hemat worse toilet jorok rusak tugas bersih yes star toilet lama pandemi jadwal tbk jadi hari
Harbour Bay Ferry Terminal,4 bintang,POSITIF,NETRAL,Tugas pam lebaran,pam lebaran
Harbour Bay Ferry Terminal,5 bintang,POSITIF,NETRAL,dapat menggunakan gerbang otomatis dan pelabuhan yang tidak terlalu ramai,guna otomatis terlalu ramai
Harbour Bay Ferry Terminal,3 bintang,NETRAL,POSITIF,"Tempatnya santai, ditepi laut",santai tepi
Harbour Bay Ferry Terminal,3 bintang,NETRAL,POSITIF,Nyaman,nyaman
Harbour Bay Ferry Terminal,4 bintang,POSITIF,NEGATIF,Tempat ini kekurangan fasilitas umum seperti toilet dan ruang sholat.,kurang fasilitas umum toilet sholat
Harbour Bay Ferry Terminal,5 bintang,POSITIF,NETRAL,"Pelabuhan ferry habourbay melayani tujuan :
Singapore
Tanjung balai karimun
Tembilahan",habourbay layan balai karimun tembilahan
Harbour Bay Ferry Terminal,3 bintang,NETRAL,NEGATIF,ok lah....cuma bingungin untuk yg pertama tentang pake ferry.,lah bingungin pertama pake
Harbour Bay Ferry Terminal,4 bintang,POSITIF,NEGATIF,"Tempat baru, tidak banyak orang.",baru
Harbour Bay Ferry Terminal,3 bintang,NETRAL,POSITIF,"Sangat ramai saat akhir pekan. Antriannya terlalu panjang sampai pinggangku mau patah. Pos pemeriksaan imigrasi kecil. AC-nya tidak terlalu bagus. Untungnya musim hujan, jadi tidak terlalu panas.",ramai pekan antri terlalu panjang pinggang patah pos periksa imigrasi kecil ac terlalu bagus untung musim hujan terlalu panas
Harbour Bay Ferry Terminal,3 bintang,NETRAL,NEGATIF,Toilet kotor,toilet kotor
Harbour Bay Ferry Terminal,5 bintang,POSITIF,NETRAL,Pelabuhan domestik dibatam yang banyak digunakan oleh turis lokal dan luar negeri,dibatam guna turis lokal negeri
Harbour Bay Ferry Terminal,5 bintang,POSITIF,NETRAL,pelabuah  international dekat dengan hotel,pelabuah dekat hotel
Harbour Bay Ferry Terminal,5 bintang,POSITIF,NETRAL,Semakin banyak toko yang dibuka.,makin toko buka
Harbour Bay Ferry Terminal,5 bintang,POSITIF,NETRAL,salah satu pelabuhan menuju Singapura,tuju
Harbour Bay Ferry Terminal,3 bintang,NETRAL,NEGATIF,Tempat tunggu penumpang sebelum masuk ke ruang keberangkatan terlalu sedikit. Kasihan yg bw org tua dan anak2 gak dpt duduk.,berangkat terlalu sedikit kasihan bw org tua anak dpt duduk
Harbour Bay Ferry Terminal,4 bintang,POSITIF,NEGATIF,Tempat bgus.. Cma belum sempurna.. Ad sebagian bangunan blm selesai,bagus cma sempurna ad bagi bangun selesai
Sekupang Ferry Terminal,4 stars,POSITIF,NEGATIF,Clean...,bersih
Sekupang Ferry Terminal,5 stars,POSITIF,NETRAL,More new F&B for departing passengers to relax before their ferry schedule,fb baru berangkat santa jadwal
Sekupang Ferry Terminal,3 stars,NETRAL,POSITIF,Starting to get quiet,mulai jadi tenang
Sekupang Ferry Terminal,5 stars,POSITIF,NEGATIF,"It's already good, like an airport, only the baggage claim has not been perfected yet.",bagus bandara ambil bagasi sempurna
Sekupang Ferry Terminal,5 stars,POSITIF,NETRAL,Online cars can come in and pick up passengers,online jemput
Sekupang Ferry Terminal,5 stars,POSITIF,NETRAL,Stopping by in Batam first,mampir dulu
Sekupang Ferry Terminal,1 star,NEGATIF,POSITIF,"Come on, like Harbour Bay, welcome online motorcycle taxis... it's international, you know.",ayo selamat ojek online lho
Sekupang Ferry Terminal,4 stars,POSITIF,NEGATIF,Don't come too close to the time you want to leave so you don't miss it.,terlalu dekat berangkat lewat
Sekupang Ferry Terminal,5 stars,POSITIF,NEGATIF,far from Batam city center.,jauh pusat
Sekupang Ferry Terminal,3 stars,NETRAL,POSITIF,"The ferry terminal is quite messy. There are a lot of people with different departure time mixing up together. All the people just squeeze in front of custom. There is no clear instruction. For the custom people, they are nice and highly efficient.",beranta berangkat beda campur desa bea cukai instruksi jelas bea cukai baik efisien
Sekupang Ferry Terminal,5 stars,POSITIF,NETRAL,New port with new facilities.,baru fasilitas baru
Sekupang Ferry Terminal,4 stars,POSITIF,NEGATIF,"Big, clean, but a bit disorganized.",besar bersih organisir
Sekupang Ferry Terminal,3 stars,NETRAL,POSITIF,"The view is beautiful, but the toilets and arrangement of the traders are still far from neat and clean.",pandang indah toilet tata dagang jauh kata rapi bersih
Sekupang Ferry Terminal,5 stars,POSITIF,NETRAL,"take Batam Batam Jet, departs at 07.30",take jet departs
Sekupang Ferry Terminal,5 stars,POSITIF,NETRAL,"Shipping port in Batam, for those who want to cross to the island of Sumatra",layar seberang sumatera
Sekupang Ferry Terminal,3 stars,NETRAL,POSITIF,Small yet functional ferry terminal. One of the closest to Spore compare with the rest of the terminal. Have some cafe for you to take a quick bite if hungry. You van buy the La Moist kuih lapis here as well.,kecil fungsional dekat spora banding lain milik kafe makan sebentar lapar beli la kuih lapis lembab
Sekupang Ferry Terminal,5 stars,POSITIF,NEGATIF,"The port facilities are comfortable and guarantee the safety of visitors, but the parking system for motor vehicles at the domestic terminal needs to be improved, especially since many cars are parked haphazardly in the area around the passenger drop-off area. If necessary, remove one of the tires if they continue to be stubborn.",fasilitas nyaman jamin selamat unjung sistem parkir kendara motor tingkat parkir sembarang turun bila lepas ban bandel
Sekupang Ferry Terminal,1 star,NEGATIF,POSITIF,"Why are there men in the women's restroom? Why not just hire a female cleaning service so that we, the women who use the women's restroom, can feel safe with a female cleaning service?",toilet wanita laki sewa jasa cleaning service wanita wanita guna toilet wanita rasa aman ada jasa cleaning service wanita
Sekupang Ferry Terminal,5 stars,POSITIF,NETRAL,Batam Domestic Ferry Terminal & To SGD,sgd
Sekupang Ferry Terminal,1 star,NEGATIF,NETRAL,please activate PETRUS.,aktif petrus
Sekupang Ferry Terminal,5 stars,POSITIF,NETRAL,This port serves ships to several islands near Batam. It's busy during business hours.,layan dekat sibuk
Sekupang Ferry Terminal,4 stars,POSITIF,NEGATIF,The ship is small..,kapal kecil
Sekupang Ferry Terminal,3 stars,NETRAL,NEGATIF,"I think its pretty good
Just, the worker meant to pick up luggage
Dont they get paid from the company?
They would ask $1 from all of the tourists for their luggages. If we have to pay, we will have to pay In Singapore as well, but i dont think so since its a package from the ferry.
I mean its not much but hello~~
Thats just getting extra money, hope someone looks for it.",pikir bagus kerja maksud ambil bukankah bayar usaha minta turis bayar bayar turut paket maksud halo dapat tambah moga cari
Sekupang Ferry Terminal,5 stars,POSITIF,NETRAL,"Hello, is Sekupang International Port still open? How can I book a ferry ticket?",halo buka bagaimana mes
Sekupang Ferry Terminal,4 stars,POSITIF,NETRAL,The port is in the process of being developed to be more systematic in terms of parking and domestic passenger registration.,proses kembang sistematis parkir registrasi
Sekupang Ferry Terminal,5 stars,POSITIF,NETRAL,Trans Batam is a cheap transportation from Sekupang ferry port to Batam city center.,trans transportasi murah pusat
Sekupang Ferry Terminal,3 stars,NETRAL,POSITIF,It looks better now,lihat baik
Sekupang Ferry Terminal,3 stars,NETRAL,POSITIF,Pretty good,bagus
Sekupang Ferry Terminal,5 stars,POSITIF,NETRAL,domestic and international ferry terminals,
Sekupang Ferry Terminal,5 stars,POSITIF,NETRAL,Domestic port in Batam.,
Sekupang Ferry Terminal,1 star,NEGATIF,NETRAL,Taxy nya bar bar,bar bar taxinya
Sekupang Ferry Terminal,3 stars,NETRAL,NEGATIF,"Too many ticket checks, beyond the airport, porters also no reasonable price table",terlalu periksa portir bandara tabel harga akal
Sekupang Ferry Terminal,5 stars,POSITIF,NETRAL,Stopping by on the way to Seraya Island,mampir jalan tuju
Sekupang Ferry Terminal,4 stars,POSITIF,NETRAL,There are special domestic destinations and small islands,khusus pulau kecil
Sekupang Ferry Terminal,4 stars,POSITIF,NEGATIF,"It's starting to feel more comfortable, with no one shouting to offer tickets anymore. But during boarding, there's still shouting, not from an official officer calling over the speaker.",mulai asa nyaman teriak tawar boarding teriak tugas resmi panggil lewat speaker
Sekupang Ferry Terminal,5 stars,POSITIF,NETRAL,Can we do the visa on arrival in the port when we came from singapour? Can we go to rempang from the port?,bisa laku datang singapur bisa rempang
Sekupang Ferry Terminal,1 star,NEGATIF,NETRAL,"Here, if you want to take an online taxi, you have to go outside.",sini online
Sekupang Ferry Terminal,4 stars,POSITIF,NEGATIF,The terminal is good. Service is fast. There's an elevator to take luggage to the second floor. The fast boats often don't stick to schedules and are often late. But why are taxis in Batam restricted? Bluebirds aren't allowed in. And many of the taxis available there are inadequate.,bagus layan cepat lift bawa fast boat sesuai jadwal telat batas bluebirds boleh sedia pada
Sekupang Ferry Terminal,5 stars,POSITIF,NETRAL,"Sekupang Batam Fast Ferry Port, Riau Islands.",fast riau islands
Sekupang Ferry Terminal,5 stars,POSITIF,NETRAL,Many ships head to Riau and the remote islands of the Riau Islands.,tuju riau pulau pencil pulau riau
Sekupang Ferry Terminal,5 stars,POSITIF,NETRAL,Sekupang ferry terminal,
Sekupang Ferry Terminal,5 stars,POSITIF,NETRAL,They are 2 Ferry terminal in sekupang. The first one is for domestic ferry. For the parking price is 2.000 rupiah / car. The ferry service route is for some island in riau island province and also riau province. The second one is for international ferry. The ferry service route is to singapore which the price now on may 2023 is arround 700.000 rupiahs or 70Sgd,pertama harga parkir rupiah rute layan provinsi pulau riau provinsi riau dua rute layan harga mei rupiah sgd
Sekupang Ferry Terminal,3 stars,NETRAL,POSITIF,"A clean and comfortable port. It serves as an entry and exit point for people entering Batam City and leaving it for surrounding islands or long-distance travel to other Indonesian provinces, including those heading to Singapore and Malaysia.
Parking is available for cars and motorcycles. Public transportation such as taxis and motorcycle taxis is also available within the port area. Trans Batam is also available for affordable transportation.",bersih nyaman fungsi pintu masyarakat pasuk tuju pulau sekitar jalan jarak jauh provinsi masuk tuju sedia parkir sepeda motor angkut umum ojek sedia trans sedia transportasi jangkau
Sekupang Ferry Terminal,4 stars,POSITIF,NETRAL,"Sorry, I want to ask, is there a ship departure to Tanjung Priuk from Sekupang?",maaf tanya berangkat priuk
Sekupang Ferry Terminal,5 stars,POSITIF,NEGATIF,"To the Head of the Sekupang Batam Ferry Port, please do not give to sellers of medicines or facial whiteners. We are very disturbed by the pressure to buy. Thank you.",kepala mohon beri jual obat mutih wajah ganggu desa beli terima
Sekupang Ferry Terminal,5 stars,POSITIF,NEGATIF,Kwkwkwkwkw,kwkwkwkwkw
Sekupang Ferry Terminal,5 stars,POSITIF,NETRAL,"Been here 3 years ago, really improved alot in terms of the building layout and carpark.",ada tahun benar tingkat tata letak bangun parkir
Sekupang Ferry Terminal,1 star,NEGATIF,POSITIF,"Nothing much
Just a harbour",dar
Sekupang Ferry Terminal,4 stars,POSITIF,NEGATIF,Joss,sial
Sekupang Ferry Terminal,1 star,NEGATIF,POSITIF,"Expensive ferry tickets and manual bookings seem to be keeping up with the current online era. We're very complacent in our comfort zone. Hopefully, in the future, we can make a breakthrough to simplify online ticket booking. For transportation from this location, you still have to book a conventional taxi. Online taxis can't pick up passengers yet due to their status as base taxis, which still charge expensive fares. Again, I'm just saying, hopefully, taxis will improve and keep up with the times.",mahal booking manual seperti ikut era online lena zona nyaman moga depan laku terobos mudah mesan online transportasi mes konvensional online jemput status pangkal kena tarif mahal bilang moga makin maju ikut kembang zaman
Sekupang Ferry Terminal,3 stars,NETRAL,NEGATIF,"It Much Better from the Old Ferry Terminal,
The Most Disturbing things are the Taxi Drivers, keep Swarming back and forth.
Second thing is The Parking Fee, it should be Free within 15 Minutes, but we were asked to Pay during the Entrance. SOMEONE HAS TO SAY SOMETHING.",jauh baik lama ganggu supir kerumun bolak-balik dua biaya parkir gratis minta bayar pintu orang kata
Sekupang Ferry Terminal,3 stars,NETRAL,POSITIF,Reasonable,wajar
Sekupang Ferry Terminal,4 stars,POSITIF,NETRAL,"Batam Ferry Terminal, Indonesia. Service between Singapore and Indonesia.",layan
Sekupang Ferry Terminal,3 stars,NETRAL,NEGATIF,The terminal very super hot....the air conditioner not working. This second time we be here no air conditioning at all. Don't have any air at all. 🙄🙄🙄🙄 …,panas ac fungsi dua kali ac sama udara sama
Sekupang Ferry Terminal,4 stars,POSITIF,NEGATIF,its ok but they dont allow grab to take passanger here,apa izin bawa
Sekupang Ferry Terminal,5 stars,POSITIF,NETRAL,Sekupang Batam to Singapore,
Sekupang Ferry Terminal,3 stars,NETRAL,POSITIF,Terminal looks quite old as compared to Harbour Bay,lihat tua banding
Sekupang Ferry Terminal,5 stars,POSITIF,NETRAL,"Sekupang Port departs for Guntung there are several ships: Rahmat Jaya, Mega Fajar, Marina and Carorina.",departs guntung several ships rahmat jaya mega fajar marina carorina
Sekupang Ferry Terminal,5 stars,POSITIF,NETRAL,Domestic and international port passenger departure and disembarkation points,titik berangkat turun
Sekupang Ferry Terminal,4 stars,POSITIF,NETRAL,The taxi doesn't use a meter,guna meter
Sekupang Ferry Terminal,5 stars,POSITIF,NEGATIF,Cool,dingin
Sekupang Ferry Terminal,5 stars,POSITIF,NEGATIF,"Good domestic and international, but if you are looking for Gojek or Grab, it is difficult, you have to wait for the busway.",baik cari gojek grab susah nunggu busway
Sekupang Ferry Terminal,5 stars,POSITIF,NETRAL,"If you want to go to Dumai or Buton, you have to go through here. The ticket price for Batam - Dumai is IDR 390,000 as of November 1, 2019.",dumai buton lewat harga dumai idr per november
Sekupang Ferry Terminal,4 stars,POSITIF,NETRAL,"Batam Inter-Island Ferry Passenger Port,,,,, With Increasingly Improved Facilities",antar fasilitas makin tingkat
Sekupang Ferry Terminal,3 stars,NETRAL,NEGATIF,"Clean, well maintained with air conditioned waiting room and smoking area. Quite comfortable. One thing when you guys brings baggage with you never let anyone try to be kind to help you for the lift, they are the porter n will claim you at the end. Bring all your belonging with you for your security nener trust anyone who are pretending so kind to help you. Keep safe n secure....ask any information to the ones with formal uniform or officer.",bersih awat ber-ac rokok nyaman bawa bagasi biar coba baik hati bantu lift porter akhir minta bawa milik aman nener percaya pura baik bantu tetap aman lindung tanya informasi seragam formal tugas
Sekupang Ferry Terminal,5 stars,POSITIF,NETRAL,Bon voyage Sekupang International Ferry Terminal place covenant drop off back home toTiban were I stay..if your staycation at KTM Resort do drop at Sekupang International Ferry Terminal just nearby or just beside the terminal there is a domestic ferry terminal to Balakeng Padang or any island in Batam Kepulauan Riau,selamat janji antar rumah totiban inap staycation resor ktm dekat samping balakeng padang pulau riau
Sekupang Ferry Terminal,5 stars,POSITIF,NETRAL,Thank you to the management. Buying tickets is now easier via Livin' Mandiri.,terima pihak manajemen beli kini mudah lalu livin mandiri
Sekupang Ferry Terminal,5 stars,POSITIF,NETRAL,There are already grab points,poin
Sekupang Ferry Terminal,3 stars,NETRAL,POSITIF,"The facilities are good, but getting onto the ship needs to be evaluated because you have to go down the stairs and it's quite a long walk to the pier, especially for the elderly and children.",fasilitas bagus evaluasi turun tangga kaki dermaga lumayan jauh utama tua anak
Sekupang Ferry Terminal,3 stars,NETRAL,NEGATIF,"Not as busy as Batam Ferry Terminal but slow processing our passport and this was due to Singaporeans having to fill up an electronic application. The process wasn’t clear enough. Otherwise, this may be an option to via to get to Batam.",sibuk lambat proses sebab warga isi aplikasi elektronik proses jelas tidak pilih lalu
Sekupang Ferry Terminal,5 stars,POSITIF,NETRAL,Is there a departure from Batam to Selat Panjang on September 3rd?,berangkat selat panjang tanggal september
Sekupang Ferry Terminal,5 stars,POSITIF,NEGATIF,Yasmin muhamed6793,yasmin muhamed
Sekupang Ferry Terminal,4 stars,POSITIF,NEGATIF,Improve a lot but still have some more room for improvement. You need to buy the ticket on the second floor and then need to go to first floor for waiting the departure. And you need to pay more attention since there’s no info on the screen about the departure instead of someone will call for boarding and you need to queuing but with no orderly. This what should be improved as this terminal was totally changed compared to 3-5 years before.,kembang baik beli kemudian tunggu berangkat perhati info layar berangkat malah orang panggil antri tertib tingkat ubah total banding tahun belum
Sekupang Ferry Terminal,5 stars,POSITIF,NEGATIF,"Not so crowded
Nice
Clean
Beautiful

Weakness : far from city.",ramai bagus bersih cantik lemah jauh
Sekupang Ferry Terminal,3 stars,NETRAL,NEGATIF,"the port is uncomfortable, the facilities need to be updated",labuh nyaman fasilitas baru
Sekupang Ferry Terminal,4 stars,POSITIF,NEGATIF,Clean. But there's a lot of traffic from the entrance to the departure gate. It's not very efficient.,bersih lintas pintu berangkat efisien
Sekupang Ferry Terminal,4 stars,POSITIF,NETRAL,crossing to Batam,seberang
Sekupang Ferry Terminal,3 stars,NETRAL,NEGATIF,"indonesia immigration here is slow with so many incoming tourists in line, only few officers operating at the time of our visit",imigrasi sini lambat banyak wisatawan antre sedikit tugas operasi kunjung
Sekupang Ferry Terminal,4 stars,POSITIF,NETRAL,It takes approximately 40 minutes to reach the passenger terminal where you can travel comfortably between Singapore and Batam Island.,butuh capai laku jalan nyaman
Sekupang Ferry Terminal,5 stars,POSITIF,NETRAL,Trans,trans
Telaga Punggur Ferry Terminal,3 bintang,NETRAL,NEGATIF,"Padahal ketempat keberangkatan dekat,  tp berputar2.  Capek deh klo bawa anak kecil dan barang.",tempat berangkat dekat putar capek anak kecil
Telaga Punggur Ferry Terminal,5 bintang,POSITIF,NETRAL,"Pelabuhan yang bisa ke Tanjung Pinang, Tanjung Uban(Bintan), Daik, Sei Tenam, Dabo Singkep(Lingga)",daik sei tenam dabo singkep lingga
Telaga Punggur Ferry Terminal,4 bintang,POSITIF,NEGATIF,Buat pengunjung pelabuhan harap berhati-hati menggunakan transportasi umum didaerah ini. Sebaiknya gunakan transportasi umum resmi Trans Batam. Hindari ojek pangkalan atau taksi pangkalan yg memasang tarif sesuka hati. Jangan mengorder Ojek online atau taksi online karena akan mengakibatkan keributan dan ketidaknyamanan.,unjung harap hati hati guna transportasi umum daerah baik guna transportasi umum resmi trans hindar ojek pangkal pangkal pasang tarif suka hati order ojek online online akibat ribut ketidaknyamanan
Telaga Punggur Ferry Terminal,4 bintang,POSITIF,NEGATIF,"Kalo hujan, utk parkiran mobil hadehh hancurrr. Tanah kuning semua. Yg lain goodlah",hujan utk parkir hadehh hancurrr tanah kuning goodlah
Telaga Punggur Ferry Terminal,3 bintang,NETRAL,NEGATIF,Pelabuhannya padat dan perlu di upgrade atau di renovasi,labuh padat upgrade renovasi
Telaga Punggur Ferry Terminal,2 bintang,NEGATIF,POSITIF,Makanan dan minuman relatif terjangkau...ada mushalla buat sholat.,makan minum relatif jangkau mushalla sholat
Telaga Punggur Ferry Terminal,3 bintang,NETRAL,POSITIF,"Fasilitas lengkap, proses chek in mudah, keberangkatan tepat waktu. Hanya saja kapal yg fasilitasnya harus dimaksimalkan lagi, karena AC sempat sedikit panas.",fasilitas lengkap proses chek mudah berangkat tepat fasilitas maksimal ac sempat sedikit panas
Telaga Punggur Ferry Terminal,3 bintang,NETRAL,NEGATIF,"No comment-lah, secara standarisasi cukup baik tapi masih harus banyak diperbaiki terutama budaya kerja dan hal"" yang berkaitan dengan kualitas layanan dan kenyamanan konsumen.",comment lah standar baik baik utama budaya kait kualitas layan nyaman konsumen
Telaga Punggur Ferry Terminal,5 bintang,POSITIF,NETRAL,"Salah satu pelabuhan domestik di Batam, tujuan tanjung pinang, Kuala enok, Dabo singkep, Tanjung uban, lobam, dll",kuala enok dabo singkep lobam
Telaga Punggur Ferry Terminal,5 bintang,POSITIF,NEGATIF,Sudah lebih baik. Tapi pengelola tidak bijak dalam mengatur arus masuk dan keluar kendaraan yg mengakibatkan antri TERLALU LAMA. Tidak profesional.,baik kelola bijak atur arus kendara akibat antri terlalu lama profesional
Telaga Punggur Ferry Terminal,3 bintang,NETRAL,NEGATIF,"Untuk parkiran nya gak ikuti aturan perda tentang parkir yg 15 menit pertama free,bukan masalah 2000 nya tapi tentang aturan apalagi pelabuhan BP Batam sendiri",parkir ikut atur perda parkir pertama free masalah atur bp sendiri
Telaga Punggur Ferry Terminal,5 bintang,POSITIF,NEGATIF,Pelayanannya sudah mulai bagus dan fasilitas semakin baik namun sepertinya manajemen pelabuhannya kurang optimal,layan mulai bagus fasilitas makin baik seperti manajemen labuh kurang optimal
Telaga Punggur Ferry Terminal,3 bintang,NETRAL,POSITIF,"Kurang teratur dan kurang rapi.

Baiknya disediakan lift untuk mempermudah dan membuat nyaman pengunjung karena … Lainnya",kurang atur kurang rapi baik sedia lift mudah buat nyaman unjung lain
Telaga Punggur Ferry Terminal,4 bintang,POSITIF,NEGATIF,Lumayan bagus tapi fasilitas parkir masih kurang,lumayan bagus fasilitas parkir kurang
Telaga Punggur Ferry Terminal,3 bintang,NETRAL,POSITIF,"Pelabuhan sudah modern, ada liftnya, WC-nya juga bersih...",modern lift wc bersih
Telaga Punggur Ferry Terminal,5 bintang,POSITIF,NETRAL,Kalau mau ke Tanjungpinang dan Tanjung Uban PP lewat di sini,pp lewat
Telaga Punggur Ferry Terminal,3 bintang,NETRAL,POSITIF,Lumayan rapi lah,rapi
Telaga Punggur Ferry Terminal,2 bintang,NEGATIF,NETRAL,Tiket kapal ro-ro menuju Kuala Tungkal dibilang habis lalu disarankan beli kepada agen di area itu juga,ro ro tuju kuala tungkal bilang habis saran agen
Telaga Punggur Ferry Terminal,4 bintang,POSITIF,NEGATIF,"Fasilitas nyaa masih kurang,untuk keparkiran nya terlalu jauh, dan untuk ketempat bus way nya jauh  juga, kasian yang bawak barang banyak liftnyaa juga kurang.",fasilitas nyaa kurang parkir terlalu jauh tempat bus way jauh kasi bawak liftnyaa kurang
Telaga Punggur Ferry Terminal,5 bintang,POSITIF,NETRAL,Pelabuhan Ferry Telaga Punggur di Kota Batam kepulauan Riau melayani jalur domestik ke Tanjung Uban serta Tanjung Pinang juga disampingnya ada pelabuhan penyeberangan Roro,pulau riau layan jalur samping
Telaga Punggur Ferry Terminal,4 bintang,POSITIF,NEGATIF,Sebenarnya bagus cuman kalo mau keluar susah bisa salah arah karena gak ada petunjuknya,benar bagus cuman susah arah tunjuk
Telaga Punggur Ferry Terminal,5 bintang,POSITIF,NETRAL,Pelabuhan terdekat menuju pulau bintan,dekat tuju
Telaga Punggur Ferry Terminal,4 bintang,POSITIF,NETRAL,"Dua bulan yang lalu, ...menyeberang ke Tanjung Pinang dari Terminal Ferry Telaga Punggur ...waktu tempuh sekitar 1 jam",seberang tempuh
Telaga Punggur Ferry Terminal,4 bintang,POSITIF,NEGATIF,"Salah satu terminal ferry yang sibuk di batam, lewat terminal ini kita bisa ke tanjung pinang, uban, dll. Minus nya /Kendala nya disini kita tidak bisa menggunakan atau mengorder ojek atau taxi online, dikarena kan ada nya larangan sepihak … Lainnya",sibuk lewat minus kendala sini guna order ojek online karena larang pihak lain
Telaga Punggur Ferry Terminal,3 bintang,NETRAL,POSITIF,"Berusaha untuk memperjuangkan, moga keberkahan yg kita harapkan....",usaha juang moga berkah harap
Telaga Punggur Ferry Terminal,3 bintang,NETRAL,POSITIF,Lumayan bagus. Tapi ya gitu² aja modelnya. Kalo dari loket tiket mau ke dermaga ferry harus tawaf dulu. Muter² melewati dua eskalator. Padahal ada shortcut yg bisa langsung ke gate boarding pass.,lumayan bagus gitu model dermaga tawaf dulu muter lewat eskalator shortcut langsung boarding pass
Telaga Punggur Ferry Terminal,5 bintang,POSITIF,NETRAL,Terima kasih kepada Pengelola. Sekarang beli tiket lebih mudah via Livin' Bank Mandiri.,terima kelola mudah via livin bank mandiri
Telaga Punggur Ferry Terminal,4 bintang,POSITIF,NETRAL,Terminal pelabuhan domestik utk tujuan batam ke daerah lain di wilayah kepri,utk daerah wilayah kepri
Telaga Punggur Ferry Terminal,4 bintang,POSITIF,NEGATIF,Gedung megah... Cuma kurang tertata,gedung megah kurang tata
Telaga Punggur Ferry Terminal,3 bintang,NETRAL,NEGATIF,"Aturan kurang ketat dalam pembelian tiket,, masih banyak calo yg dpt membuat kapal over kapasitas.. semoga kedepannya lebih baik dan teratur..",atur kurang ketat beli calo dpt buat kapasitas moga depan baik atur
Telaga Punggur Ferry Terminal,4 bintang,POSITIF,NETRAL,Pelabuhan yg menghubungkan batam.dengan tanjung pinang,hubung
Telaga Punggur Ferry Terminal,3 bintang,NETRAL,POSITIF,Lebih ditingkatkan lagi pelayanannya,tingkat layan
Telaga Punggur Ferry Terminal,5 bintang,POSITIF,NETRAL,Tempat penyebrangan dari batam. Kebetulan saya kemarin ke tj. Pinang.,penyebrangan betul kemarin tj
Telaga Punggur Ferry Terminal,3 bintang,NETRAL,NEGATIF,"Bangunan bagus tetapi SDM dan perawatan pengelolaan pelabuhanya kurang professional sehingga seperti bangunan bintang 5 tapi dikelola operator bintang 2, semoga diperbaiki segera",bangun bagus sdm awat kelola pelabuhanya kurang professional bangun bintang kelola operator bintang moga baik segera
Telaga Punggur Ferry Terminal,5 bintang,POSITIF,NETRAL,"Terminal Ferry Telaga Punggur berlokasi di daerah Kabil Batam, pelabuhan domestik ini bersebelahan dengan pelabuhan kapal Roro.",lokasi daerah kabil bahan
Telaga Punggur Ferry Terminal,4 bintang,POSITIF,NEGATIF,Masih belum selesai pembangunannya sehingga masih belum tertata rapi...,selesai bangun tata rapi
Telaga Punggur Ferry Terminal,3 bintang,NETRAL,NEGATIF,gag ada tmpat duduk,gag tmpat duduk
Telaga Punggur Ferry Terminal,2 bintang,NEGATIF,NETRAL,Ke Pinang dan Uban. Proyek masih berjalan,proyek jalan
Telaga Punggur Ferry Terminal,4 bintang,POSITIF,NETRAL,"Mo ke bintan, tj pinang",bintang tj
Telaga Punggur Ferry Terminal,3 bintang,NETRAL,NEGATIF,"Saat ini sudah nyaman di bagian dalam, hanya parkirnya masih ruwet.",nyaman bagi parkir ruwet
Telaga Punggur Ferry Terminal,4 bintang,POSITIF,NETRAL,Salah satu pelabuhan Domestik di Batam yang melayani rute Batam - Tanjung Pinang (Tanjung Pinang - Batam) dari Batam - Tanjung Uban( PP) Batam - Dabo (PP),layan rute pp dabo pp
Telaga Punggur Ferry Terminal,3 bintang,NETRAL,NEGATIF,Nyari transportasi online susah Krn sdh d kuasai taksi lokal,nyari transportasi online susah sdh d kuasa lokal
Telaga Punggur Ferry Terminal,3 bintang,NETRAL,NEGATIF,"Petugas kurang ramah,..",tugas kurang ramah
Telaga Punggur Ferry Terminal,5 bintang,POSITIF,NETRAL,"Jetty to Bintan/Tanjungpinang
Pelabuhan ferry jurusan tanjungpinang speedboat jurusan tanjung uban",jetty jurus speedboat jurus
Telaga Punggur Ferry Terminal,4 bintang,POSITIF,NEGATIF,"Bagus, tapi kurang ATM. Pernah agak 'sial' di sini.",bagus kurang atm sial
Telaga Punggur Ferry Terminal,4 bintang,POSITIF,NEGATIF,Ke area parkir Jauh Kalo bawa barang berat,parkir jauh berat
Telaga Punggur Ferry Terminal,4 bintang,POSITIF,NETRAL,"Secara umum sudah ok, lengkap petunjuk nya, sip sih",umum lengkap tunjuk sip
Telaga Punggur Ferry Terminal,5 bintang,POSITIF,NETRAL,"Terimaksih menunggu, *speed terakhir *🤭 …",terimaksih tunggu speed akhir
Telaga Punggur Ferry Terminal,3 bintang,NETRAL,NEGATIF,"Dalemnya semakin bagus, tp luarnya masih perlu dibenahi",dalem makin bagus luar benah
Telaga Punggur Ferry Terminal,5 bintang,POSITIF,NEGATIF,"Ampun Ojek sini pada maksa, saran transportasi umum mending langsung ke damri aja",ampun ojek maksa saran transportasi umum mending langsung damri
Telaga Punggur Ferry Terminal,3 bintang,NETRAL,NEGATIF,Parkiran susah,parkir susah
Telaga Punggur Ferry Terminal,3 bintang,NETRAL,NEGATIF,Susah bawak barang banyak klw lewt jenjang manual,susah bawak lewt jenjang manual
Telaga Punggur Ferry Terminal,5 bintang,POSITIF,NETRAL,Mau kesini lagi,kesini
Telaga Punggur Ferry Terminal,3 bintang,NETRAL,NEGATIF,"Tempatnya lumayan, lokasi parkir belum tertata rapi msh becek.",lumayan parkir tata rapi msh becek
Telaga Punggur Ferry Terminal,5 bintang,POSITIF,NETRAL,Pengalaman pertama di pelabuhan batam menuju tanjung pinang,alam pertama tuju
Telaga Punggur Ferry Terminal,4 bintang,POSITIF,NEGATIF,Tempatnya hampir menyamai bandara. Cuma sekarang kan lagi perbaikan ataupun renovasi jadi tempat parkir masih becek dan kotor. Jadi kalau kita parkir motor di pelabuhan dan naik pas ketemu hari abis hujan sendal ataupun sepatu kita akan kotor.  Itu aja sih. Kalau ada yang salah tolong di maafkan. Maav cuma itu foymtonya. Hehehe,hampir sama bandara baik atau renovasi parkir becek kotor parkir motor pas ketemu abis hujan sendal atau sepatu kotor maaf maav foymtonya hehehe
Telaga Punggur Ferry Terminal,5 bintang,POSITIF,NEGATIF,"Agak sedikit kecewa sama supir taksinya, terlalu arogan. Mungkin bisa dikasih masukan dari pihak pelabuhannya biar kitanya juga enak dan gak takut buat milih naik taksi dari pelabuhan. Mungkin bisa dicontoh pelabuhan di pinang, ada tuh counter buat mesan taksi jadi gak semrawut",sedikit kecewa sama supir taksi terlalu arogan kasih masuk pihak labuh kita enak takut milih contoh tuh mesan semrawut
Telaga Punggur Ferry Terminal,3 bintang,NETRAL,POSITIF,Bangunannya masih dalam tahap renovasi. Tapi so far terminal ferry ini sgt bagus.,bangun tahap renovasi far sgt bagus
Telaga Punggur Ferry Terminal,4 bintang,POSITIF,NETRAL,"Miss fasilitas untuk makan, kedepannya di harapkan ada",miss fasilitas makan depan harap
Telaga Punggur Ferry Terminal,3 bintang,NETRAL,POSITIF,Masih banyak yang harus di benahi..,benah
Telaga Punggur Ferry Terminal,5 bintang,POSITIF,NETRAL,"Juli 2021;
Masuk langsung diminta tes Genose di tempat (bila kita belum ada melakukan). Kemudian seperti biasa, beli tiket, boarding pass, cek tiket, masuk ferry.",juli langsung minta tes genose bila laku kemudian biasa boarding pass cek
Telaga Punggur Ferry Terminal,3 bintang,NETRAL,NEGATIF,Masih dalam tahap finishing sehingga masih belum nyaman,tahap finishing nyaman
Telaga Punggur Ferry Terminal,5 bintang,POSITIF,NEGATIF,"mantap, tapi terlalu dibuat pusing dengan jalannya",mantap terlalu buat pusing jalan
Telaga Punggur Ferry Terminal,5 bintang,POSITIF,NETRAL,Akses ke Berbagai Pulau di Kepri,akses bagai kepri
Telaga Punggur Ferry Terminal,3 bintang,NETRAL,NEGATIF,"Tarif taxi counter nya mahal bro dan seharusnya bus DAMRI / Trans Batam dikasi masuk ke dalam area pelabuhan, bukannya diluar... capek jalannya 😥 untuk fasilitas pelabuhan sudah cukup bagus walaupun saat ini masih dalam tahap renovasi 👍 …",tarif mahal bro bus damri trans kasi bukan luar capek jalan fasilitas bagus tahap renovasi
Telaga Punggur Ferry Terminal,3 bintang,NETRAL,POSITIF,"Lokasi yang sedang dilakukan renovasi, menjadikan kawasan pelabuhan menjadi semrawut.",laku renovasi jadi kawasan jadi semrawut
Telaga Punggur Ferry Terminal,3 bintang,NETRAL,NEGATIF,"Sudah lumayan, tapi dibeberapa point mesti ada perbaikan atau peningkatan lagi.
Space parkir sangat sedikit untuk ukuran pelabuhan utama antar pulau",lumayan beberapa point mesti baik tingkat space parkir sedikit ukur utama antar
Telaga Punggur Ferry Terminal,3 bintang,NETRAL,NEGATIF,"Parkir mobil disini masih sembraut
Parkir suka suka yg kendaraan, kadang utk 3 mobil d pake sm mereka jadi dua mobil karna letak mobil nya gk teratur, berjarajk bs nyampe 2 mter
Klu bs kasih garis utk 1 mobil gtu, jadi orang gk parkir suka2 mereka",parkir sini sembraut parkir suka suka kendara utk d pake sm letak atur berjarajk bs nyampe mter klu bs garis utk gtu parkir suka
Telaga Punggur Ferry Terminal,5 bintang,POSITIF,NEGATIF,Masih Sepi Penumpang yang disaat new normal,sepi saat new normal
Telaga Punggur Ferry Terminal,4 bintang,POSITIF,NEGATIF,"Ini salah satu pelabuhan yg melayani rute penyebrangan ke berbagai pulau dari batam.lebih banyak rute kapal dari sini.
Sayang nya taksi pangkalan yang ada disini sangat"" arogan.",layan rute penyebrangan bagai rute sayang pangkal sini arogan
Telaga Punggur Ferry Terminal,5 bintang,POSITIF,NETRAL,Tempat para perantau datang dan pulang,rantau pulang
Telaga Punggur Ferry Terminal,3 bintang,NETRAL,NEGATIF,Tempat belum siap untuk pelayanan karena mati lampu tidak ada genset yg dihidupkan,siap layan mati lampu genset hidup
Telaga Punggur Ferry Terminal,4 bintang,POSITIF,NETRAL,"Terminal Fery khusus penumpang ke Tanjung pinang, sebelumnya sempat kesasar ke terminal Fery khusus kendaraan 😄😁 … Lainnya",fery khusus belum sempat kesasar fery khusus kendara lain
Telaga Punggur Ferry Terminal,5 bintang,POSITIF,NEGATIF,Tempatnya nyaman.tapi sopir taksinya pasang harga tinggi.jd byk yg order taksi online yg lebih murah.giliran penumpang order taksi online di permasalahkan.tolong dong klau gk mau penumpang order taksi online...jangan pasang harga tinggi.macam meras org.apalagi kalau tau bukan warga batam.mereka ambil kesempatan.,nyaman sopir taksi pasang harga tinggi jd byk order online murah gilir order online masalah klau order online pasang harga tinggi macam ras org tau warga sempat
Telaga Punggur Ferry Terminal,5 bintang,POSITIF,NEGATIF,"Pelabuhan kapal Ferry untuk angkutan penumpang saja,  yang menghubungkan kota Batam dengan kota-kota lain di wilayah provinsi kepulauan Riau. Baru direnovasi jadi lebih megah, namun proyeknya belum 100% selesai, malah terhenti.",angkut hubung wilayah provinsi pulau riau baru renovasi megah proyek selesai malah henti
Telaga Punggur Ferry Terminal,5 bintang,POSITIF,NETRAL,Pelabuhan di batam untuk bawa kendaraan mobil/ sepeda motor dari batam-bintan PP,kendara sepeda motor pp
Telaga Punggur Ferry Terminal,2 bintang,NEGATIF,NETRAL,Masih butuh banyak perbaikan,butuh baik
Telaga Punggur Ferry Terminal,4 bintang,POSITIF,NEGATIF,"Pelayanan tiketingnya bagus.. Dan kapal berangkat tepat waktu.
yang gak bagus di luar terminal banyak supir taksi yg berkeliaran cari penumpang dengan agak maksa.",layan tiketingnya bagus berangkat tepat bagus supir liar cari maksa
Telaga Punggur Ferry Terminal,5 bintang,POSITIF,NETRAL,Klw mau ke Anambas jangan dari sini. Kapal ke Anambas adanya dari Tanjung pinang,anambas anambas ada
Telaga Punggur Ferry Terminal,4 bintang,POSITIF,NETRAL,Pelabuhan telaga punggur naik ferry oceanna menuju tg pinang,oceanna tuju tg
Telaga Punggur Ferry Terminal,4 bintang,POSITIF,NEGATIF,Tempat belum sepenuh nya selesai pembangunan,sepenuh selesai bangun
Telaga Punggur Ferry Terminal,3 bintang,NETRAL,POSITIF,"Pelabuhan jurusan Tanjung Pinang. Ada dua jenis kapal: kapal penumpang dan kapal Roro harga 150 ribu utk yg bawa kendaraan. Yg kapal Roro, pelabuhannya terpisah agak naik ke atas. Yg di sini kapal penumpang, berangkat tiap 15 menit, … Lainnya",jurus jenis harga ribu utk kendara labuh pisah berangkat tiap lain
Telaga Punggur Ferry Terminal,4 bintang,POSITIF,NEGATIF,pelayanan mereka nggk pake perasaan ..kurang sabar 🥺 …,layan nggk pake asa kurang sabar
Telaga Punggur Ferry Terminal,2 bintang,NEGATIF,NETRAL,"Tempat pelabuan domestik batam.. Tanjung Pinang, uban, dabok, anambas dan wilayah kepri lainnya",labu dabok anambas wilayah kepri lain
Telaga Punggur Ferry Terminal,4 bintang,POSITIF,NEGATIF,"Menyenangkan . . .  Bersih dan rapi . . .
Tapi loketnya kok selalu membingungkan ya",senang bersih rapi loket bingung
Telaga Punggur Ferry Terminal,3 bintang,NETRAL,NEGATIF,Pelabuhan penghubung Bintan Batam. Ga nyaman dg penjual tiketnya. Berisik.,hubung nyaman dg jual tiket berisik
Telaga Punggur Ferry Terminal,5 bintang,POSITIF,NETRAL,"terminal penyebrangan ke pulau bintan, tersedia kapal roro dan speed.",penyebrangan sedia speed
Telaga Punggur Ferry Terminal,4 bintang,POSITIF,NEGATIF,Kenangan nyebrang dr batam ke buton yg melelahkan .hmmm,kenang nyebrang dr buton lelah hmmm
Telaga Punggur Ferry Terminal,3 bintang,NETRAL,NEGATIF,"Naik Ferry dari Telaga Punggur ke Tg Uban Cukup 15 Menit Harga Tiket hanya 64.500 / Orang , Antrian Cepat , cuma kapal nya agak delay kemudian Penumpang melebihi kapasitas dan tidak dapat tempat duduk, kemudian berbahaya karena tidak di … Lainnya",tg harga antri cepat delay kemudian lebih kapasitas duduk kemudian bahaya lain
Telaga Punggur Ferry Terminal,3 bintang,NETRAL,NEGATIF,Tempat parkir motor masih acak2an,parkir motor acak
Telaga Punggur Ferry Terminal,5 bintang,POSITIF,NETRAL,Tempat utk penyeberangan ke Pulau Bintan....,utk
Telaga Punggur Ferry Terminal,5 bintang,POSITIF,NETRAL,Ferry ke Tanjung Pinang,
Telaga Punggur Ferry Terminal,3 bintang,NETRAL,POSITIF,Sudah Lumayan Bagus,lumayan bagus
Telaga Punggur Ferry Terminal,5 bintang,POSITIF,NETRAL,"Pelabuhan ini menghubungkan Pulau Batam- Tanjung Uban -Tanjung Pinang, Kepulau Riau. … Lainnya",hubung pulau riau lain
Telaga Punggur Ferry Terminal,5 bintang,POSITIF,NETRAL,Diatas KMP BARAU sesaat sebelum sailling dr Pelabuhan Telaga Punggur...,atas kmp barau saat sailling dr
Telaga Punggur Ferry Terminal,5 bintang,POSITIF,NETRAL,Kalo mau nyebrang harus pake barcode app peduli lindungi ato kartu vaksin kalo g ada cukup unjukkan KTP. Dah beres,nyebrang pake barcode app peduli lindung ato kartu vaksin g unjuk ktp dah beres
Telaga Punggur Ferry Terminal,3 bintang,NETRAL,POSITIF,"Cukup baik,beda dg 10thn yll tertata rapi.",baik beda dg thn yll tata rapi
Telaga Punggur Ferry Terminal,5 bintang,POSITIF,NETRAL,Terminal domestik batam tg pinang,tg
Telaga Punggur Ferry Terminal,5 bintang,POSITIF,NETRAL,"Tujuan pinang, tg. Uban, dabo singkep,  natuna, roro Kuala tungkal Jambi,",tg dabo singkep natuna kuala tungkal jambi
Telaga Punggur Ferry Terminal,4 bintang,POSITIF,NETRAL,Sedang ada pembangunan fasilitas layanan agar suasana pelabuhan lebih kondusif,bangun fasilitas layan suasana kondusif
Telaga Punggur Ferry Terminal,3 bintang,NETRAL,POSITIF,Dermaga lumayan ramai lalin nya,dermaga lumayan ramai lalin
Telaga Punggur Ferry Terminal,4 bintang,POSITIF,NETRAL,Baik nya ditambah penataan dermaga dan informasi kapal yang akan berangkat.,baik tambah tata dermaga informasi berangkat
Telaga Punggur Ferry Terminal,5 bintang,POSITIF,NEGATIF,semoga pihak pemerintah menertibkan parkir2 disekitar terminal dan taxi di pelabuhan. karena membuat tidak nyaman,moga pihak perintah tertib parkir sekitar buat nyaman
Telaga Punggur Ferry Terminal,4 bintang,POSITIF,NEGATIF,"Pelabuhan dan fasilitasnya sudah terlihat mewah dan bagus, Hanya masih terlalu banyak space kosong jadi terlihat sepi",fasilitas lihat mewah bagus terlalu space kosong lihat sepi
Telaga Punggur Ferry Terminal,4 bintang,POSITIF,NEGATIF,Da mulai tertata tapi fasilitas baru byk da tak berfungsi,da mulai tata fasilitas baru byk da tak fungsi
Telaga Punggur Ferry Terminal,5 bintang,POSITIF,NETRAL,Tempat kalau kita mau ke Tanjung Pinang atau kota Uban naik kapal.,
Telaga Punggur Ferry Terminal,3 bintang,NETRAL,POSITIF,Lumayan sdh ada perubahan mejadi lebih baik,lumayan sdh ubah mejadi baik
Telaga Punggur Ferry Terminal,4 bintang,POSITIF,NETRAL,Tempat penyebrangan ke tanjung uban tj pinang dengan mengunakan roro,penyebrangan tj mengunakan
Telaga Punggur Ferry Terminal,4 bintang,POSITIF,NETRAL,"pelabuhan fery domestik melayani rute tanjung pinang,tanjung uban dan dabo",fery layan rute dabo
Telaga Punggur Ferry Terminal,2 bintang,NEGATIF,NETRAL,Perlu penataan ulang berkenaan dgn taksi,tata ulang kena
Telaga Punggur Ferry Terminal,3 bintang,NETRAL,POSITIF,"Mengalami perubahan yg signifikan setiap tahunnya,  area parkir sudah tertata.",alami ubah signifikan tahun parkir tata
Telaga Punggur Ferry Terminal,5 bintang,POSITIF,NEGATIF,"Gedung bagus.
Cuma kurang petunjuk arah. Apalagi ini gedung baru.
Jalan satu arah. … Lainnya",gedung bagus kurang tunjuk arah gedung baru arah lain
Telaga Punggur Ferry Terminal,5 bintang,POSITIF,NETRAL,Pelabuhan di lengkapi lif dan eskalator.gampang cari taxsi karena di pintu keluar sudah ada .tapi kl mau murah keluar pelabuhan bentar belok kiri ada halte bis trsns batam ada di situ.,lengkap lif eskalator gampang cari taxsi pintu kl murah bentar belok kiri halte bis trsns
Telaga Punggur Ferry Terminal,5 bintang,POSITIF,NETRAL,Terminal fery  Telaga punggur adalah terminal penyebeberangan fery ke tanjung pinang dan dabok disini juga terdapat penyeberangan ke tanjung uban menggunakan speed boad dan roro dan speed boad ke lagoi,fery penyebeberangan fery dabok sini dapat guna speed boad speed boad lago
Telaga Punggur Ferry Terminal,5 bintang,POSITIF,NETRAL,Utk dermaganya perlu diperluas utk naik dan turun penumpang kapal,utk dermaga luas utk
Telaga Punggur Ferry Terminal,3 bintang,NETRAL,NEGATIF,"Plabubannya bagus pelayanan juga baik, hanya saja sulit untuk memesan taxi online atau grab di lokasi ini kita di paksa untuk naik taxsi plabuhan, saran ada kenalan atau saudara untuk menjemput saat tiba di plabuhan",plabubannya bagus layan baik sulit mes online grab paksa taxsi plabuhan saran kenal saudara jemput tiba plabuhan
Telaga Punggur Ferry Terminal,5 bintang,POSITIF,NETRAL,".
Pelabuhan Telaga punggur akan disulap sebesar Mall Kakak.
Badan Pengusahaan (BP) Batam masih terus melakukan perbaikan Pelabuhan Domestik … Lainnya",sulap besar kakak badan usaha bp laku baik lain
Telaga Punggur Ferry Terminal,3 bintang,NETRAL,POSITIF,Cukup bersih dan layanan memuaskan,bersih layan muas
Telaga Punggur Ferry Terminal,5 bintang,POSITIF,NETRAL,"Tempat berangkatnya kapal ke beberapa pulau, banyak spot untuk foto2.",berangkat spot foto
Telaga Punggur Ferry Terminal,4 bintang,POSITIF,NEGATIF,Sudah mulai ramai sejak Pandemi dulu Sepi..,mulai ramai sejak pandemi dulu sepi
Telaga Punggur Ferry Terminal,3 bintang,NETRAL,POSITIF,"Nyeberang kali ini dari Batam ke Tanjung Uban dapat Ferry Roro yang ada Ruang VIPnya, bayar sih Rp. 25.000/orang. Konpensasi dari bayar ini Kita dapat Snack box ( berisi wafer, crakers, snack snack product Malay ), dan ada tersedia air … Lainnya",nyeberang vipnya rp konpensasi snack box isi wafer crakers snack snack product malay sedia air lain
Telaga Punggur Ferry Terminal,5 bintang,POSITIF,NETRAL,Transit dalam perjalanan Batam Bintan pp naik motor.,transit jalan pp motor
Telaga Punggur Ferry Terminal,5 bintang,POSITIF,NETRAL,Penyebrangan ferry baik kapal cepat maupun kapal roro,penyebrangan baik cepat maupun
Telaga Punggur Ferry Terminal,4 bintang,POSITIF,NETRAL,"Ke pulau Bintan kalau mau cepat , bagusnya naik speed, beli tiketnya di situ loket",cepat bagus speed tiket
Telaga Punggur Ferry Terminal,3 bintang,NETRAL,NEGATIF,Tempatnya masih belum rapi dan msh blm bagus spt prlabuhan lainnys. Tempat parkir msh tanah dan ssh dpt parkiran u mobil,rapi msh bagus spt prlabuhan lainnys parkir msh tanah ssh dpt parkir u
Telaga Punggur Ferry Terminal,3 bintang,NETRAL,NEGATIF,pelabuhannya masih kurang memadai untuk lahan parkir dan drop  off calon penumpang.,labuh kurang pada lahan parkir drop calon
Telaga Punggur Ferry Terminal,3 bintang,NETRAL,POSITIF,Mencukupi untuk pelabuhan. Dan kalau berniat jalan ke pelabuhan sebaiknya naik ke pelabuhan ini karena dekat.,cukup niat baik dekat
Telaga Punggur Ferry Terminal,5 bintang,POSITIF,NEGATIF,"Semakin bagus tapi mohon papan petunjuk arah dan informasi diperbesar, diperjelas, dan diperbagus. Jangan berupa kertas atau petunjuk kecil.",makin bagus mohon papan tunjuk arah informasi besar jelas bagus upa kertas tunjuk kecil
Telaga Punggur Ferry Terminal,4 bintang,POSITIF,NETRAL,"Rambu rambu petunjuk kurang jelas, perlu di benahi.",rambu rambu tunjuk kurang jelas benah
Telaga Punggur Ferry Terminal,3 bintang,NETRAL,NEGATIF,tempatnya gede tapi banyak yang kosong. mau nyari toilet pun susah,gede kosong nyari toilet susah
Telaga Punggur Ferry Terminal,4 bintang,POSITIF,NETRAL,Kapan nanti jadi seperti vivo city,vivo
Telaga Punggur Ferry Terminal,3 bintang,NETRAL,POSITIF,Pelayanan cukup memuaskan.hanya saja keberangkatan kapal sering tidak on time,layan muas berangkat
Telaga Punggur Ferry Terminal,4 bintang,POSITIF,NEGATIF,"nyaman, pelayanan prima
konter taksi kurang rapi",nyaman layan prima kurang rapi
Telaga Punggur Ferry Terminal,5 bintang,POSITIF,NEGATIF,"hmmm pelayanan cukup, not good but not bad. yg paling mengganggu di sini, mungkin di setiap pelabuhan juga sama, adalah harus menemui sopir taksi yg terus saja nanya2 kau mau ke mana di setiap langkah. iya, di setiap langkah, oleh orang … Lainnya",hmmm layan bad ganggu sama temu sopir nanya kau langkah iya langkah lain
Telaga Punggur Ferry Terminal,5 bintang,POSITIF,NETRAL,Terminal ferry untuk penyebrangan ke beberapa pulau atau daerah seputar kepri.,penyebrangan daerah putar kepri
Telaga Punggur Ferry Terminal,4 bintang,POSITIF,NETRAL,"buat yg mw nyebrang ke batam, jadwal kapal banyak, tiap jam ada",mw nyebrang jadwal tiap
Telaga Punggur Ferry Terminal,5 bintang,POSITIF,NETRAL,Pelabuhan penyeberangan ke kota tanjung pinang atau ke tanjung uban,
Telaga Punggur Ferry Terminal,3 bintang,NETRAL,NEGATIF,"Sejujurnya aga sebel kalau mau jemput orang ke sini, tempat jemputnya pendek, rame, kadang dipake parkir taxi, parkir di area dalam ga layak.",jujur aga sebel jemput jemput pendek rame dipake parkir parkir layak
Telaga Punggur Ferry Terminal,4 bintang,POSITIF,NETRAL,"Pelabuhan domestik di Pulau Batam yang memiliki rute tujuan tanjung pinang, tanjung Uban, jagoh Dabo Singkep",milik rute jagoh dabo singkep
Telaga Punggur Ferry Terminal,5 bintang,POSITIF,NETRAL,rute perjalanan mudik ke bintan😍 …,rute jalan mudik
Telaga Punggur Ferry Terminal,3 bintang,NETRAL,NEGATIF,Pelabuhan baru tapi belum rampung dan sangat tidak efisien skali.. bad !!,baru rampung efisien skali bad
Telaga Punggur Ferry Terminal,5 bintang,POSITIF,NEGATIF,Kepinang dadakan ...,pinang dada
Telaga Punggur Ferry Terminal,4 bintang,POSITIF,NETRAL,Pelabuhan punggur batam tujuan tanjung pinang,
Telaga Punggur Ferry Terminal,5 bintang,POSITIF,NETRAL,Perjalanan menuju kampung halaman,jalan tuju kampung halaman
Telaga Punggur Ferry Terminal,5 bintang,POSITIF,NEGATIF,Kotor sama taxi pangkalan yg arogan,kotor sama pangkal arogan
Telaga Punggur Ferry Terminal,3 bintang,NETRAL,POSITIF,Pelabuhan yg cukup bagus dikelasnya,bagus kelas
Telaga Punggur Ferry Terminal,4 bintang,POSITIF,NETRAL,"pelayanan naikin lagi ,trutama bagian loket tiket",layan naikin trutama bagi
Telaga Punggur Ferry Terminal,4 bintang,POSITIF,NEGATIF,"Pelayanan dan prasarana di pelabuhan telaga punggur cukup memuaskan,nyaman,aman,tertib,bersih dan modern,tapi sarana/tempat parkir kendaraan baik roda empat mau pun roda dua belum memadai",layan prasarana muas nyaman aman tertib bersih modern sarana parkir kendara baik roda empat roda pada
Telaga Punggur Ferry Terminal,4 bintang,POSITIF,NETRAL,Perlu ditingkatkan pelayanan dan gedung baru segera diaktifkan supaya pelayanan meningkat.,tingkat layan gedung baru segera aktif layan tingkat
Telaga Punggur Ferry Terminal,5 bintang,POSITIF,NETRAL,Perlu dimodernisasi agar pelayanan semakin meningkat kualitas dan kuantitasnya,modernisasi layan makin tingkat kualitas kuantitas
Telaga Punggur Ferry Terminal,4 bintang,POSITIF,NEGATIF,Biasa aja tapi kurang petunjuk arah untuk kapal kedatangan kemana kemana. Harus bertanya ke petugas,biasa kurang tunjuk arah datang tanya tugas
Telaga Punggur Ferry Terminal,3 bintang,NETRAL,POSITIF,"Sudah mengalami perubahan seperti pembangunan fisik ruangan, fasilitas, tempat parkir semakin luas",alami ubah bangun fisik ruang fasilitas parkir makin luas
Telaga Punggur Ferry Terminal,4 bintang,POSITIF,NETRAL,"Pelabuhan penyeberangan..  Batam dengan beberapa tujuan pulaj seperti tanjung pinang,  tanjung uban,  kepulauan anambas dan pulah pulaj kecil lain nya",pulaj pulau anambas pulah pulaj kecil
Telaga Punggur Ferry Terminal,3 bintang,NETRAL,NEGATIF,"Sudah membaik, tapi parkiran masih becek",baik parkir becek
Telaga Punggur Ferry Terminal,5 bintang,POSITIF,NETRAL,Tempat ambil pengiriman mobil,kirim
Telaga Punggur Ferry Terminal,1 bintang,NEGATIF,NETRAL,Apakah tangal 15 ada kapal feri dari pungut ke pelabuhan tanjung buton,tangal pungut buton
Telaga Punggur Ferry Terminal,3 bintang,NETRAL,NEGATIF,Naik turun tangga.. Eskavatornya kadang gak hidup..,tangga eskavatornya hidup
Telaga Punggur Ferry Terminal,4 bintang,POSITIF,NEGATIF,Terlalu sempit utk ukuran lalu lintas antar pulau yg cukup oadat,terlalu sempit utk ukur lintas antar oadat
Telaga Punggur Ferry Terminal,5 bintang,POSITIF,NETRAL,Nyerang kapal Muaro Tungkal ke Batam  degan roda  empat,nyerang muaro tungkal degan roda empat
Telaga Punggur Ferry Terminal,4 bintang,POSITIF,NEGATIF,"Kalau Sabtu Minggu penuh, desak desakan apalagi hari hari libur",sabtu minggu penuh desak desa libur
Telaga Punggur Ferry Terminal,5 bintang,POSITIF,NETRAL,Warbisayah. Seperti Bandara,warbisayah bandara
Telaga Punggur Ferry Terminal,5 bintang,POSITIF,NETRAL,"Menyediakan kapal yg menuju tarempa, jemaja, bitung, tanjung pinang dll.",sedia tuju tarempa jaja bitung
Telaga Punggur Ferry Terminal,5 bintang,POSITIF,NETRAL,hanya lewat sandar sekilas luas parkirannya,lewat sandar kilas luas parkir
Telaga Punggur Ferry Terminal,4 bintang,POSITIF,NEGATIF,"Transportasi laut yg sangat membantu...
tapi gak sedapnya pas mau beli tiket... semua penjual tiket berteriak menawarkan tiket... perasaan jadi kayak di pajak sambo. 😂 …",transportasi bantu sedap pas jual teriak tawar asa kayak pajak sambo
Telaga Punggur Ferry Terminal,4 bintang,POSITIF,NETRAL,Satu-satunya pelabuhan penyeberangan dari Batam Ke nb Pulau Bintan yaitu Tanjungpinang dan Tanjung Uban. Beroperasi mulai jam 07.30 sampai jam 17.30.,satu nb operasi mulai
Telaga Punggur Ferry Terminal,5 bintang,POSITIF,NEGATIF,Sering Keributan Antara Taxi Online Dan Taxi Pangkalan,ribut online pangkal
Telaga Punggur Ferry Terminal,5 bintang,POSITIF,NETRAL,Pelabuhan yg padat dari dan ke pulau Batam pulau Bintan sekitarnya,padat sekitar
Telaga Punggur Ferry Terminal,5 bintang,POSITIF,NEGATIF,taksinya kacau tarif suka2 aja,taksi kacau tarif suka
Telaga Punggur Ferry Terminal,3 bintang,NETRAL,POSITIF,Kalau ditinjau dari kebersihan dan kerapihan.. Sudah cukup lumayan.. Namun sisatem keluar masuk agak sesikt merepotkan.. Darivpengalaman kami yang bawak anak2 dan bawa bnyk barang.. Antara pintu masuk orang dan barang agak bikin repot,tinjau bersih kerapihan lumayan sisatem sesikt repot darivpengalaman bawak anak bnyk pintu repot
Telaga Punggur Ferry Terminal,5 bintang,POSITIF,NEGATIF,"Kalau mau menyebrang dari Batam ke Tanjung Pinang, dari sini tempatnya. Setelah direnovasi oleh pihak BP Batam, pelabuhannya menjadi sangat bagus seperti bandara. Hanya saja kebersihan lantai ditempat ini memang masih perlu ditingkatkan.
Satu hal yang agak disayangkan dari tempat ini, ojek online dilarang menjemput penumpang.",menyebrang renovasi pihak bp labuh jadi bagus bandara bersih tempat memang tingkat sayang ojek online larang jemput
Telaga Punggur Ferry Terminal,5 bintang,POSITIF,NEGATIF,Atap belum sepenuhnya melindungi dari hujan. Terutama di celah antar bangunan.,atap sepenuh lindung hujan utama celah antar bangun
Telaga Punggur Ferry Terminal,5 bintang,POSITIF,NETRAL,Pelabuhan punggur kota Batam,
Telaga Punggur Ferry Terminal,3 bintang,NETRAL,POSITIF,Terminalnya besar hanya saja tidak ada mini market dan ruang tunggunya,terminal besar mini market tunggu
Telaga Punggur Ferry Terminal,3 bintang,NETRAL,NEGATIF,"Masih belum bisa dijemput memakai taksi online, sepertinya d monopoli olwh taksi pangkalan.",jemput pakai online seperti d monopoli olwh pangkal
Telaga Punggur Ferry Terminal,5 bintang,POSITIF,NEGATIF,"Ya Allah rasa diteriaki dsini,
Marketingnya emang kayak gini yah?
Kok baru nyampe tapi penjual tiketnya meneriaki dn ribut sekali.bikin gak nyaman",allah rasa riak dsini marketingnya emang kayak gin yah baru nyampe jual tiket riak dn ribut nyaman
Telaga Punggur Ferry Terminal,5 bintang,POSITIF,NETRAL,masi sama spt biasa,mas sama spt biasa
Telaga Punggur Ferry Terminal,4 bintang,POSITIF,NETRAL,Untuk pwrgi balik dari Batam ke Bintan.,pwrgi balik
Telaga Punggur Ferry Terminal,3 bintang,NETRAL,POSITIF,Kita tidak perlu menunggu lama untuk keberangkatan ke kota tanjungpinang,tunggu lama berangkat
Telaga Punggur Ferry Terminal,5 bintang,POSITIF,NETRAL,"Pelabuhan Roro, melayani perjalanan menggunakan kendaraan pribadi untuk di bawa ke pelabuhan tanjung uban dari pulau batam.  Perjalan ditempuh dalam waktu kurang lebih 1 jam, dengan jadual mulai jam 07.00 sampai dengan 18.00",layan jalan guna kendara pribadi jalan tempuh kurang jadual mulai
Telaga Punggur Ferry Terminal,4 bintang,POSITIF,NETRAL,Akan dikasih bintang 5 jikalau pelabuhan barunya sudah resmi digunakan,kasih bintang jikalau baru resmi guna
Telaga Punggur Ferry Terminal,3 bintang,NETRAL,NEGATIF,Di depan pintu keberangkatannya amburadul pengantar mobil dan motor gak teratur,pintu berangkat amburadul antar motor atur
Telaga Punggur Ferry Terminal,4 bintang,POSITIF,NEGATIF,Ribeeeet tapi sekarang udh lumayan dari pada yg lalu,ribeeeet udh lumayan
Telaga Punggur Ferry Terminal,2 bintang,NEGATIF,POSITIF,Sungguh jauh berbeda dari sebelumnya.ruang tunggu penumpang lebih nyaman dan tenang.sayang parkir kendaraan sangat jauh dari pintu keluar pelabuahn,sungguh jauh beda belum nyaman tenang sayang parkir kendara jauh pintu pelabuahn
Telaga Punggur Ferry Terminal,5 bintang,POSITIF,NEGATIF,"Setelah tempatnya di renov jadi lebih bagus, cuman mungkin masih proses renov jadi masih berantakan, terus juga yg jual tiketnya ga sesuai, kmrn beli yg jam 9, pas masuk boarding pas aja udah gabisa karna jam 9 pas buru2 kirain ketinggalan kapal, eh ternyata emg kapalnya berangkat jam 10 jd ngaret 1 jam",renov bagus cuman proses renov beranta jual tiket sesuai kmrn pas boarding pas udah gabisa pas buru kirain tinggal eh nyata emg kapal berangkat jd ngaret
Telaga Punggur Ferry Terminal,1 bintang,NEGATIF,NETRAL,Terminal msh dalam proses pembangunan sejak setahun yg lalu tak kunjung selesai,msh proses bangun sejak tahun tak kunjung selesai
Telaga Punggur Ferry Terminal,5 bintang,POSITIF,NETRAL,"Ada perjalanan utk ke Batam, Lingga, dan Singapura",jalan utk lingga
Telaga Punggur Ferry Terminal,3 bintang,NETRAL,POSITIF,"Sudah bagus dari pada dulu...tapi jalur kedatangan seharusnya dibuat nyaman, yang berjalan kaki keluar agak bikin capeeeeee bangedddd naikkkk turunnn haduhhh, satu lagi transportasi dari lokasinya agak tersembunyi karena letak nya jauhhhh … Lainnya",bagus dulu jalur datang buat nyaman jalan kaki capeeeeee bangedddd naikkkk turunnn haduhhh transportasi lokasi sembunyi letak jauhhhh lain
Telaga Punggur Ferry Terminal,3 bintang,NETRAL,POSITIF,Bagus walau masih under renovasi,bagus renovasi
Telaga Punggur Ferry Terminal,4 bintang,POSITIF,NETRAL,"Menunggu kapal SATRIA PRATAMA , pengangkut mobil-mobil yang sempat terjebak berhari-hari di pelabuhan Buton.",tunggu satria pratama angkut sempat jebak hari buton
Telaga Punggur Ferry Terminal,5 bintang,POSITIF,NETRAL,Standart internasional. Tapi belum aktif 100 persen,standart aktif persen
Telaga Punggur Ferry Terminal,5 bintang,POSITIF,NETRAL,Pulang ke Tanjungpinang kota Gurindam,pulang gurindam
Telaga Punggur Ferry Terminal,4 bintang,POSITIF,NEGATIF,"Parkiran beserak tdk rapi... Tdk ada petugas yg jaga,jd penumpang asal""kalau parkir mobil..sehingga buat macet dan sempit. Semoga bs ada petugas kedepannya.",parkir beserak rapi tugas jaga jd asal parkir macet sempit moga bs tugas depan
Telaga Punggur Ferry Terminal,5 bintang,POSITIF,NETRAL,Pernah kesitu dari batam mau nyebrang ke bintan,kesitu nyebrang
Telaga Punggur Ferry Terminal,5 bintang,POSITIF,NETRAL,"Alternatif penyeberangan dengan kapal roro, speed ataupun feri ke tg uban, pinang, karimun dan tujuan lainnya.",alternatif speed atau tg karimun lain
Telaga Punggur Ferry Terminal,4 bintang,POSITIF,NETRAL,"Pelabuhan antar pulau, bisa menggunakan kapal Roro atau speed boat",antar guna speed boat
Telaga Punggur Ferry Terminal,3 bintang,NETRAL,NEGATIF,Tempatnya semakin bagus dan rapi tetapi parkiran masih blm tertata dan lift masih belum sering berfunsi kasihan orang tua atau orang yg menggunakan tongkat,makin bagus rapi parkir tata lift berfunsi kasihan tua guna tongkat
Telaga Punggur Ferry Terminal,4 bintang,POSITIF,NEGATIF,"Bagus terminalnya, cuma sayangnya penumpang kadang ketinggalan kapal karena tidak ada koordinasi dari penjual tiket kepada operator kapal. Udah keburu beli tiket, eh kapalnya udah jalan, terpaksa nunggu lagi walaupun kapalnya selalu ada, tapi waktu jadi terbuang.",bagus terminal sayang tinggal koordinasi jual operator udah keburu eh kapal udah paksa nunggu kapal buang
Telaga Punggur Ferry Terminal,4 bintang,POSITIF,NETRAL,jika mau ke tg pinang dan sekitar nya,tg
Telaga Punggur Ferry Terminal,4 bintang,POSITIF,NETRAL,"Pelabuhan untuk arah destinasi ke tanjungpinang,  uban,  dan beberapa pulau lain sekitar batam,  kapal tersedia sampai dengan jam 5.30 sore ke tanjungpinang",arah destinasi sedia sore
Telaga Punggur Ferry Terminal,3 bintang,NETRAL,NEGATIF,Masih tahap pembangunan jadi belum rapi. Nanti kalau udah nampak hasil akhirnya baru deh di kasi bintang 5. Transportasi online gak bisa masuk kesini.,tahap bangun rapi udah nampak hasil akhir baru kasi bintang transportasi online kesini
Telaga Punggur Ferry Terminal,5 bintang,POSITIF,NETRAL,"Salah satu pelabuhan speed dari Pulau Batam menuju Pulau Bintan, bisa ke Tanjung Uban maupun Tanjung Pinang 😎 …",speed tuju maupun
Telaga Punggur Ferry Terminal,5 bintang,POSITIF,NEGATIF,"Salah satu pelabuhan terbersih, sangat disayangkan ojol masih gg bisa masuk pelabuhan,",bersih sayang ojol gg
Telaga Punggur Ferry Terminal,3 bintang,NETRAL,POSITIF,Fisiknya mirip bandara.... Tapi pelayanannya perlu di tingkatkan lagi....,fisik mirip bandara layan tingkat
Telaga Punggur Ferry Terminal,2 bintang,NEGATIF,NETRAL,"akses taksi/taksi online sulit
kurang palang petunjuk jalan untuk akses masuk bagi motor",akses online sulit kurang palang tunjuk akses motor
Telaga Punggur Ferry Terminal,4 bintang,POSITIF,NETRAL,Pelabuhan penyeberangan ke Tanjungpinang,
Telaga Punggur Ferry Terminal,5 bintang,POSITIF,NETRAL,"Dimohon segera diperbaiki lokasi parkir inap, terima kasih",mohon segera baik parkir inap terima
Telaga Punggur Ferry Terminal,5 bintang,POSITIF,NETRAL,"New info buat yang mau ke Sri Tenam Lingga via Punggur Batam.
Ada jadwal baru yak.
Jadi jadwal.dari Batam ke Sri Temam itu tiap.tanggal GANJIL. … Lainnya",new info sri tenam lingga via jadwal baru yak jadwal sri tam tiap tanggal ganjil lain
Telaga Punggur Ferry Terminal,2 bintang,NEGATIF,NETRAL,Terminalnya masih dalam proses pengerjaan dan mangkrak sudah 1tahun lebih,terminal proses kerja mangkrak
Telaga Punggur Ferry Terminal,3 bintang,NETRAL,NEGATIF,Jalan masih kurang teratur dan bnyak parkir sembarangan,kurang atur bnyak parkir sembarang
Telaga Punggur Ferry Terminal,4 bintang,POSITIF,NEGATIF,"Bangunan terminal masih dalam tahap penyempurnaan, fasilitas udah bagus, minus ga ada ATM. Untuk level pelabuhan domestik udah bagus.",bangun tahap sempurna fasilitas udah bagus minus atm level udah bagus
Telaga Punggur Ferry Terminal,3 bintang,NETRAL,POSITIF,"Terminalnya sdh bagus. Kapal Roro Ferrynya yang harus dimaintenance lagi biar Penumpangnya nyaman.
Meski penyeberangan Batam Tanjung Uban kali ini dapat yang ada ruangan VIPnya … Lainnya",terminal sdh bagus ferrynya dimaintenance tumpang nyaman meski ruang vipnya lain
Telaga Punggur Ferry Terminal,5 bintang,POSITIF,NETRAL,"jika akan berpergian ke tanjung pinang atau pun tanjung ubun dan beberapa pulau lainnya bisa menggunakan pelabuhan ini, pertama kita harus membeli tiket untuk keberangkatan, jika berpergian bersama rombongan ada baiknya utus satu orang … Lainnya",pergi ubun lain guna pertama beli berangkat pergi sama rombong baik utus lain
Telaga Punggur Ferry Terminal,5 bintang,POSITIF,NETRAL,70eb ke bandara sekali kemaren t,eb bandara kemaren t
Telaga Punggur Ferry Terminal,3 bintang,NETRAL,NEGATIF,Sedang ada renovasi dan tempat masih kurang teratur.,renovasi kurang atur
Telaga Punggur Ferry Terminal,4 bintang,POSITIF,NEGATIF,Kurang papan informasi dan pelayanan publik,kurang papan informasi layan publik
Telaga Punggur Ferry Terminal,5 bintang,POSITIF,NETRAL,2018 Pernah nyebrang dari tanjung pinang ke telaga punggur batam... kurang lebih 1 jam perjalanan laut dengan ferry cepat,nyebrang kurang jalan cepat
Telaga Punggur Ferry Terminal,4 bintang,POSITIF,NETRAL,Penyebrangan batam ketanjung uban,penyebrangan tanjung
Telaga Punggur Ferry Terminal,3 bintang,NETRAL,POSITIF,Secara keseluruhan memang masih dalam kelengkapan seluruh fasilitasnya... Masih ada pembenahan disana sini.... Konsep kedatangan dan keberangkatannya dipisahkan diatas dan di bawah.  Memang masih banyak yang harus diperbaiki.  Kondisi … Lainnya,seluruh memang lengkap seluruh fasilitas benah sana konsep datang berangkat pisah atas memang baik kondisi lain
Telaga Punggur Ferry Terminal,5 bintang,POSITIF,NETRAL,"Setiap selang waktu  15 menit, akan ada ferry yang berangkat ke tanjung Pinang, ibukota prov. Kep. Riau-Indonesia..",selang berangkat ibukota prov kep riau
Telaga Punggur Ferry Terminal,5 bintang,POSITIF,NETRAL,Area dibawah gedung baru menjadi area parkir mobil sementara,bawah gedung baru jadi parkir
Telaga Punggur Ferry Terminal,3 bintang,NETRAL,NEGATIF,Dari parkiran mobil naik tangga ke lantai 3. Gakada eskalator apah? Parkiran becek..,parkir tangga gakada eskalator apah parkir becek
Telaga Punggur Ferry Terminal,3 bintang,NETRAL,POSITIF,"Seputar terminal Ferry sdh mulai tertata dengan baik, taxinya juga sdh mulai tertib dan ramah",putar sdh mulai tata baik taxinya sdh mulai tertib ramah
Telaga Punggur Ferry Terminal,5 bintang,POSITIF,NETRAL,Mesin XRay kadang berfungsi kadang tidak,mesin xray fungsi
Telaga Punggur Ferry Terminal,3 bintang,NETRAL,POSITIF,Masih tahap pembangunan..semoga kedepan makin tertata...good,tahap bangun moga depan makin tata
Telaga Punggur Ferry Terminal,5 bintang,POSITIF,NETRAL,"Salah satu pelabuhan tersibuk di Batam. Disebelahnya pelabuhan Roro yang mau bawa kendaraan ke Bintan lewat tanjung uban..
Video yang saya unggah ketika cuaca buruk pada awal tahun baru Januari 2023, … Lainnya",sibuk belah kendara lewat video unggah cuaca buruk baru januari lain
Telaga Punggur Ferry Terminal,3 bintang,NETRAL,POSITIF,"Ferry ke tj uban bintan start dari jam 7-18:00 wib. Harga dari punggur 53rb, dari uban 42rb. Perjalanan dengan speed boat sekitar 15-20 menit, transportasi masuk dan keluar punggur yang agak susah. Jika dengan taxi suka digetok sekitar 100-150rb dengan tujuan batam centre",tj start wib harga rb rb jalan speed boat transportasi susah suka getok rb
Telaga Punggur Ferry Terminal,4 bintang,POSITIF,NETRAL,"Sudah lumayan teratur, keluar masuknya kendaraan",lumayan atur masuk kendara
Telaga Punggur Ferry Terminal,4 bintang,POSITIF,NEGATIF,"Mulai ada perbaikan, tapi tetap tempat parkir ga sempurna",mulai baik tetap parkir sempurna
Telaga Punggur Ferry Terminal,3 bintang,NETRAL,NEGATIF,"Parkiran mobilx smoga lebih cepat kelar, kasian kendaraan yg parkir",parkir mobilx smoga cepat kelar kasi kendara parkir
Telaga Punggur Ferry Terminal,3 bintang,NETRAL,NEGATIF,Akses jalannya terlalu kotor saat hujan. Dan masih banyak yg perlu di perbaiki,akses jalan terlalu kotor hujan baik
Telaga Punggur Ferry Terminal,4 bintang,POSITIF,NETRAL,Kenapa Taxi Online gak bisa kita sewa di pelabuhan Telaga Punggur...? Ada apa...?,online sewa
Telaga Punggur Ferry Terminal,4 bintang,POSITIF,NEGATIF,"Pelabuhan baru bangun di bangun terlihat modern dan tertata rapi, tapi untuk transportasi masih belum tertata taxi masih berseliweran parkir dipinggir jalan n harganya mahal",baru bangun bangun lihat modern tata rapi transportasi tata seliwer parkir pinggir n harga mahal
Telaga Punggur Ferry Terminal,5 bintang,POSITIF,NETRAL,Kalau mau ke batam-tanjung pinang bisa lewat pelabuhan ini. Bisa ke tanjung uban atau pelabuhan sri bintan … Lainnya,lewat sri lain
Telaga Punggur Ferry Terminal,3 bintang,NETRAL,POSITIF,"yang ingin nyeberang ke/dari batam disini tempatnya, tapi kalo sore jam 5 antrinya booo..",nyeberang sini sore antri booo
Telaga Punggur Ferry Terminal,3 bintang,NETRAL,POSITIF,Sudah Lumayan Bagus dari Beberaoa tahun sebelumnya,lumayan bagus beberaoa belum
Telaga Punggur Ferry Terminal,4 bintang,POSITIF,NETRAL,Selalu kalo k pinang musti k sini dulu,k musti k dulu
Telaga Punggur Ferry Terminal,5 bintang,POSITIF,NETRAL,E-tiket,
Telaga Punggur Ferry Terminal,5 bintang,POSITIF,NETRAL,Pelabuhan untuk keluar batam menuju Bintan dan tanjung pinang,tuju
Telaga Punggur Ferry Terminal,2 bintang,NEGATIF,POSITIF,Selalu ramai dng penumpang ferry..,ramai dng
Telaga Punggur Ferry Terminal,4 bintang,POSITIF,NETRAL,Tryout local ferry MV OCEANNA from Tanjung Pinang (Bintan) local ferry terminal to Telaga Pungur Ferry,tryout local mv oceanna local pungur
Telaga Punggur Ferry Terminal,4 bintang,POSITIF,NETRAL,Sudah berbenah menjadi lebih baik namun masih belum bisa order kendaraan online,benah jadi baik order kendara online
Telaga Punggur Ferry Terminal,3 bintang,NETRAL,NEGATIF,"Tempat parkirnya tidak beraturan, tidak ada penjaganya",parkir atur jaga
Telaga Punggur Ferry Terminal,5 bintang,POSITIF,NETRAL,Sudah banyak perubahan....walaupun terkadang kalau dari pinang saat turun terkadang bingung keluar lewat atas,ubah terkadang terkadang bingung lewat
Telaga Punggur Ferry Terminal,4 bintang,POSITIF,NEGATIF,Harus pintar-pintar nawar harga taksi tembak disini,pintar pintar nawar harga tembak sini
Telaga Punggur Ferry Terminal,3 bintang,NETRAL,NEGATIF,"Lumayan baik, yg mesti dibenahi adalah penataan taxi yg terlihat tdk diatur rapi. Para sopir mengejar ngejar penumpang, ini tdk nyaman.  Harga2 yg ditawarkan sangat mahal",lumayan baik mesti benah tata lihat atur rapi sopir kejar ngejar nyaman harga tawar mahal
Telaga Punggur Ferry Terminal,3 bintang,NETRAL,POSITIF,Sdh nyaman sekarang,sdh nyaman
Telaga Punggur Ferry Terminal,5 bintang,POSITIF,NEGATIF,Terminal pelabuhan fery untuk menyeberang ke tanjung pinang dan pulau2 lain di kepri. Tapi sayang lokasi parkirnya kurang luas sehingga sulit untuk parkir kendaraan,fery seberang kepri sayang parkir kurang luas sulit parkir kendara
Telaga Punggur Ferry Terminal,5 bintang,POSITIF,NEGATIF,Kumuh terlalu banyak taxi mangkal,kumuh terlalu mangkal
Telaga Punggur Ferry Terminal,4 bintang,POSITIF,NETRAL,Speed ke tanjung uban selalau bawa penumpang kelebihan muatan...,speed lalau lebih muat
Telaga Punggur Ferry Terminal,4 bintang,POSITIF,NETRAL,Tiap Minggu PP - Batam - TG Pinang,tiap minggu pp tg
Telaga Punggur Ferry Terminal,5 bintang,POSITIF,NEGATIF,Bagus sepertinya...hanya lewat aja,bagus seperti lewat
Telaga Punggur Ferry Terminal,3 bintang,NETRAL,NEGATIF,Bagus tapi jalannya terlalu jauh,bagus jalan terlalu jauh
Telaga Punggur Ferry Terminal,3 bintang,NETRAL,POSITIF,Mulai berbenah,mulai benah
Telaga Punggur Ferry Terminal,5 bintang,POSITIF,NETRAL,tiket masih 57ribu saat postingan ini dibuat,ribu postingan buat
Telaga Punggur Ferry Terminal,5 bintang,POSITIF,NETRAL,"Pelabuhan yang melayani tujuan rute Bintan (Tanjung Uban) naik speedboat harga tidak sampai 60 ribu lama perjalanan 20 menit dan tujuan Tanjungpinang (Sri Bintan Pura) naik Ferry dengan harga tiket 80.500, lama perjalanan 1,5 jam.",layan rute speedboat harga ribu lama jalan sri pura harga lama jalan
Telaga Punggur Ferry Terminal,4 bintang,POSITIF,NEGATIF,"Petugas parkirnya baik, cuma parkiran dalam berantakan dan tidak ada penunjuk",tugas parkir baik parkir beranta tunjuk
Telaga Punggur Ferry Terminal,5 bintang,POSITIF,NETRAL,Ferry terminal untuk tujuan tanjung uban,
Telaga Punggur Ferry Terminal,3 bintang,NETRAL,POSITIF,"Semenjak sudah renov parkiran jadi lebih lapang. Lantai 3 penjualan tiket panas, AC gak sejuk WC-nya gak ada tisu dan sabun cuci tangan. Ruang tunggu lantai 2 lumayan sejuk dan WC-nya ada tisu serta sabun cuci tangan. Kapal Ferry kayak keong semenjak tak pakai solar subsidi.",semenjak renov parkir lapang jual panas ac sejuk wc tisu sabun cuci tangan lumayan sejuk wc tisu sabun cuci tangan kayak keong semenjak tak pakai solar subsidi
Telaga Punggur Ferry Terminal,5 bintang,POSITIF,NETRAL,"Pelabuhan laut batam ke tanjungpinang... Bagi yg berpergian di masa pandemi, cukup mengisi eHAC dan menjaga jarak.. Di pintu masuk ada sensor suhu tubuh tinggal arahkan telapak tangan ke sensor, jd mengurangi antrian",pergi masa pandemi isi ehac jaga jarak pintu sensor suhu tubuh tinggal arah telapak tangan sensor jd kurang antri
Telaga Punggur Ferry Terminal,3 bintang,NETRAL,NEGATIF,Terminal sudah bagus tapi untuk keberangkatan penumpang capek karena harus berputar,bagus berangkat capek putar
Telaga Punggur Ferry Terminal,4 bintang,POSITIF,NETRAL,Diharapkan kapal penyebrangan ke sumatera di ganti lebih besar,harap penyebrangan sumatera ganti besar
Telaga Punggur Ferry Terminal,4 bintang,POSITIF,NEGATIF,Ekskalator untuk naik rusak... Memberatkan orang tua...,ekskalator rusak berat tua
Telaga Punggur Ferry Terminal,4 bintang,POSITIF,NEGATIF,"Masih semerawut,,
Kotor dan tidak terawat",semerawut kotor awat
Telaga Punggur Ferry Terminal,4 bintang,POSITIF,NEGATIF,"Jalan masih semrawut, terutama parkir di badan jalan, begitu juga,area dalam.blm.tertata",semrawut utama parkir badan tata
Telaga Punggur Ferry Terminal,3 bintang,NETRAL,POSITIF,"Pelabuhan kalau naik fery dari tanjung pinang ke batam. Pelabuhan nya lumayan punya fasilitas lengkap ada atm, lift, dan tempat makan seperti morning bakery. Kalau mau keluar pelabuhan ga bisa pake taxi online. Harus pake taxi pangkalan.",fery lumayan punya fasilitas lengkap atm lift makan morning bakery pake online pake pangkal
Telaga Punggur Ferry Terminal,4 bintang,POSITIF,NEGATIF,Udah mulai membenah dan semakin bagus cmn tolong di koreksi lagi fasilitas nya,udah mulai benah makin bagus cmn koreksi fasilitas
Telaga Punggur Ferry Terminal,4 bintang,POSITIF,NEGATIF,"Fasilitas baru, lebih aman. Hanya saja fasilitas toilet kurang terawat dan bau",fasilitas baru aman fasilitas toilet kurang awat bau
Telaga Punggur Ferry Terminal,5 bintang,POSITIF,NEGATIF,Kapal ferry dn roro sebelahan pelabuhan nya,dn belah
Telaga Punggur Ferry Terminal,5 bintang,POSITIF,NEGATIF,Mantap.. namun membingungkan... Perlu penambhan penugasan..,mantap bingung penambhan tugas
Telaga Punggur Ferry Terminal,5 bintang,POSITIF,NEGATIF,Terminal masih dalam perbaikan...parkir motornya masih becek...semoga segera diperbaiki dengan ditambah kanopi...,baik parkir motor becek moga segera baik tambah kanopi
Telaga Punggur Ferry Terminal,5 bintang,POSITIF,NETRAL,Standar sbagai tempat penyebrangan,standar sbagai penyebrangan
Telaga Punggur Ferry Terminal,3 bintang,NETRAL,POSITIF,Sudah semakin bagus dan bersih setelah renovasi.. pelabuhan untuk menuju tanjung uban dan tanjungpinang,makin bagus bersih renovasi tuju
Telaga Punggur Ferry Terminal,5 bintang,POSITIF,NETRAL,Terminal moderen yg sedang dalam proses pembangunan.,moderen proses bangun
Telaga Punggur Ferry Terminal,3 bintang,NETRAL,NEGATIF,"Terminal sudah direnovasi, kondisinya juga bersih,,,, hanya manajement yang kurang jelas.",renovasi kondisi bersih manajement kurang jelas
Telaga Punggur Ferry Terminal,4 bintang,POSITIF,NETRAL,Salah satu pintu masuk Batam dr jalur perairan.,pintu dr jalur air
Telaga Punggur Ferry Terminal,1 bintang,NEGATIF,NETRAL,Jasa transportasi pelabuhan bar bar... saya bilang tidak mau naik taxinya di ikuti trs smpai halte trans,jasa transportasi bar bar bilang taxinya ikut smpai halte trans
Telaga Punggur Ferry Terminal,3 bintang,NETRAL,NEGATIF,masih belum selesai .. jalanan becek..,selesai jalan becek
Telaga Punggur Ferry Terminal,4 bintang,POSITIF,NETRAL,"TERMINAL FERRY TELAGA PUNGGUR melayani pemberangkatan/kedatangan ferry dan kapal roro ke beberapa jurusan seperti Tanjung Pinang, Pulau Singkep, Pulau Lingga atau Pelabuhan Tanjung Uban. … Lainnya",layan berangkat datang jurus singkep lingga lain
Telaga Punggur Ferry Terminal,4 bintang,POSITIF,NEGATIF,Bisa sekali masuk mahal. Padahal cuma ngedrop / jemput penumpang,mahal ngedrop jemput
Telaga Punggur Ferry Terminal,5 bintang,POSITIF,NETRAL,"Pelabuhan Punggur menyediakan
Ferry penyeberangan ke Tanjung Pinang, lobam, Pulau Dabo dan pulau pulai kecil di sekktaran daerah dan melayani Roro Tujuan Lobam, Kuala Tungkal dan Buton.",sedia lobam dabo pulai kecil sekktaran daerah layan lobam kuala tungkal buton
Telaga Punggur Ferry Terminal,3 bintang,NETRAL,NEGATIF,"Ruang tunggunya sdh ""Oke"", tp sayangnya jalan akses menuju ke kapal masih terlihat agak berantakan",tunggu sdh oke sayang akses tuju lihat beranta
Telaga Punggur Ferry Terminal,2 bintang,NEGATIF,NETRAL,Cuma lewat aja soalnya naik roro,lewat soal
Telaga Punggur Ferry Terminal,4 bintang,POSITIF,NETRAL,Msh tahap pembangunan to sdh bs digunakan,msh tahap bangun sdh bs guna
Telaga Punggur Ferry Terminal,3 bintang,NETRAL,NEGATIF,Tempat duduk di ruang tunggu terlalu sedikit.. Parkir mobil blm tertib,duduk terlalu sedikit parkir tertib
Telaga Punggur Ferry Terminal,5 bintang,POSITIF,NETRAL,Lokasi sudah ok,
Telaga Punggur Ferry Terminal,5 bintang,POSITIF,NETRAL,Allhamdulillah setiap hari ada Roro ke tungkal.,allhamdulillah tungkal
Telaga Punggur Ferry Terminal,4 bintang,POSITIF,NETRAL,Pelabuhan untuk ke tanjung pinang dan sekitar nya 👍 …,
Telaga Punggur Ferry Terminal,4 bintang,POSITIF,NEGATIF,Kenapa ya orang taksi disini aga memaksa gitu seremmm,sini aga paksa gitu seremmm
Telaga Punggur Ferry Terminal,4 bintang,POSITIF,NETRAL,"Kalau mau ke kapal Fery nya, jalan agak jauh. Harus turun 3 lantai",fery jauh
Telaga Punggur Ferry Terminal,5 bintang,POSITIF,NETRAL,"Salah satu pelabuhan di Pulau Batam, penghubung antar pulau di KEPRI. salah satu rutenya yaitu tujuan tanjung uban & tanjung pinang",hubung antar kepri rute
Telaga Punggur Ferry Terminal,3 bintang,NETRAL,POSITIF,"Yah setidaknya lebih baik dari pada roro punya.
Buatin kursi2 buat yang nunggu2 kenapa...
Lelah tauk, nunggu kapal selanjutnya. Aigoo",yah baik punya buatin kursi nunggu lelah tauk nunggu lanjut aigoo
Telaga Punggur Ferry Terminal,3 bintang,NETRAL,NEGATIF,Gitulah,
Telaga Punggur Ferry Terminal,5 bintang,POSITIF,NETRAL,Pelabuhan penyeberangan domestik yg berada di pulau batam kepulauan riau,ada pulau riau
Telaga Punggur Ferry Terminal,4 bintang,POSITIF,NEGATIF,Kurang bersahabat bagi orang menggunakan kursi roda,kurang sahabat guna kursi roda
Telaga Punggur Ferry Terminal,5 bintang,POSITIF,NETRAL,"Pelabuhan Punggur demikian biasa disebut. Punggur merupakan pelabuhan ferry untuk rute/tujuan domestik. Dari pelabuhan punggur melayani penyeberangan menuju tanjungpinang, daik, jagoh, tanjunguban, karimun, dan pulau lainnya. … Lainnya",biasa sebut rupa rute layan tuju daik jagoh tanjunguban karimun lain lain
Telaga Punggur Ferry Terminal,3 bintang,NETRAL,NEGATIF,Terminal kedatangan tidak ramah untuk penumpang. Taxi pangkalan mengintai penumpang yang di jemput dengan kendaraan pribadi.,datang ramah pangkal intai jemput kendara pribadi
Telaga Punggur Ferry Terminal,3 bintang,NETRAL,POSITIF,Pelabuhannya bagus tertata,labuh bagus tata
Telaga Punggur Ferry Terminal,5 bintang,POSITIF,NETRAL,"Bisa parkir nginap
Tinggal ke pinang",parkir nginap tinggal
Telaga Punggur Ferry Terminal,5 bintang,POSITIF,NETRAL,"Pelabuhan domestik ke tg pinang, uban, bintan, dabo.

Kmu lgi nyri jasa bikin website? Bisa search : nyentrikweb",tg dabo kmu lgi nyri jasa website search nyentrikweb
Telaga Punggur Ferry Terminal,4 bintang,POSITIF,NETRAL,"Lebih dekat ke Batam Center, Bandara dan Nongsa daripada Sekupang.",dekat bandara nongsa
Telaga Punggur Ferry Terminal,5 bintang,POSITIF,NETRAL,Pelabuhan lokal tersibuk di batam,lokal sibuk
Telaga Punggur Ferry Terminal,4 bintang,POSITIF,NEGATIF,Konter jangan teriak teriak maksa pembeli.. harus dirubah model konter pembelian,teriak teriak maksa beli rubah model beli
Telaga Punggur Ferry Terminal,4 bintang,POSITIF,NEGATIF,Sudah bagus. Sudah bersih. Tapi papan pengumuman kurang,bagus bersih papan umum kurang
Telaga Punggur Ferry Terminal,3 bintang,NETRAL,POSITIF,"Terminalnya sedang direnovasi. Tempat parkir kendaraan cukup luas di dalam, hanya belum diperkeras, sehingga kalo hujan becek. Keberangkatan ferry masih belom on schedule. Seringkali telat 10-30 menit dari jadwal. Penjual tiket masih berebut penumpang seperti biasa, sehingga cukup ribut di sekitar lokasi penjualan tiket",terminal renovasi parkir kendara luas keras hujan becek berangkat bom schedule seringkali telat jadwal jual rebut biasa ribut jual
Telaga Punggur Ferry Terminal,5 bintang,POSITIF,NETRAL,"Pelabuhan penyeberangan dari Batam Ke tanjung pinang, Tanjung Uban, dan pulau² lainnya. … Lainnya",lain lain
Telaga Punggur Ferry Terminal,3 bintang,NETRAL,NEGATIF,"Kondisi pelabuhan masih dalam tahap pengembangan pembangunan, tapi terlihat mangkrak karena proyek belum dilanjutkan. Beberapa bagian seperti eskalator juga sudah tidak berfungsi. AC kurang memenuhi untuk mendinginkan ruangan. Terlihat … Lainnya",kondisi tahap kembang bangun lihat mangkrak proyek lanjut bagi eskalator fungsi ac kurang penuh dingin ruang lihat lain
Telaga Punggur Ferry Terminal,4 bintang,POSITIF,NETRAL,"Mesin ATM cuman 1 jadi terbatas kalau tidak punya kartu BCA dan Mandiri, coba di tambah mesin atm bersama bank BRI",mesin atm cuman batas punya kartu bca mandiri coba tambah mesin atm sama bank bri
Telaga Punggur Ferry Terminal,5 bintang,POSITIF,NETRAL,Tiket Rp. 65k/orang.,rp k
Telaga Punggur Ferry Terminal,5 bintang,POSITIF,NETRAL,"Berbagai penyebrangan domestik,",bagai penyebrangan
Telaga Punggur Ferry Terminal,5 bintang,POSITIF,NEGATIF,Tempat parkir motor tidak tertata rapi,parkir motor tata rapi
Telaga Punggur Ferry Terminal,4 bintang,POSITIF,NETRAL,"Bangunan baru, sdh banyak mobil taksi",bangun baru sdh
Telaga Punggur Ferry Terminal,4 bintang,POSITIF,NEGATIF,"Walaupun sudah menggunakan sistem boarding pass bagi calon penumpang kapal ferry tujuan lingga, namun tetap saja pengelola pelabuhan ini BELUM MAMPU dalam menertibkan penumpang saat masuk kapal. … Lainnya",guna sistem boarding pass calon lingga tetap kelola mampu tertib lain
Telaga Punggur Ferry Terminal,5 bintang,POSITIF,NETRAL,"Pelabuhan dibatam, jika hendak menyebrang ke tanjung pinang.",dibatam hendak menyebrang
Telaga Punggur Ferry Terminal,3 bintang,NETRAL,NEGATIF,bagus krn masih baru tp tax nya mahal banget.,bagus baru tax mahal
Telaga Punggur Ferry Terminal,3 bintang,NETRAL,POSITIF,Sangat ramai sekali tadi,ramai tadi
Telaga Punggur Ferry Terminal,1 bintang,NEGATIF,NETRAL,Tak di bolehkan order taxi online.,boleh mes online
Telaga Punggur Ferry Terminal,5 bintang,POSITIF,NEGATIF,Kondisi cuaca gelap mau hujan terus ni di uban😇😇😇 …,kondisi cuaca gelap hujan ni
Telaga Punggur Ferry Terminal,3 bintang,NETRAL,NEGATIF,"Agak membingungkan bagi penumpang yg baru pertama sekali melakukan perjalanan, karena tidak begitu banyak tanda arah yang dipajang ditempat tersebut...",bingung baru pertama laku jalan tanda arah pajang tempat sebut
Telaga Punggur Ferry Terminal,1 bintang,NEGATIF,NETRAL,Tempat penyebrangan dari batam ke tg pinang dan sebaliknya,penyebrangan tg balik
Telaga Punggur Ferry Terminal,4 bintang,POSITIF,NEGATIF,Baru kali ini sih liat waktu sampai keluarnya mundur🤣 …,baru liat keluar mundur
Telaga Punggur Ferry Terminal,4 bintang,POSITIF,NEGATIF,Semua ok cuma pas mau scan tiket kaga bisa petugas nya lambat mau bantu,pas scan kaga tugas lambat bantu
Telaga Punggur Ferry Terminal,5 bintang,POSITIF,NEGATIF,Bagus namun Penataan Perparkiran dan Lalu Lintas kendaraan belum nyaman,bagus tata parkir lintas kendara nyaman
Telaga Punggur Ferry Terminal,4 bintang,POSITIF,NETRAL,Pelabuhan dengan fasilitas yang memiliki sarana prasarana yang memadai,fasilitas milik sarana prasarana pada
Telaga Punggur Ferry Terminal,4 bintang,POSITIF,NETRAL,"Gedung baru, jalan layang ok, lahan parkir blm semen,",gedung baru layang lahan parkir semen
Telaga Punggur Ferry Terminal,4 bintang,POSITIF,NEGATIF,"Harusnya barang dimasukan ke x ray, ini mah kalau org mau bawa barang2 terlarang lolos semua dah",harus masuk x ray mah org larang lolos dah
Telaga Punggur Ferry Terminal,4 bintang,POSITIF,NEGATIF,Sangat bagus .  Tapi jalan keluarnya menurut saya membingungkan pendatang baru,bagus keluar bingung datang baru
Telaga Punggur Ferry Terminal,4 bintang,POSITIF,NETRAL,Kalo mau nyebrang kesini gaes,nyebrang kesini gaes
Telaga Punggur Ferry Terminal,5 bintang,POSITIF,NEGATIF,Tempatnya bagus. Tapi agak bingung tempat parkirnya :),bagus bingung parkir
Telaga Punggur Ferry Terminal,4 bintang,POSITIF,NETRAL,Ramainya para penumpang yang keluar masuk Kota Batam.,ramai
Telaga Punggur Ferry Terminal,3 bintang,NETRAL,POSITIF,"Sering lewat pelabuhan ini,tetapi ATM CENTER belom ada di sini padahal akses yang cukup ramai di sini",lewat atm bom akses ramai
Telaga Punggur Ferry Terminal,3 bintang,NETRAL,NEGATIF,Bagus tapi pelayan simpang siur.kurang didikin kayaknya,bagus layan simpang siur kurang didikin kayak
Telaga Punggur Ferry Terminal,4 bintang,POSITIF,NEGATIF,Bagus tapi toilet kurang bersih,bagus toilet kurang bersih
Telaga Punggur Ferry Terminal,5 bintang,POSITIF,NEGATIF,Jadi rapii dulu agak messy!,rapi dulu messy
Telaga Punggur Ferry Terminal,1 bintang,NEGATIF,POSITIF,"Bangunan sdh ok ...hanya bagi yg bawa mobil sendiri untuk penjemputan agak repot..parkir sempit....dulu bisa lgs jemput tanpa mesti cari parkiran..
.sekarang kagak bisa..di penuhi taxi semua...terutama lokasi terdekat pintu … Lainnya",bangun sdh sendiri jemput repot parkir sempit dulu lgs jemput mesti cari parkir kagak penuh utama dekat pintu lain
Telaga Punggur Ferry Terminal,3 bintang,NETRAL,NEGATIF,Ruangan tunggu lumayan bagus dan lebar namun panas,ruang lumayan bagus lebar panas
Telaga Punggur Ferry Terminal,4 bintang,POSITIF,NEGATIF,Pembagunanya masih berlangsung sehingga tampan berantakan.,pembagunanya langsung tampan beranta
Telaga Punggur Ferry Terminal,5 bintang,POSITIF,NETRAL,Di lantai 3 kamu harus membeli tiket untuk bisa mendapatkan kursi keberangkatan kamu.,kamu beli dapat kursi berangkat kamu
Telaga Punggur Ferry Terminal,5 bintang,POSITIF,NETRAL,"Pelabuhan domestik akses keluar batam dengan tujuan
Tj. Pinang,  tj. Uban . Dan ke pulau pulau yg lain",akses tj tj
Telaga Punggur Ferry Terminal,3 bintang,NETRAL,POSITIF,Bersih sepi sunyi senyap karena corona,bersih sepi sunyi senyap corona
Telaga Punggur Ferry Terminal,4 bintang,POSITIF,NEGATIF,Mendekati perfect. Toilet tdk terjaga kebersihannya,dekat perfect toilet jaga bersih
Telaga Punggur Ferry Terminal,4 bintang,POSITIF,NEGATIF,"Pelabuhannya sudah direnovasi tetapi pelayanannya harus ditingkatkan juga. Seperti penjempuyan taxi online belum bisa dipelabuhan ini, harusnya batam sudah mengikuti negara-negara tetangga lainnya.",labuh renovasi layan tingkat penjempuyan online labuh harus ikut negara negara tetangga lain
Telaga Punggur Ferry Terminal,5 bintang,POSITIF,NETRAL,Terminal Pugur banyak sekali perubahan..,pugur ubah
Telaga Punggur Ferry Terminal,5 bintang,POSITIF,NETRAL,Tempat untuk menyeberang dari Batam ke pulau bintan,seberang
Telaga Punggur Ferry Terminal,3 bintang,NETRAL,POSITIF,Lumayan bersih dan ruang tunggu enak,lumayan bersih enak
Telaga Punggur Ferry Terminal,3 bintang,NETRAL,NEGATIF,"Untuk kelas pelabuhan internasional dirasa sangat kurang memuaskan. Pelayanan di pelabuhan sangat kurang. Layanan informasi juga sangat kurang. Pelabuhan juga masih semraut, terkadang jika kurang memperhatikan kita bisa saja ketinggalan pelayaran kita.",kelas rasa kurang muas layan kurang layan informasi kurang semraut terkadang kurang perhati tinggal layar
Telaga Punggur Ferry Terminal,4 bintang,POSITIF,NEGATIF,Paling pusing kalo dah masalah taxi di sini,pusing dah masalah
Telaga Punggur Ferry Terminal,5 bintang,POSITIF,NETRAL,Bs di jam terakhir (17.30),bs akhir
Telaga Punggur Ferry Terminal,5 bintang,POSITIF,NETRAL,"Dermaga dengan tujuan keberangkatan lokal😀
24 Oktober 2017 nyebrang ke Tg. Uban …",dermaga berangkat lokal oktober nyebrang tg
Telaga Punggur Ferry Terminal,4 bintang,POSITIF,NEGATIF,Check in online bikin susah,check online susah
Telaga Punggur Ferry Terminal,3 bintang,NETRAL,POSITIF,"Lumayan bagus dan tertib,fasilitas parkir yg perlu di tingkatkan , agar menjadi standard pelabuhan .",lumayan bagus tertib fasilitas parkir tingkat jadi standard
Telaga Punggur Ferry Terminal,3 bintang,NETRAL,POSITIF,"Tempanya luas dan nyaman
Jadi kalau menunggu tidak merasa resah dengan fasilitas yg bagus diruang tunggu",tempa luas nyaman tunggu rasa resah fasilitas bagus ruang
Telaga Punggur Ferry Terminal,5 bintang,POSITIF,NETRAL,Sudah ada perubahan lebih baik,ubah baik
Telaga Punggur Ferry Terminal,3 bintang,NETRAL,POSITIF,"Dermaga yg bersih, penataan yg bagus, tapi loket menawarkan dg teriak teriak",dermaga bersih tata bagus tawar dg teriak teriak
Telaga Punggur Ferry Terminal,3 bintang,NETRAL,POSITIF,"Rame, pelayanan yg cepat dan tepat waktu",rame layan cepat tepat
Telaga Punggur Ferry Terminal,4 bintang,POSITIF,NEGATIF,"sudah mulai tertata rapi, kecuali parkiran mobil motornya yang masih membingungkan..,",mulai tata rapi parkir motor bingung
Telaga Punggur Ferry Terminal,3 bintang,NETRAL,POSITIF,Skrg sdh mukai bersihvdan rapi,sdh muka bersihvdan rapi
Telaga Punggur Ferry Terminal,5 bintang,POSITIF,NETRAL,Pertamakali di Batam nafar ramadhan 1444h,pertamakali nafar ramadhan h
Telaga Punggur Ferry Terminal,4 bintang,POSITIF,NEGATIF,pelabuhan telaga punggur semakin nyaman..semakin ok..sehbs direnovasi..tp eskalator nya knp g jalan semua ya..he..he..mksh,makin nyaman makin sehbs renovasi eskalator knp g he he mksh
Telaga Punggur Ferry Terminal,5 bintang,POSITIF,NETRAL,Ini gerbang penyeberangan warga Batam ke Pulau Bintan,warga
Telaga Punggur Ferry Terminal,5 bintang,POSITIF,NETRAL,Pelabuhan Domestik untuk bepergian ke tg uban dan tg pinang.,pergi tg tg
Telaga Punggur Ferry Terminal,5 bintang,POSITIF,NETRAL,"Terminal ferry buat nyebrang ke Bintan or Tanjung Pinang dari sini guys, ke Bintan 15 menit hrga tiket 50rbu ajah",nyebrang guys hrga rbu ajah
Telaga Punggur Ferry Terminal,3 bintang,NETRAL,NEGATIF,"Akses keluar-masuk pelabuhan lancar, tapi alurnya kurang rapi. Jika hujan ada kemungkinan becek tercampur tanah. Ruang tunggu oke, tapi kadang gaduh karena suara penjaga loket tiket. Jalan keluar-masuk anjungan hanya berupa pembatas tidak permanen",akses lancar alur kurang rapi hujan mungkin becek campur tanah oke gaduh suara jaga anjung upa batas permanen
Telaga Punggur Ferry Terminal,3 bintang,NETRAL,POSITIF,"Sangat standar, mungkin karena pelabuhan domestik juga",standar
Telaga Punggur Ferry Terminal,3 bintang,NETRAL,NEGATIF,Tempat turun taxi ke tpt jual tiket jaraknya lumayan jauh. Dari tpt tiket ke tot scan barcode jg jauh. Akses utk kursi roda ribet,tpt jual jarak lumayan jauh tpt tot scan barcode jauh akses utk kursi roda ribet
Telaga Punggur Ferry Terminal,3 bintang,NETRAL,POSITIF,"25 th yll sy menggunakan pelabuhan ini untuk ke tanjung pinang.
Hal positif pengalaman kemarin saya gedung pelabuhan sudah diperbesar, cuman sayangnya kebersihannya kurang bagus. Dan banyak ruangan useless. … Lainnya",th yll guna positif alam kemarin gedung besar cuman sayang bersih kurang bagus ruang useless lain
Telaga Punggur Ferry Terminal,4 bintang,POSITIF,NEGATIF,Halte  dibikin tempat parkir  jadi kakau kita menurunkan penumpang susah dan halte terlalu dekat dengan gate keluar mobil dari pelabuhan mohon ditertipkan mobil yg parkir trmks,halte bikin parkir kakau turun susah halte terlalu dekat mohon tip parkir trmks
Telaga Punggur Ferry Terminal,4 bintang,POSITIF,NEGATIF,Cemana lah ya.. Perlu adanya petugas yg bersifat komunikatif.. Buat apa klian rame2 tegak dstu klo apda cuek,cemana lah ada tugas sifat komunikatif klian rame tegak dstu apda cuek
Telaga Punggur Ferry Terminal,4 bintang,POSITIF,NETRAL,"Pelabuhan laut ke Tg Pinang dan Tg Uban. Penempatan loket, ruang tunggu, ruang check in, jalur boarding masih bisa dibuat lebih baik",tg tg tempat check jalur boarding buat baik
Telaga Punggur Ferry Terminal,5 bintang,POSITIF,NETRAL,Pintu gerbang Batam via Kapal Ferry dan RoRo,pintu via
Telaga Punggur Ferry Terminal,4 bintang,POSITIF,NEGATIF,Ok petugas parkir lambat,tugas parkir lambat
Telaga Punggur Ferry Terminal,5 bintang,POSITIF,NETRAL,"Boarding pass Rp. 10.000,- Kapal Ferry berangkat on time, jika telat datang bisa ditinggal. Ada rumah makan Padang di dalam terminal.",boarding pass rp berangkat telat tinggal rumah makan padang
Telaga Punggur Ferry Terminal,3 bintang,NETRAL,NEGATIF,Kurang nyaman sarana transportasi minim pilihan,kurang nyaman sarana transportasi minim pilih
Telaga Punggur Ferry Terminal,3 bintang,NETRAL,POSITIF,"Tiba di Terminal Feri Telaga Punggur di Batam setelah melalui perjalanan 1 jam dari Terminal Feri Sri Bintan Pura, Tanjung Pinang dengan Kapal Oceanna 7. Terminal tidak terlalu besar & untuk ke daerah Nagoya Batam memerlukan waktu 30 menit dengan taksi offline seharga 130.000 yang mudah ditemui di luar pintu kedatangan.",tiba lalu jalan sri pura oceanna terlalu besar daerah nagoya perlu offline harga mudah temu pintu datang
Telaga Punggur Ferry Terminal,5 bintang,POSITIF,NETRAL,"Terminal Ferry Telaga Punggur terletak di Jl. Patimura, Kabil, Kecamatan Nongsa, Kota Batam, Kepulauan Riau 29467.
Dari bandara Hang Nadim Batam ke Punggur hanya 20 menit saja menggunakan taxy. … Lainnya",letak jl patimura kabil camat nongsa pulau riau bandara hang nadim guna taxy lain
Telaga Punggur Ferry Terminal,5 bintang,POSITIF,NEGATIF,"Fasilitas udah lengkap,hanya saja belum rapi",fasilitas udah lengkap rapi
Telaga Punggur Ferry Terminal,5 bintang,POSITIF,NETRAL,"Sebaiknya jika mau pesan taksi, langsung di Terminal nya saja, kalau pesan Online, jauh jalan apalagi kalau kita punya barang banyak",baik pesan langsung pesan online jauh punya
Telaga Punggur Ferry Terminal,3 bintang,NETRAL,NEGATIF,"Petugasnya kurang senyum, cembetut aja kelaut aja",tugas kurang senyum cembetut laut
Telaga Punggur Ferry Terminal,3 bintang,NETRAL,NEGATIF,Masih belum begitu memuaskan,muas
Telaga Punggur Ferry Terminal,5 bintang,POSITIF,NETRAL,Pelabuhan ferry cepat tujuan tanjung pinang,cepat
Telaga Punggur Ferry Terminal,4 bintang,POSITIF,NEGATIF,Msih prlu ditata lg tmpt parkirny,msih prlu tata lg tmpt parkirny
Telaga Punggur Ferry Terminal,1 bintang,NEGATIF,NETRAL,Tak bisa memilih trasportasi yg diinginkan,tak pilih trasportasi ingin
Telaga Punggur Ferry Terminal,3 bintang,NETRAL,POSITIF,Jarak dari tempat penjualan tiket ke kapal terlalu jauh. Tapi ruangannya bersih.,jarak jual terlalu jauh ruang bersih
Telaga Punggur Ferry Terminal,4 bintang,POSITIF,NETRAL,"Penyeberangan ke Tanjung Pinang, ke Tanjung Uban ( dng kapal Roro unt yg bawa kendaraan butuh waktu 1 jam tiket mobil Rp. 227rb ). Dan bisa naik sped yg hanya 15 menit dng kapasitas 40 orang. Tiket 47rb per orang.",dng unt kendara butuh rp rb sped dng kapasitas rb per
Telaga Punggur Ferry Terminal,5 bintang,POSITIF,NETRAL,Baru pertama kali ke telaga Punggur mau ke pinang,baru pertama
Telaga Punggur Ferry Terminal,3 bintang,NETRAL,POSITIF,ok. ngga bersih tp okela.,ngga bersih okela
Telaga Punggur Ferry Terminal,4 bintang,POSITIF,NETRAL,Pelabuhan speed dan ferry dengan tujuan tanjung uban dan tanjung pinang,speed
Telaga Punggur Ferry Terminal,3 bintang,NETRAL,POSITIF,"Mantabs La
Ada tempat utk melihat lalu lintas kapal",mantabs la utk lihat lintas
Telaga Punggur Ferry Terminal,3 bintang,NETRAL,NEGATIF,Pelabuhan penumpang kurang terawat.,kurang awat
Telaga Punggur Ferry Terminal,5 bintang,POSITIF,NEGATIF,"Sudah dua kali kesini naik kapal Roro, sering terjadi antrian panjang kalau hari-hari besar",kesini jadi antri panjang besar
Telaga Punggur Ferry Terminal,5 bintang,POSITIF,NETRAL,"Dimasa covid , ketentuan yang berlaku seperti tempat umum lainnya- pemeriksaan Tubuh ,juga tersedia tempat untuk cuci tangan. Saran buat teman2 yang ingin berpergian, sebaiknya teman2 mengakses aplikasi eHAC terlebih dahulu guna … Lainnya",masa covid tentu laku umum lain periksa tubuh sedia cuci tangan saran teman pergi baik teman akses aplikasi ehac lebih lain
Telaga Punggur Ferry Terminal,5 bintang,POSITIF,NETRAL,Jemput buah hati dari Tanjung uban 😍 …,jemput buah hati
Telaga Punggur Ferry Terminal,5 bintang,POSITIF,NETRAL,Pelabuhan domestik batam tujuan antar kota batam dan kabupaten di kepualaun riau.,antar kabupaten kepualaun riau
Telaga Punggur Ferry Terminal,3 bintang,NETRAL,NEGATIF,"Bayarnya masih cash, hadeehh thn 2024 ini",bayar cash hadeehh thn
Telaga Punggur Ferry Terminal,3 bintang,NETRAL,NEGATIF,"kurang profesional dalam masalah antrian penumpang saat mau boarding dan masuk ke kapal, diharapkan kepada operator kapal ferry dapat menerapkan kembali no kursi penumpang sesuai yg tertera pada tiket penumpang saat pembelian tiket",kurang profesional masalah antri boarding harap operator terap kursi sesuai tera beli
Telaga Punggur Ferry Terminal,4 bintang,POSITIF,NEGATIF,Sayang lahan parkirnya berantakan,sayang lahan parkir beranta
Telaga Punggur Ferry Terminal,4 bintang,POSITIF,NEGATIF,"agak sepi, jarang ada orang sepanjang jalan",sepi panjang
Telaga Punggur Ferry Terminal,5 bintang,POSITIF,NETRAL,"Tempat orang bepergian ke pulau seberang seperti pulau bintan, karimun dan singkep",pergi seberang karimun singkep
Telaga Punggur Ferry Terminal,4 bintang,POSITIF,NETRAL,"Pelabuhan menuju Tanjung Pinang, Tanjung Uban, Dabo Singkep, Sungai Tenam, & Anambas.",tuju dabo singkep sungai tenam anambas
Telaga Punggur Ferry Terminal,3 bintang,NETRAL,NEGATIF,"lay out antah berantah, byk maling kesempatan dalam kesempitan.",lay antah antah byk maling sempat sempit
Nongsapura Ferry Terminal,4 stars,POSITIF,NETRAL,"After completing departure procedures at Tanamara Ferry Terminal near Singapore Airport,

taking a ferry boat that takes about 40 minutes to the Nongsa Ferry Terminal Immigration Office on Batam Island, Indonesia.

Entry and exit procedures completed with kindness and simplicity!",selesai prosedur berangkat tanamara dekat bandara makan kantor imigrasi nongsa prosedur selesai baik sederhana
Nongsapura Ferry Terminal,5 stars,POSITIF,NETRAL,Just 40 mins away from SG for a quick getaway.,sg libur singkat
Nongsapura Ferry Terminal,3 stars,NETRAL,NEGATIF,Quaint,aneh
Nongsapura Ferry Terminal,3 stars,NETRAL,POSITIF,"super hot there as not all fan turn on.

there are a good range of shops to buy goodies before going.

unable to connect their WiFi.

staffs are friendly.",panas kipas angin nyala toko beli hubung wifi staf ramah
Nongsapura Ferry Terminal,3 stars,NETRAL,POSITIF,"Place is really empty , shop most likely closed and no people are coming or passing by , probably on ferry arrival time it's a bit crowded, but i don't know. Cafetaria is also almost empty , restaurant also almost empty. Place is pretty clean and cared , so not abandoned or ruined.",benar kosong toko mungkin besar tutup lewat datang ramai entah kafetaria hampir kosong restoran hampir kosong bersih rawat tinggal rusak
Nongsapura Ferry Terminal,3 stars,NETRAL,POSITIF,"arrived on the 745am ferry from Singapore Tanah Merah Ferry Terminal. There is a one hour difference from Singpaore. This becomes important if you are setting up meetups or arranging rendezvous with other people or catching your ferry ride back to Singapore. There is a cafe serving light food and drinks with seating (under fan, non air-condition). This will help with your wait.
The queue to pass through customs starts about 30 minutes prior to your departure time. It will seem like the queue is not moving at first, but just be patient. These guys have been doing this often enough to get it down good.",tiba pagi tanah merah beda jadi penting ada temu atur temu kafe saji makan ringan minum duduk kipas angin ac bantu tunggu antri lewat bea cukai mulai berangkat seperti antri gerak awal sabar orang laku selesai baik
Nongsapura Ferry Terminal,5 stars,POSITIF,NEGATIF,Busy,sibuk
Nongsapura Ferry Terminal,3 stars,NETRAL,POSITIF,"It is a smaller terminal that serves mostly resort tourists and golf visitors. It tend to be overcrowded at the waiting area before boarding the ferry. Theres no queue management while boarding the ferry therfore looking messy. Seems like there are ferry transit passengers too.
This is the most convenient terminal for the resorts, within minutes journey.",kecil layan bagi besar wisatawan resor unjung golf cenderung penuh sesak naik manajemen antri naik lihat beranta seperti transit nyaman resor hitung jalan
Nongsapura Ferry Terminal,3 stars,NETRAL,POSITIF,"Standard ferry terminal. Nothing much here. Drinks at the mama shop is reasonable (25,000 for 1.5litre 100plus). Service is good.",standar minum toko mama akal liter plus layan bagus
Nongsapura Ferry Terminal,5 stars,POSITIF,NETRAL,"Good ferry port connecting Nongsa in Batam to Tanah Merah in Changi, Singapore",connecting nongsa tanah merah changi
Nongsapura Ferry Terminal,3 stars,NETRAL,POSITIF,"Nothing much to do, one cafe and one shop that both only take rupees. Clean and easy enough.",laku kafe toko dua terima rupee bersih mudah
Nongsapura Ferry Terminal,4 stars,POSITIF,NEGATIF,Can send goods from Spore to Batam.. But it's so far away..🤪 …,kirim spora jauh
Nongsapura Ferry Terminal,3 stars,NETRAL,POSITIF,"Pretty basic and slightly run down. But does the job fine and hey, it's a ferry terminal.",dasar sedikit kumuh fungsi baik hei
Nongsapura Ferry Terminal,5 stars,POSITIF,NEGATIF,Go go go,
Nongsapura Ferry Terminal,3 stars,NETRAL,POSITIF,Close to Nongsa Resort,dekat resor nongsa
Nongsapura Ferry Terminal,2 stars,NEGATIF,NETRAL,Functional. Needs an upgrade.,fungsional tingkat
Nongsapura Ferry Terminal,3 stars,NETRAL,POSITIF,"This seems a little better than the last time I have been here. Toilets are cleaner than I remember and there seemed to be heaps more traffic. There were also more stalls and bought a few things to bring back on the ferry.

The is insufficient fans / ventilation in some areas especially if there is no wind.

Check in was nice and easy and staff smile once in a while. Remember your 10000 IDR for luggage check ins per piece to and fro.

If you have kids / disability access required make sure to ask the staff to let you join the priority line. You need to take initiative yourself.

Other than that, I don't see people hanging out here. I mean it's a terminal!",tampak sedikit baik akhir ada toilet bersih ingat tampak lintas kios beli bawa ventilasi kipas angin cukup utama angin check-in bagus mudah staf senyum sekal ingat idr check-in per potong kemari milik anak akses disabilitas perlu pasti minta staf biar gabung jalur prioritas ambil inisiatif sendiri lain lihat orang nongkrong sini maksud
Nongsapura Ferry Terminal,5 stars,POSITIF,NETRAL,"Nongsapura... A new route from Nongsapura to Pasir Gudang, Johor is planned (currently on trial). Hopefully, it will be realized.",jalur baru pasir gudang johor rencana uji coba moga realisasi
Nongsapura Ferry Terminal,4 stars,POSITIF,NETRAL,one of the ferry ports in Batam,
Nongsapura Ferry Terminal,3 stars,NETRAL,NEGATIF,Batamfast is the only ferry provider here. You can only leave the terminal via the shuttle provided by the resort. No grab or other car here. This is an isolated place.,batamfast satu sedia tinggal lalu antar-jemput sedia resor isolasi
Nongsapura Ferry Terminal,5 stars,POSITIF,NETRAL,Nongsapura Port,
Nongsapura Ferry Terminal,4 stars,POSITIF,NEGATIF,cool,dingin
Nongsapura Ferry Terminal,3 stars,NETRAL,POSITIF,"Ferry terminal just sugest to who want stay at Nongsa Area, because this ferry terminal so far from the city but so close with resort in Nongsa Area.",saran inap kawasan nongsa jauh dekat resor kawasan nongsa
Nongsapura Ferry Terminal,5 stars,POSITIF,NETRAL,Hassle-free immigration. 35 minutes from Tanah Merah,imigrasi bebas repot tanah merah
Nongsapura Ferry Terminal,4 stars,POSITIF,NEGATIF,"The steadiness of the dock is much appreciated. But the pebbled walk ways were not luggage/trolley friendly. From Nongsapura terminal, if you want to check-in your baggage, you will need to pay a fee in IDR. They do NOT accept SGD or USD, even in the souvenir shop. Please take note of this.
None of us needed to check-in the baggage bec at the dock, people will still assist you.",mantap dermaga harga setapak kerikil ramah troli daftar anda bayar biaya idr terima sgd usd bahkan toko suvenir harap perhati daftar dermaga bantu
Nongsapura Ferry Terminal,4 stars,POSITIF,NEGATIF,"Simple ferry terminal with a convenience shop that sells goodies, DFS and even a Ralph Lauren retail shop.

Do take note that since there’s no holding or waiting area once you clear the customs, you will be waiting at the common area until the ferry is ready. And this is tricky because the TV that is supposed to show the ferry timing isn’t up to date. Therefore, you will have to rely on being there, waiting for the relevant personnel to call out for boarding.",sederhana toko serba jual barang dfs bahkan toko ritel ralph lauren harap catat lewat bea cukai tunggu umum siap sulit tv tunjuk up-to-date andal ada tunggu personel kait panggil pesawat
Nongsapura Ferry Terminal,4 stars,POSITIF,NEGATIF,Just love the lack of crowds here,suka kurang ramai
Nongsapura Ferry Terminal,3 stars,NETRAL,POSITIF,"It's a ferry transfer station. If you want to do liveaboard diving in Singapore, you first need to take a ferry here to check in. Then the boat company will drive you to their boat for the excursion.

There are many monkeys here to greet you.",stasiun transfer laku selam liveaboard singapura pertama-tama check-in kemudian usaha perahu antar perahu tamasya monyet sambut
Nongsapura Ferry Terminal,3 stars,NETRAL,NEGATIF,Looks  less busier,lihat kurang sibuk
Nongsapura Ferry Terminal,5 stars,POSITIF,NETRAL,Another or alternative sea harbour to go to Singapore near Changi Airport,alternatif dekat bandara changi
Nongsapura Ferry Terminal,3 stars,NETRAL,POSITIF,"This place is a regular ferry terminal, nothing good or bad about it. There is a shop that sells souvenirs/snacks/water if you forgot to buy it from where you departed. That's also a small cafe.",biasa baik buruk toko jual oleh makan ringan air lupa bel berangkat buah kafe kecil
Nongsapura Ferry Terminal,5 stars,POSITIF,NETRAL,Shuttle Bus picks up and drops off guests,shuttle bus jemput turun tamu
Nongsapura Ferry Terminal,3 stars,NETRAL,NEGATIF,It's too far and the road is scary...dark and lonely,terlalu jauh jalan gelap sepi
Nongsapura Ferry Terminal,3 stars,NETRAL,POSITIF,The ferry terminal is close if you want to go to the resort in the Nongsa area.,dekat resort kawasan nongsa
Nongsapura Ferry Terminal,5 stars,POSITIF,NEGATIF,The place is remote and there is no public transportation,pencil angkut umum
Nongsapura Ferry Terminal,3 stars,NETRAL,POSITIF,Nice place.,bagus
Nongsapura Ferry Terminal,3 stars,NETRAL,NEGATIF,"Everything is in good order, don't expect any smiles from anybody",semua ada baik harap senyum
Nongsapura Ferry Terminal,5 stars,POSITIF,NEGATIF,"Not so good so far to shopping mall, and non-public transport come, area not familiar with people and a lot robbery case, very scared",jauh baik pusat belanja transportasi non umum daerah akrab kasus ampo takut
Nongsapura Ferry Terminal,4 stars,POSITIF,NETRAL,Have you ever attended a bazaar at this place?,pernah hadir bazar
Nongsapura Ferry Terminal,3 stars,NETRAL,POSITIF,"Nongsapura terminal is in Batam.
Its quite inside.

Ferry from Singapore arrives here.
Also departs to Singapore.

It's a very small  and non ac terminal.

Only two immigration counters are here.

At terminal  there are few shops.

If you have already done with your resort booking you will find your resort person for bus transfer in waiting area.",batam tiba berangkat singapura terminal kecil ber-ac imigrasi sini terminal toko selesai mes resor temu tugas resor transfer bus tunggu
Nongsapura Ferry Terminal,4 stars,POSITIF,NETRAL,Tanah Merah to Batam [Nongsa Pura],tanah merah nongsa pura
Nongsapura Ferry Terminal,4 stars,POSITIF,NEGATIF,Customs clearing speed is pretty fast! Place looks relatively run down though.,cepat bea cukai cepat sebut lihat relatif rusak
Nongsapura Ferry Terminal,5 stars,POSITIF,NEGATIF,Public transport is a bit limited also google maps do not show the correct timing for public transport.,angkut umum batas peta google tunjuk tepat angkut umum
Nongsapura Ferry Terminal,3 stars,NETRAL,NEGATIF,"Basic facilities, and the immigration staff are not that friendly.",fasilitas dasar staf imigrasi kurang ramah
Nongsapura Ferry Terminal,4 stars,POSITIF,NEGATIF,"I wish either seat numbers (or) boarding Queue number will be allocated. As there is no enough space for queuing, it was a chaotic boarding :(",harap nomor kursi nomor antri boarding alokasi antri boardingnya kacau balau
Nongsapura Ferry Terminal,1 star,NEGATIF,NETRAL,Only 1 immigration officer for a latge ferry. Took almost 3 hours to leave the terminal.,tugas imigrasi latge butuh hampir jam tinggal
Nongsapura Ferry Terminal,4 stars,POSITIF,NEGATIF,Just for fun,senang
Nongsapura Ferry Terminal,4 stars,POSITIF,NETRAL,Come and see,
Nongsapura Ferry Terminal,3 stars,NETRAL,POSITIF,The aura is just different from any other ferry terminal in Batam,aura beda
Nongsapura Ferry Terminal,3 stars,NETRAL,NEGATIF,Clean and accessible. But too small,bersih mudah akses terlalu kecil
Nongsapura Ferry Terminal,5 stars,POSITIF,NEGATIF,"Good, better, repaint and renovation all building",baik cat ulang renovasi bangun
Nongsapura Ferry Terminal,5 stars,POSITIF,NEGATIF,JOSSS,sial
Nongsapura Ferry Terminal,4 stars,POSITIF,NETRAL,A ferry terminal situated in Nongsapura on the island of Batam in Indonesia.,letak
Nongsapura Ferry Terminal,3 stars,NETRAL,NEGATIF,"Not clean, very small terminal. If ferry is in late evening lot of mosquitoes. But they have a waiting area. Immigration officers are helpful. They can improve on maintenance. Terminal looks very old. But all resorts have shuttle service from nongsapura terminal. They charge 10000 IDR for each bag check in. They don’t have free check in service for passengers .",bersih kecil berangkat larut malam nyamuk milik tugas imigrasi bantu tingkat pelihara lihat tua resor milik layan antar-jemput kena biaya idr check-in milik layan check-in gratis
Nongsapura Ferry Terminal,4 stars,POSITIF,NETRAL,the only ferry terminal in Nongsa area.  depart from the riverside.,satu kawasan nongsa berangkat tepi sungai
Nongsapura Ferry Terminal,5 stars,POSITIF,NETRAL,Singapore crossing route,jalur
Nongsapura Ferry Terminal,4 stars,POSITIF,NETRAL,A small pier with few shops,dermaga kecil toko
Nongsapura Ferry Terminal,4 stars,POSITIF,NEGATIF,Quick clearance. Very few people disembarking in the evening,izin cepat sedikit malam
Nongsapura Ferry Terminal,3 stars,NETRAL,POSITIF,Not too bad. Custom clearance may be slow though only few passengers.,terlalu buruk custom clearance lambat meski sedikit
Nongsapura Ferry Terminal,5 stars,POSITIF,NETRAL,Ferry Terminal in Batam,
Nongsapura Ferry Terminal,3 stars,NETRAL,POSITIF,Convenient facilities,fasilitas nyaman
Nongsapura Ferry Terminal,3 stars,NETRAL,POSITIF,"Because here the immigration service is fast because the passengers are not so crowded and if we want to go to Cangi Airport, there are bus facilities for Cangi from Tanah Merah Singapore.",sini layan imigrasi cepat tumpang ramai tuju bandara cang fasilitas bus cang tanah merah
Nongsapura Ferry Terminal,4 stars,POSITIF,NETRAL,For relaxing okay have,santai oke punya
Nongsapura Ferry Terminal,4 stars,POSITIF,NETRAL,Transit point to Singapore,titik transit
Nongsapura Ferry Terminal,4 stars,POSITIF,NETRAL,Needs a face lift,butuh encang wajah
Nongsapura Ferry Terminal,4 stars,POSITIF,NETRAL,Nothing much to do here,laku
Nongsapura Ferry Terminal,4 stars,POSITIF,NETRAL,Point to change over ferry to Cruise Liner.,titik ganti pesiar
Nongsapura Ferry Terminal,5 stars,POSITIF,NETRAL,Clean area. Slow moving Ferry terminal. Need more promotion,bersih gerak lambat perlu promosi
Nongsapura Ferry Terminal,5 stars,POSITIF,NETRAL,Batam Singapore ferry port...,
Nongsapura Ferry Terminal,4 stars,POSITIF,NETRAL,Here,
Nongsapura Ferry Terminal,2 stars,NEGATIF,NETRAL,"-
One counter open despite many queuing.
Baggage check-in chargeable.
Very limited shops.",buka antri bagasi periksa toko kena biaya batas
Nongsapura Ferry Terminal,2 stars,NEGATIF,POSITIF,"Honestly, not here at this ferry terminal for anyone or any last minute shopping. Dont expect anything here to buy or shop.
Just arrive on time for your ferry and be on your way home.",jujur sini belanja menit akhir harap beli beli tiba tepat segera pulang
Nongsapura Ferry Terminal,5 stars,POSITIF,NETRAL,Aircon please,ac
Nongsapura Ferry Terminal,4 stars,POSITIF,NETRAL,"just a ferry terminal, fast service, avoid during holiday seasons",hindar layan cepat lama musim libur
Nongsapura Ferry Terminal,4 stars,POSITIF,NETRAL,"This Ferry Terminal is one of the entrances to the city of Batam which is located in the Nongsa area of ​​Batam, Riau Islands.",rupa pintu letak kawasan nongsa pulau riau
Nongsapura Ferry Terminal,4 stars,POSITIF,NETRAL,"This is one of the terminals in Batam. It takes about 30 minutes by boat from Singapore's Tanamera Ferry Port. Now that the COVID-19 pandemic is over, many people from Singapore are visiting.",batam butuh perahu tanamera singapura pandemi covid akhir kunjung
Nongsapura Ferry Terminal,5 stars,POSITIF,NETRAL,First time going Batan via Nongsapura. Smooth and not crowded.,pertama batan via lancar ramai
Nongsapura Ferry Terminal,5 stars,POSITIF,NETRAL,Organize and clean.,atur bersih
Nongsapura Ferry Terminal,4 stars,POSITIF,NEGATIF,"It's a tiny place with only one shop where you can rest, and there are lots of big flies!",kecil toko istirahat dapat lalat besar
Nongsapura Ferry Terminal,4 stars,POSITIF,NEGATIF,Not crowded.,ramai
Nongsapura Ferry Terminal,3 stars,NETRAL,NEGATIF,"Once the ticket is recognized by the machine, you can board the ship, but the ticket wasn't recognized properly... and since there was no one around to guide me, I had to struggle alone. You have to find your own belongings and get them off the ship yourself.",nali mesin nali pandu saya juang sendiri cari barang sendiri keluar sendiri
Nongsapura Ferry Terminal,5 stars,POSITIF,NEGATIF,Clean,bersih
Nongsapura Ferry Terminal,3 stars,NETRAL,NEGATIF,Wifi is not working. But not crowded.,wifi fungsi ramai
Batam Centre Ferry Terminal,5 bintang,POSITIF,NETRAL,DARI: 🇮🇩{REPUBLIK INDONESIA PROPINSI KEPULAUAN RIAU{🇮🇩} DAN MOHAMAD YEO{🤵}. PELABUHAN BATAM INTERNASIONAL VERI ISTIMEWA. …,republik propinsi pulau riau mohamad yeo veri istimewa
Batam Centre Ferry Terminal,5 bintang,POSITIF,NETRAL,Pelabuhan Internasional Batam Center Kota Batam,
Batam Centre Ferry Terminal,5 bintang,POSITIF,NETRAL,shuttle bus tanah merah ke changi terminal 1dan 4,shuttle bus tanah merah changi
Batam Centre Ferry Terminal,5 bintang,POSITIF,NETRAL,pria baru,pria baru
Batam Centre Ferry Terminal,5 bintang,POSITIF,NETRAL,Baru pertama kali k sini...,baru pertama k
Batam Centre Ferry Terminal,5 bintang,POSITIF,NETRAL,Tempat penyelamatan para TKI yang bekerja di Malaysia tanpa Visa,selamat tki kerja
Batam Centre Ferry Terminal,5 bintang,POSITIF,NEGATIF,Too smal and always crowned,terlalu kecil mahkota
Batam Centre Ferry Terminal,1 bintang,NEGATIF,NETRAL,Tapi calonya banyak,calo
Batam Centre Ferry Terminal,1 bintang,NEGATIF,NETRAL,"Ke lantai 2 di persulit dan harus wajib boarding pass, padahal bisa ke mega mall",sulit boarding pass mega
Batam Centre Ferry Terminal,3 bintang,NETRAL,NEGATIF,Ok.Network in Indonesia is very poor,jaring buruk
Batam Centre Ferry Terminal,3 bintang,NETRAL,POSITIF,"Terminal feri menuju Singapura.

Di dalam, seperti yang Anda harapkan dari terminal feri, terdapat toko makanan ringan, toko minuman, dan toko suvenir. Karena ini adalah pelabuhan internasional, ada prosedur imigrasi dan bea cukai, tetapi secara mengejutkan prosedurnya cukup santai.",tuju harap dapat toko makan ringan toko minum toko suvenir prosedur imigrasi bea cukai kejut prosedur santai
Batam Centre Ferry Terminal,5 bintang,POSITIF,NETRAL,"Entry into Batam was quick and prompt. Yen immigration counters to clear the peak hours queues. Air conditioned waiting area.

70k rupiah for a taxi to sukajadi area",cepat cepat imigrasi yen bersih antri sibuk ber-ac k rupiah daerah sukajadi
Batam Centre Ferry Terminal,1 bintang,NEGATIF,POSITIF,"Very dated International Ferry Terminal, with Arrivals on Level 1 and Departure entry on Level 2. Hassle free and smooth  Arrival and Departure Customs and Immigration processes. Level 1 comprises various ferry operators' counters (for purchasing ferry tickets or check-in);  money changing, Indonesian mobile SIM cards and retail concessionaires. Level 2 comprises mostly  F & B, souvenir and convenience store concessionaires. The Ferry Departures check-in gates leading to the Customs and Immigration are also on Level 2. Not advisable to take a taxi from this terminal unless you are familiar with the local rates of your destination. GRAB taxis are not allowed to pick up passengers from this Terminal due to the control of the taxi cartels here. Alternatively you can proceed to Level 2 and head to the Mega Mall connected by a pedestrian bridge, and book your Grab taxi at the Mall (Lobby A next to the Starbucks).",tua datang tingkat entri berangkat tingkat bebas repot lancar tingkat proses bea cukai imigrasi datang berangkat diri bagai operator beli check-in tukar kartu sim seluler tingkat pegang konsesi ritel bagi besar diri pegang konsesi fb suvenir toko serba check-in berangkat arah bea cukai imigrasi tingkat saran tahu tarif lokal boleh ambil kendali kartel alternatif lanjut level tuju mega hubung jembatan mes lobi mal belah starbucks
Batam Centre Ferry Terminal,3 bintang,NETRAL,NEGATIF,"Musholla dan toilet berdekatan yg perempuan oke, tapi kenapa toilet nya bau Pesing, tisu tak ada, jadi tak nyaman saat sholat dan ambil wudhu bau Pesing toilet tercium,

Saya juga pernah terpijak paku di mushola, sangat tidak diperhatikan bagian tempat solat di wanita, kebersihan dan rapi itu penting,",musholla toilet dekat perempuan oke toilet bau pesing tisu tak tak nyaman sholat wudhu bau pesing toilet cium pijak paku mushola perhati bagi solat wanita bersih rapi penting
Batam Centre Ferry Terminal,3 bintang,NETRAL,POSITIF,"fklopyhtn
saya",fklopyhtn
Batam Centre Ferry Terminal,3 bintang,NETRAL,NEGATIF,"If you want to take grab, go to level 2, find the linkway (looks like a shopfront) to Mega Mall. No grabs are allowed to pick up from the ferry taxi stand. Note that the linkway operates only after 10am so better to take a ferry that reaches around 9.30am. No point coming early else you gotta jaywalk across the roads.",ambil tingkat temu linkway tampak etalase toko mega boleh ambil perhati linkway operasi baik capai guna tidak seberang
Batam Centre Ferry Terminal,5 bintang,POSITIF,NETRAL,Pelabuhan internasional melayani negara Singapura dan Malaysia,layan negara
Batam Centre Ferry Terminal,4 bintang,POSITIF,NETRAL,"Taxi online tidak di perbolehkan masuk untuk menjemput penumpang,,meskipun sedang membawa banyak barang bawaan.",online boleh jemput bawa bawa
Batam Centre Ferry Terminal,3 bintang,NETRAL,POSITIF,"Decent place. Can get very crowded on weekends and chances are you'll have to queue for an hour or more to get past immigration arrival. Good thing, corruption is rampant here. Can just pay some money to some of the officials for an 'express pass'. I've personally seen this happen. What a shame.

The ferry terminal itself is connected to MegaMall via a linkbridge. Convenient.

Oh btw, Grab or GoJek vehicles are not allowed inside. So don't bother booking them, unless you want to see the drivers get beat up by the taxi 'mafias'.",layak ramai pekan mungkin besar antri lama lewat datang imigrasi untung korupsi rajalela bayar jumlah jabat dapat ekspres pribadi lihat jadi sayang sendiri hubung megamall lalu jembatan hubung nyaman btw kendara gojek boleh repot mes lihat kemudi hajar mafia
Batam Centre Ferry Terminal,5 bintang,POSITIF,NETRAL,Mengantar Keluarga Besar 7SB Ke Singapura,antar keluarga besar sb
Batam Centre Ferry Terminal,1 bintang,NEGATIF,NETRAL,"Dear Batam centre ferry terminal
Pls be more professional when it’s Puasa time, we understand that everyone is hungry and tired during this time, but also people are rushing back home or to places to also buka Puasa or to be with their love ones.
U don’t see they whole airport or whole terminal close down / stop services when it’s buka puasa time in anywhere in this world.

Even if you want to close the counter, pls PRE- ALERT passengers that are traveling during that time, as not everyone knows about this rules and regulations that you guys keep changing every single day.

Overall, this place is really nice and clean, it’s just sometimes people there really don’t work professionally enough...I hope this can really help other passenger to take note about this period of time",pusat hormat profesional puasa paham lapar lelah lama orang gegas pulang rumah tempat buka puasa sama cinta kamu lihat seluruh bandara seluruh tutup layan henti buka puasa dunia bahkan tutup tahu pergi lama tahu atur tentu ubah seluruh bagus bersih terkadang orang kurang kerja profesional harap bantu perhati periode ini
Batam Centre Ferry Terminal,4 bintang,POSITIF,NETRAL,Pelabuhan ferry internasinal....dari batam ke Singapore...ato dari batam ke Malaysia...dll,internasinal ato
Batam Centre Ferry Terminal,5 bintang,POSITIF,NETRAL,Ada akses langsung ke mega mall,akses langsung mega
Batam Centre Ferry Terminal,4 bintang,POSITIF,NETRAL,Mau ke singapore bisa lewat sini,lewat
Batam Centre Ferry Terminal,4 bintang,POSITIF,NETRAL,Its an immigration gateway to Indonesia from Singapore. From the ferry just head to buy visa stamp($35) then passport counter. Its about 20minutes to pass all these. Reasonable taxi fair to any hotel within Batam(IDR70000). December 2014,pintu imigrasi feri pergi beli stempel lewat pamer akal hotel idr desember
Batam Centre Ferry Terminal,3 bintang,NETRAL,NEGATIF,very busy port everyday many pple,sibuk
Batam Centre Ferry Terminal,3 bintang,NETRAL,POSITIF,Tempatnya agak berantakan dan toiletnya juga agak kotor tapi untuk ruang tuggu menuju kapal ferry lumayan nyaman dan bersih,beranta toilet kotor tuggu tuju lumayan nyaman bersih
Batam Centre Ferry Terminal,5 bintang,POSITIF,NETRAL,"Sop tulang batam centre, warung Millenia komp Citra batam blok c no 21",sop tulang warung millenia komp citra blok c
Batam Centre Ferry Terminal,4 bintang,POSITIF,NETRAL,Improve on the announcement ...lets other clear n and understand,baik umum jelas paham
Batam Centre Ferry Terminal,4 bintang,POSITIF,NETRAL,"It's one of the greatest port in Indonesia, imho.. but some facilities need for improvement such as toilet",besar fasilitas tingkat toilet
Batam Centre Ferry Terminal,3 bintang,NETRAL,NEGATIF,"Cukup nyaman. Tapi petugas imigrasi kurang ramah. Padahal kami-kami WNI ini juga yang gaji mereka melalui pajak kami.

Mohon lebih manusiawi lagi dalam melayani warga negara yang akan menyebrang ke negara lain.

Follow my IG: @mottzhy",nyaman tugas imigrasi kurang ramah wni gaji lalu pajak mohon manusiawi layan warga negara menyebrang negara follow ig mottzhy
Batam Centre Ferry Terminal,5 bintang,POSITIF,NETRAL,Have bridge to Mega mall Batam Centre,milik jembatan mega
Batam Centre Ferry Terminal,3 bintang,NETRAL,POSITIF,One of the ferry terminal in Batam. Has some shops that sell various things. But not much though. A bit busy. Take taxi to get to your destination..,punya toko jual bagai macam sibuk
Batam Centre Ferry Terminal,5 bintang,POSITIF,NETRAL,Nyebrang ke singapore naik kapal. Harus dtg 1 jam sebelum. Kalau telat bs reschedule kena charge 30rb/org.,nyebrang dtg telat bs reschedule kena charge rb org
Batam Centre Ferry Terminal,4 bintang,POSITIF,NETRAL,"Ferry terminal in the city bound for Singapore, Malaysia, and domestic travel",jalan
Batam Centre Ferry Terminal,3 bintang,NETRAL,POSITIF,"This is a Small Terminal and can't Accommodate more ppl. Service also not good. Food Option is also very less, But have many currency exchange Centers and It has a foot over bridge to Matri mall.

Immigration process is bit slow. I Visited Batam during the Weekend and Waited in the line for more than 3 hours to get the Entry stamp.",kecil tampung layan masyarakat pilih makan enak kurang milik pusat tukar mata milik jembatan mal matri proses imigrasi lambat unjung lama pekan tunggu antre jam dapat stempel
Batam Centre Ferry Terminal,5 bintang,POSITIF,NETRAL,Tempat pertama kali lawatan ke Malaysia,pertama lawat
Batam Centre Ferry Terminal,1 bintang,NEGATIF,NETRAL,Cancelled without notice. Waited for two and a half hours for the next ferry.,batal pemberitahuan tunggu tengah ikut
Batam Centre Ferry Terminal,4 bintang,POSITIF,NETRAL,Anda dapat melalui pelabuhan ini ketika ingin berakhir pekan ke Malaysia dan Singapore begitu juga sebaliknya .,lalu akhir pekan balik
Batam Centre Ferry Terminal,1 bintang,NEGATIF,POSITIF,We docked at terminal but they would not let us get off the ferry and made us wait moore than 30 minutes. Nongsa terminal is soo much better,labuh izin buat tunggu lama nongsa jauh baik
Batam Centre Ferry Terminal,1 bintang,NEGATIF,POSITIF,"The queue was very packed & the system in place wasn't the best, inclusively the waiting area was humid & warm despite the long queue there were only a few counters open",antri padat sistem kurang baik inklusif lembab hangat antri panjang buka
Batam Centre Ferry Terminal,5 bintang,POSITIF,NETRAL,Baru prtama X,baru prtama x
Batam Centre Ferry Terminal,5 bintang,POSITIF,NETRAL,"Seaport located at Batam for ferry service to and from SingaporeI (Tanah Merah and Harbourfront port), and also Malaysia(Pasir Gudang Port)",seaport located service singaporei tanah merah harbourfront also pasir gudang
Batam Centre Ferry Terminal,5 bintang,POSITIF,NETRAL,Standard seperti pelabuhan lainya yang berada dibatam👍 …,standard lai ada dibatam
Batam Centre Ferry Terminal,5 bintang,POSITIF,NETRAL,Harap diingat untuk mengambil bagasi Anda sendiri di kereta.,harap ingat ambil sendiri kereta
Batam Centre Ferry Terminal,4 bintang,POSITIF,NETRAL,Still need improvement,perlu baik
Batam Centre Ferry Terminal,4 bintang,POSITIF,NETRAL,Transit ke Singapore 👍 …,transit
Batam Centre Ferry Terminal,3 bintang,NETRAL,POSITIF,Bagus koq..,bagus koq
Batam Centre Ferry Terminal,3 bintang,NETRAL,POSITIF,Busy crowded comfy place to cross to Singapore using ferry.,sibuk ramai nyaman seberang guna
Batam Centre Ferry Terminal,4 bintang,POSITIF,NEGATIF,"After the renovation, the place have become neater and cleaner
One of it's drawback is the parking lot, it's too small, need to build new one",renovasi jadi rapi bersih kurang parkir terlalu kecil buat baru
Batam Centre Ferry Terminal,5 bintang,POSITIF,NEGATIF,"There are plenty of facilities, and many convenience stores available, including Guardian and others. There are also food outlets. However, the taxi staff weren’t very friendly, so we decided to use Grab instead.",fasilitas toko serba masuk wali lain gerai makan staf terlalu ramah putus guna
Batam Centre Ferry Terminal,3 bintang,NETRAL,POSITIF,"Small place with a few shops and eateries in public area, the nearest big place to browse is Mega Mall opens from late morning.",kecil toko restoran umum besar dekat jajah mal besar buka mulai pagi
Batam Centre Ferry Terminal,5 bintang,POSITIF,NETRAL,Central terminal ada ferry di setiap satu jam,central
Batam Centre Ferry Terminal,5 bintang,POSITIF,NETRAL,Batam Gateway,gateway
Batam Centre Ferry Terminal,4 bintang,POSITIF,NETRAL,Taxis cost twice as much as Ubers but Ubers not allowed to enter. About US$6-10 per trip max,biaya lipat uber uber boleh per jalan maks
Batam Centre Ferry Terminal,4 bintang,POSITIF,NETRAL,Sometimes the ferry will close 15 mins before departure so need to go in at least 30-40 mins as the queue can be long. Otherwise quick check in.,terkadang tutup berangkat berangkat antri panjang tidak check-in cepat
Batam Centre Ferry Terminal,4 bintang,POSITIF,NEGATIF,"Come againnn 😍, agak kotor aja sekarang …",come againnn kotor
Batam Centre Ferry Terminal,3 bintang,NETRAL,NEGATIF,So small terminal,kecil
Batam Centre Ferry Terminal,5 bintang,POSITIF,NETRAL,Pelabuhan yang terhubung langsung dengan Mega Mall.,hubung langsung mega
Batam Centre Ferry Terminal,5 bintang,POSITIF,NETRAL,TErminal Feery ke singapore,feey
Batam Centre Ferry Terminal,4 bintang,POSITIF,NEGATIF,Tidak enak naik pesawat terbang takut jatuh ke bwah,enak pesawat terbang takut jatuh bwah
Batam Centre Ferry Terminal,5 bintang,POSITIF,NEGATIF,Terasa kayak diluar negri,asa kayak luar negri
Batam Centre Ferry Terminal,4 bintang,POSITIF,NEGATIF,Wokeyy,bangun
Batam Centre Ferry Terminal,4 bintang,POSITIF,NEGATIF,"Parkiran kurang, imigrasi kerja nya pelan",parkir kurang imigrasi pelan
Batam Centre Ferry Terminal,5 bintang,POSITIF,NETRAL,"There is new VISA only for holiday on 25 Jan 2025(maybe temporary)/ Visa 7 days(Only for Holiday) - IDR. 253,000(Cash) /  IDR. 258,500(Credit Card)",baru libur januari libur id tunai kartu kredit idr
Batam Centre Ferry Terminal,3 bintang,NETRAL,NEGATIF,"Little ferry center, busy,",pusat kecil sibuk
Batam Centre Ferry Terminal,3 bintang,NETRAL,NEGATIF,Toiletnya sangat kotor...,toilet kotor
Batam Centre Ferry Terminal,4 bintang,POSITIF,NETRAL,The Ferry Terminal Near From Airport and Mall Actually......👍🏽👍🏽👍🏽 …,benar dekat bandara mal
Batam Centre Ferry Terminal,3 bintang,NETRAL,NEGATIF,"Crowded and confusing place. You have eboarding pass on the phone, but still need to get it printed at the counter, so don't come too close to the depqrture time.",ramai bingung punya eboarding pass telepon cetak terlalu dekat berangkat
Batam Centre Ferry Terminal,1 bintang,NEGATIF,POSITIF,"The clearance is fast. But the place is crowded and chaotic. It is connected to the Mega shopping mall, in case you are early to reach the ferry terminal.",izin cepat ramai semrawut hubung pusat belanja besar capai
Batam Centre Ferry Terminal,4 bintang,POSITIF,NEGATIF,Pintu keluar menuju singapura. Dari luar tidak ada kesan ada pelabuhan ferry di sini,pintu tuju kesan
Batam Centre Ferry Terminal,5 bintang,POSITIF,NETRAL,Batam center,
Batam Centre Ferry Terminal,5 bintang,POSITIF,NETRAL,Mau ke singapore kewat sini dari batam,kewat
Batam Centre Ferry Terminal,3 bintang,NETRAL,POSITIF,"Having breakfast here while waiting for the walkway bridge to Mega Mall open (10 AM).
Kfc, restaurants and local snack shops at level 2. You can find indonesia SIM card, taxi and duty free shops at level 1, not much to see though!",sarap tunggu jembatan tuju mega buka restoran kfc toko makan ringan lokal tingkat temu kartu sim toko bebas bea tingkat lihat
Batam Centre Ferry Terminal,4 bintang,POSITIF,NEGATIF,Much better place ever since they renovated.,jauh baik sejak renovasi
Batam Centre Ferry Terminal,4 bintang,POSITIF,NEGATIF,Gas gas nyebrang,gas gas nyebrang
Batam Centre Ferry Terminal,3 bintang,NETRAL,NEGATIF,Rumit,rumit
Batam Centre Ferry Terminal,5 bintang,POSITIF,NETRAL,Pelabuhan internasional kota batam,
Batam Centre Ferry Terminal,5 bintang,POSITIF,NETRAL,Mau tanya'kalau mau masuk malaysia lewat pelabuhan batam ke stulang sudah bisa..?,lewat stulang
Batam Centre Ferry Terminal,5 bintang,POSITIF,NEGATIF,Very very less respect for foreign passport (VOA) office very much look down . Purposely make delay.  Please respect and treat equal everyone. VOA people visit ur country give good impression.  My first immigration very worst in batam ferry terminal.  Hopefully Bali not like this,kurang hormat kantor voa asing lihat sengaja buat tunda harap hormat laku sama unjung negara beri kesan baik imigrasi pertama buruk moga bal
Batam Centre Ferry Terminal,1 bintang,NEGATIF,NETRAL,Titip komentar dulu.,titip komentar dulu
Batam Centre Ferry Terminal,3 bintang,NETRAL,NEGATIF,Harbor isn't very clean.  Be prepared with US currency to pay entrance fees.,labuh terlalu bersih siap mata bayar biaya
Batam Centre Ferry Terminal,5 bintang,POSITIF,NETRAL,bicous this is infonesia,bicous infonesia
Batam Centre Ferry Terminal,5 bintang,POSITIF,NETRAL,ferry to singapore and johor,johor
Batam Centre Ferry Terminal,3 bintang,NETRAL,POSITIF,Hotel,hotel
Batam Centre Ferry Terminal,3 bintang,NETRAL,POSITIF,Nice place to relax and enjoy the beautiful sunrise and sunset. Friendly people around. A weekend if enough for this place to explore.,bagus santa nikmat indah matahari terbit benam orang ramah pekan jajah
Batam Centre Ferry Terminal,5 bintang,POSITIF,NETRAL,Pelabuhan fery internasional,fery
Batam Centre Ferry Terminal,3 bintang,NETRAL,POSITIF,"Small ferry terminal, but probably the largest one in Batam with all the different ferry providers all in one place. There's a large shopping mall next to it, so all is good. They are very relaxed with their security checks and their computer system still runs on Windows XP which occassionally hangs and they have to restart. Expect delay.",kecil besar sedia beda semua pusat belanja besar belah semua baik santai periksa aman sistem komputer jalan windows xp kadang hang mulai ulang harap tunda
Batam Centre Ferry Terminal,3 bintang,NETRAL,NEGATIF,"Immigration process was smooth. Taxi services are overpriced and their the drivers can be pushy and annoying, but no choice as grab and gojek pick up point is far away",proses imigrasi lancar layan mahal mud paksa jengkel pilih titik jemput gojek jauh
Batam Centre Ferry Terminal,5 bintang,POSITIF,NETRAL,KEDATANGAN,datang
Batam Centre Ferry Terminal,3 bintang,NETRAL,POSITIF,Integrated location,integrasi
Batam Centre Ferry Terminal,5 bintang,POSITIF,NETRAL,"Terminal Ferry Internasional Batam center, melayani perjalanan pulang pergi Batam Singapura Batam dan Batam Johor Malaysia Batam",layan jalan pulang johor
Batam Centre Ferry Terminal,5 bintang,POSITIF,NETRAL,one of the ports in batam . Near to city center.,dekat pusat
Batam Centre Ferry Terminal,5 bintang,POSITIF,NEGATIF,Masih pagi blum susah cari parkir😁 …,pagi blum susah cari parkir
Batam Centre Ferry Terminal,4 bintang,POSITIF,NETRAL,Singapore Malaysia,
Batam Centre Ferry Terminal,4 bintang,POSITIF,NETRAL,Ini adalah Hotel Harris.,hotel harris
Batam Centre Ferry Terminal,1 bintang,NEGATIF,POSITIF,Semoga makin maju berkembang&sukses,moga makin maju kembang sukses
Batam Centre Ferry Terminal,4 bintang,POSITIF,NETRAL,"Pengalaman ke2 dsni, nukar uang di MC lt dasar ga dikasih struk, katany mesin lg rusak, garecommend deh beli dsni, mending tukar uang di Jkt ayumas/VIP. Beli tiket ferry majestic di lt.dasar seharga 250ribu 1x jalan, antri di gate C jam 13.00, berangkat 13.30.",alam dsni nukar mc lt dasar kasih struk katany mesin lg rusak garecommend dsni mending tukar jkt ayumas vip majestic lt dasar harga ribu x antri c berangkat
Batam Centre Ferry Terminal,3 bintang,NETRAL,NEGATIF,Terkadang ada beberapa abk fery kurang ramah terhadap penumpang,terkadang abk fery kurang ramah
Batam Centre Ferry Terminal,3 bintang,NETRAL,POSITIF,Good!,bagus
Batam Centre Ferry Terminal,4 bintang,POSITIF,NETRAL,"Ramai antrian panjang imigrasi, siapkan Waktu sekitar satu jam sebelum boarding",ramai antri panjang imigrasi siap boarding
Batam Centre Ferry Terminal,5 bintang,POSITIF,NETRAL,Connected to mega mall at Batam Center.,hubung mega
Batam Centre Ferry Terminal,3 bintang,NETRAL,POSITIF,Good  .,bagus
Batam Centre Ferry Terminal,5 bintang,POSITIF,NEGATIF,"Tex is 65,000 IND here per person, have to pay in ticket counter to get boarding pass.. have so many money exchanger here but there rate isn't good enough..  I recieved  65000 IND for 21RM. Arrival in the first floor and departure in second flood..  before you go to entrance go to ticket counter to collect boarding pass.

I did all those process in just 15 minutes. I arrived at terminal at 10:15 am and got the ferry of 10:30 am",tex per bayar dapat boarding pass milik tukar tarif baik terima ind rm datang pertama berangkat banjir dua pintu ambil boarding pass laku proses tiba pagi dapat pagi
Batam Centre Ferry Terminal,3 bintang,NETRAL,NEGATIF,"So bad terminal i was ever come……
How come people canot go in ???????

Omg wasted time and money",buruk ampun buang
Batam Centre Ferry Terminal,4 bintang,POSITIF,NEGATIF,"The facility is complete.
Help desk, ticketing area, restaurants, souvenir shop, money changer, taxi service, duty free shop.

Help desk : 7/10
Ticketing area : 10/10 (new design and new place)
Restaurant / cafe : 8/10
Money changer : 7/10
Toilet : 6/10
Taxi service : 6/10
Immigration service : 8/10
Waiting room : 9/10
Boarding info : 10/10
Jetty : 9/10
Parking lot : 5/10 (i really do not like the parking lot. Parking space has taken by vip (officer), vallet, and taxi. And visitor park their car not within the space then no parking staff  set the car)",fasilitas lengkap help desk ticketing restoran toko suvenir money changer layan toko bebas bea help desk ticketing desain baru baru restoran cafe money changer layan toilet layan imigrasi info boarding dermaga parkir suka parkir parkir ambil tugas vip vallet unjung parkir staf parkir atur
Batam Centre Ferry Terminal,5 bintang,POSITIF,NETRAL,Pelabuhan internasional ferry batam center.foto 2 dalam dan luar ruangan pelabuhan.,foto ruang
Batam Centre Ferry Terminal,4 bintang,POSITIF,NETRAL,Smooth & fast check in. Before that u need to install peduli lindungi before enter the imigration.,lancar check-in cepat menginstal peduli lindung imigrasi
Batam Centre Ferry Terminal,3 bintang,NETRAL,NEGATIF,Pelayanan harus di tingkatkan lagi,layan tingkat
Batam Centre Ferry Terminal,4 bintang,POSITIF,NETRAL,Connection to Harbour Front (Singapore) about 45 minutes,koneksi front
Batam Centre Ferry Terminal,4 bintang,POSITIF,NETRAL,Boarding back to Singapore,berangkat
Batam Centre Ferry Terminal,4 bintang,POSITIF,NETRAL,"Grab cars can not enter the ferry terminal, so passengers have to walk out to wait for the car under the link bridge. Ticket collection at level 1, collect at least 90mins in advance. Luggage check in at level 1, opens 60mins before departure. There is duty free shop and a mini coffee bar inside the departure hall.",jalan tunggu jembatan hubung ambil tingkat ambil belum check-in tingkat buka berangkat toko bebas bea bar kopi mini aula berangkat
Batam Centre Ferry Terminal,3 bintang,NETRAL,NEGATIF,Tukang parkirnya marah-marah sampai pukul meja,tukang parkir marah marah pukul meja
Batam Centre Ferry Terminal,5 bintang,POSITIF,NETRAL,Sudah dapat tempat parkir,parkir
Batam Centre Ferry Terminal,3 bintang,NETRAL,NEGATIF,"Bagus sih, tapi sudah parkir",bagus parkir
Batam Centre Ferry Terminal,1 bintang,NEGATIF,NETRAL,"Setelah mengantre selama 1,5 jam, penumpang masih belum turun. Tampaknya prioritas diberikan kepada penumpang dari kapal perusahaan tertentu.",antre lama tampak prioritas beri usaha tentu
Batam Centre Ferry Terminal,5 bintang,POSITIF,NETRAL,Pelabuhan batam Center bisa langsung ke Singapura dan malaysia,langsung
Batam Centre Ferry Terminal,2 bintang,NEGATIF,POSITIF,"Ticket counter at Level 1. A lot money changer store that are too loud and pushy.

Small terminal and really crowded. Cant even order grab here because u need to use their taxi services

This terminal has direct access to Mega Mall Batam",tingkat toko tukar terlalu berisik paksa kecil ramai bahkan mes guna layan milik akses langsung mega
Batam Centre Ferry Terminal,1 bintang,NEGATIF,NETRAL,"Proses imigrasi memakan waktu lama, gunakan pelabuhan lain jika memungkinkan.",proses imigrasi makan lama guna mungkin
Batam Centre Ferry Terminal,3 bintang,NETRAL,NEGATIF,"""Much better place ever since they renovated",jauh baik sejak renovasi
Batam Centre Ferry Terminal,3 bintang,NETRAL,POSITIF,"The terminal is not very big. On the first floor, there are a few fashion shop. Whereas on the second floor, there are a few restaurants and minimarts. You can walk over to Mega Mall using the link bridge. But their toilets are quite dirty maybe coz too people using them. The aircon is also not strong before you go through the immigration. While waiting for the ferry, they have 2 shops if you need to buy last minute souvenirs. The aircon is cooling",terminal terlalu besar pertama toko fashion restoran minimarket jalan mega guna jembatan hubung toilet kotor orang guna ac kuat lewat imigrasi tunggu milik toko beli oleh menit akhir ac-nya dingin
Batam Centre Ferry Terminal,5 bintang,POSITIF,NETRAL,"had been here twice , so many people came here for transit i guess",kali transit rasa
Batam Centre Ferry Terminal,2 bintang,NEGATIF,NETRAL,"We can only check-in our baggage 1h before departure time and this 1h is not enough to queue, clear customs and board the ferry on time. Advise all to not check-in baggage during long weekends and queue ahead of time so you will not miss your ferry. If you do miss your ferry, approach your operator and they probably will let u board the next ferry if there are empty seats.",daftar berangkat antri lewat bea cukai tepat saran daftar lama pekan panjang antri tinggal tinggal feri dekat operator izin ikut kursi kosong
Batam Centre Ferry Terminal,2 bintang,NEGATIF,POSITIF,"A small terminal with the bare necessities for inbound and outbound ferry passengers. There are a few restaurants on the second floor, but they are expensive with a severely limited variety.

The boarding experience was also quite dreadful as the boarding area was incredibly crowded, and the complete lack of organization at the boarding gates made it difficult to know where to queue when it was time to board.

As a frequent traveller to Batam, I would definitely recommend departing from either Harbour Bay or Nongsapura because this place is just a seething cauldron of frustrated human bodies.",kecil sedia butuh restoran harga mahal variasi batas alam pesawat keri berangkat ramai kurang atur berangkat buat sulit tahu antri tiba waktu pergi rekomendasi berangkat hanya kuali tubuh manusia frustrasi
Batam Centre Ferry Terminal,3 bintang,NETRAL,NEGATIF,"Entry was slow.
But it's normal.",entri lambat normal
Batam Centre Ferry Terminal,5 bintang,POSITIF,NETRAL,"Pelabuhan ferry dari batam ke singapore/malaysia.
Ada money changer,restauran,minimarket,dekat dengan megamall",money changer restauran minimarket dekat megamall
Batam Centre Ferry Terminal,3 bintang,NETRAL,POSITIF,"Batam Centre Point International Ferry Terminal - Functional But Basic
Location: Batam Centre, Kota Batam, Kepulauan Riau
Rating: ⭐⭐⭐ (3.5/5)
I've passed through this terminal several times over the past year, so I've gotten pretty familiar with how it operates.
The Good:
The basics are covered well enough. There are plenty of SIM card kiosks right when you arrive, which is handy if you need to get connected immediately. Immigration processing is straightforward - nothing fancy, but it moves along at a reasonable pace. Luggage retrieval is simple and easy to navigate.
The real bonus is the overhead walkway that connects directly to Mega City Mall. Makes getting to the Grab taxi stand super convenient - you don't have to deal with touts or figure out where to go. Just walk across and you're there.
The Not-So-Good:
It's a functional terminal, but that's about it. Don't expect much in terms of amenities or comfort while you're waiting. The facility feels pretty basic and could use some updating to make the arrival/departure experience more pleasant.
Bottom Line:
Does the job for getting in and out of Batam, and the connection to Mega City Mall is genuinely useful for onward travel. It's not going to wow you, but it won't give you major headaches either. If you're a regular traveler to Batam like me, you'll appreciate the straightforward layout even if it's nothing special. Sonnet 4.5",titik pusat fungsional lokasi strategis pusat pulau riau peringkat lewat lama tahun akhir familiar cara operasi bagus dasar bahas baik kios kartu sim tepat tiba guna hubung segera proses imigrasi mudah mewah jalan cepat wajar ambil sederhana mudah navigasi bonus benar setapak hubung langsung besar mal buat jadi nyaman urus calo cari tahu pergi jalan seberang ada sana terminal bagus saja harap fasilitas nyaman tunggu fasilitas asa dasar baru jadi alam berangkat datang senang buat pusing orang lancong biasa saya harga tata letak sederhana soneta istimewa
Batam Centre Ferry Terminal,4 bintang,POSITIF,NETRAL,Preparing to Singapore,siap
Batam Centre Ferry Terminal,4 bintang,POSITIF,NEGATIF,"Area parkir terbatas..susah mencari tempat parkir, khususnya mobil",parkir batas susah cari parkir khusus
Batam Centre Ferry Terminal,4 bintang,POSITIF,NETRAL,You can catch ferry to Singapore.,
Batam Centre Ferry Terminal,3 bintang,NETRAL,NEGATIF,"Imigrasi nya friendly2…cuma security pelabuhan nya, nggak sopan samsek 🤣 …",imigrasi friendly security sopan samsek
Batam Centre Ferry Terminal,5 bintang,POSITIF,NETRAL,Sya pernah dtang ditanah batam center di tahun 2010,sya dtang tanah
Batam Centre Ferry Terminal,4 bintang,POSITIF,NEGATIF,"Tempat ini dapat diakses dari Singapura dalam waktu satu jam.

Sebenarnya, saya ingin pergi ke Harbour Bay, tetapi malah berakhir di sini secara tidak sengaja. Hati-hati saat membeli tiket.

Setelah memasuki Pulau Batam, saya pergi ke imigrasi, tetapi di sinilah saya membuat kesalahan.

Biaya visa adalah 25 dolar AS atau 38 dolar Singapura, tetapi jika kembalian diberikan, itu diberikan dalam rupiah dengan nilai tukar yang sangat buruk...
Saya kehilangan sekitar 800 yen...

Sejauh yang saya tahu, satu-satunya cara untuk berkeliling pulau adalah dengan taksi.",akses benar malah akhir sengaja hati hati beli pasuk imigrasi sini buat salah biaya dolar dolar kembali beri beri rupiah nilai tukar buruk hilang yen jauh tahu satu cara keliling
Batam Centre Ferry Terminal,5 bintang,POSITIF,NETRAL,"Terminal ferry dari dan ke Singapore dan Malaysia, tempat transite dan pintu masuk ke Indonesia...",transite pintu
Batam Centre Ferry Terminal,3 bintang,NETRAL,POSITIF,"Pelabuhan Batam Center adalah pelabuhan paling sibuk di Batam. Parkiran  disini sangat susah cari yang kosong. Taxi online tidak bisa menjemput disini, selain itu kualitas pelayanan imigrasinya masih harus ditingkatkan. Jangan membedakan pelayanan terhadap warga asing dan warga sendiri.",sibuk parkir sini susah cari kosong online jemput sini kualitas layan imigrasi tingkat beda layan warga asing warga sendiri
Batam Centre Ferry Terminal,1 bintang,NEGATIF,NETRAL,Krn tmpt nya indh,tmpt indh
Batam Centre Ferry Terminal,5 bintang,POSITIF,NETRAL,"Connected to the mall, one of the gateway to Singapore by sea.",hubung pintu lalu
Batam Centre Ferry Terminal,5 bintang,POSITIF,NETRAL,"Harga tiket sekali jalan Rp. 400.000, kalau pulang pergi Rp. 700.000",harga rp pulang rp
