location,text,rating,time,clean_text,translated_text,final_text,sentiment
Batam Centre Ferry Terminal,One of the ferry terminal in Batam. Has some shops that sell various things. But not much though. A bit busy. Take taxi to get to your destination..,3 stars,7 years ago,one of the ferry terminal in batam has some shops that sell various things but not much though a bit busy take taxi to get to your destination,salah satu terminal feri di batam mempunyai beberapa toko yang menjual berbagai macam barang namun tidak banyak walaupun agak sibuk naik taksi untuk sampai ke tujuan anda,salah satu terminal feri batam punya beberapa toko jual bagai macam barang tidak banyak walaupun sibuk naik taksi sampai tuju,LABEL_0
Batam Centre Ferry Terminal,"There are plenty of facilities, and many convenience stores available, including Guardian and others. There are also food outlets. However, the taxi staff weren’t very friendly, so we decided to use Grab instead.",5 stars,3 months ago,there are plenty of facilities and many convenience stores available including guardian and others there are also food outlets however the taxi staff werent very friendly so we decided to use grab instead,ada banyak fasilitas dan banyak toko serba ada termasuk wali dan lainnya. Ada juga gerai makanan namun staf taksi tidak terlalu ramah jadi kami memutuskan untuk menggunakan ambil saja.,banyak fasilitas banyak toko serba masuk wali lain ada gerai makan staf taksi terlalu ramah jadi putus guna ambil saja,LABEL_2
Batam Centre Ferry Terminal,"The departure is at second storey which can be confusing for those who are new. The interior of the terminal has changed alot over the years. The last round when I was there, the kfc was still under renovation and hope it is opened now as there is a shortage of food line for quick bites.",4 stars,Edited 3 years ago,the departure is at second storey which can be confusing for those who are new the interior of the terminal has changed alot over the years the last round when i was there the kfc was still under renovation and hope it is opened now as there is a shortage of food line for quick bites,keberangkatan berada di lantai dua yang dapat membingungkan bagi mereka yang baru interior terminal telah banyak berubah selama bertahun-tahun putaran terakhir ketika saya berada di sana kfc masih dalam renovasi dan berharap dibuka sekarang karena ada kekurangan antrean makanan untuk camilan cepat,berangkat ada lantai bingung mereka yang baru interior terminal banyak ubah lama tahun putar akhir saya ada sana kfc dalam renovasi harap buka sekarang ada kurang antre makan camil cepat,LABEL_2
Batam Centre Ferry Terminal,"Strategically located in the downtown area that connects to Batam Mall with a link pedestrian bridge.

The place is well organized and clean. This ferry terminal serves the ferry to Johor Bahru and Singapore.

Ticketing counter, luggage handling service, money changer, information counter, tourists sim card services, toilets and food court are available here.",5 stars,2 years ago,"strategically located in the downtown area that connects to batam mall with a link pedestrian bridge

the place is well organized and clean this ferry terminal serves the ferry to johor bahru and singapore

ticketing counter luggage handling service money changer information counter tourists sim card services toilets and food court are available here","berlokasi strategis di pusat kota yang menghubungkan ke batam mall dengan jembatan penyeberangan link

tempatnya tertata rapi dan bersih terminal feri ini melayani feri ke johor bahru dan singapura

konter tiket layanan penanganan bagasi konter informasi penukaran uang layanan kartu sim turis toilet dan food court tersedia di sini",lokasi strategis pusat kota hubung batam mall jembatan seberang link tempat tata rapi bersih terminal feri layan feri johor bahru singapura konter tiket layan tangan bagasi konter informasi tukar uang layan kartu sim turis toilet food court sedia sini,LABEL_1
Batam Centre Ferry Terminal,"Clean and fast service for taking ferry to Harbour Front, Singapore.",5 stars,7 years ago,clean and fast service for taking ferry to harbour front singapore,layanan bersih dan cepat untuk naik feri ke pelabuhan depan singapura,layan bersih cepat naik feri labuh depan singapura,LABEL_0
Batam Centre Ferry Terminal,"Maha Vihara Duta Maitreya Monastery Temple. Will come here again, nice place and peace...",5 stars,8 years ago,maha vihara duta maitreya monastery temple will come here again nice place and peace,kuil biara maha vihara duta maitreya akan datang ke sini lagi tempat yang bagus dan damai,kuil biara maha vihara duta maitreya datang sini tempat bagus damai,LABEL_0
Batam Centre Ferry Terminal,"This is second time here. The information desk is great. Phone sim card available. Stores, walkway to mall. The VIP room 50k. It's worth it. Tea, smoking room available. Free Wi-Fi.",4 stars,9 years ago,this is second time here the information desk is great phone sim card available stores walkway to mall the vip room k its worth it tea smoking room available free wifi,ini kedua kalinya di sini meja informasi sangat bagus kartu sim telepon tersedia toko jalan ke mal ruang vip k itu sepadan teh ruang merokok tersedia wifi gratis,dua kali sini meja informasi sangat bagus kartu sim telepon sedia toko jalan mal ruang vip k padan teh ruang rokok sedia wifi gratis,LABEL_0
Batam Centre Ferry Terminal,Waiting for an hour now in immigration . . . Empty counters and people chatting. Wouldnt come here again and I'm not out of port yet hahahaha,1 star,8 years ago,waiting for an hour now in immigration    empty counters and people chatting wouldnt come here again and im not out of port yet hahahaha,menunggu satu jam sekarang di loket imigrasi kosong dan orang ngobrol tidak akan datang ke sini lagi dan saya belum keluar dari pelabuhan hahahaha,tunggu satu jam sekarang loket imigrasi kosong orang ngobrol akan datang sini dan belum keluar labuh hahahaha,LABEL_2
Batam Centre Ferry Terminal,"The place is spacious, the toilets are clean, the immigration check point is quiet quick (not so  many queue even though on weekend).",5 stars,8 years ago,the place is spacious the toilets are clean the immigration check point is quiet quick not so  many queue even though on weekend,tempatnya luas toiletnya bersih tempat pemeriksaan imigrasi tenang cepat tidak begitu banyak antrian padahal weekend,tempat luas toilet bersih tempat periksa imigrasi tenang cepat begitu banyak antri padahal weekend,LABEL_0
Batam Centre Ferry Terminal,Almost empty on a Sat evening 🙃 thanks for the memories! Will return some day! 👍🏻 …,5 stars,2 years ago,almost empty on a sat evening  thanks for the memories will return some day,hampir kosong pada Sabtu malam terima kasih atas kenangannya akan kembali suatu hari nanti,hampir kosong sabtu malam terima kasih atas kenang kembali suatu hari,LABEL_1
Batam Centre Ferry Terminal,Harbor isn't very clean.  Be prepared with US currency to pay entrance fees.,3 stars,9 years ago,harbor isnt very clean  be prepared with us currency to pay entrance fees,"pelabuhan tidak terlalu bersih, bersiaplah dengan mata uang kami untuk membayar biaya masuk",labuh terlalu bersih siap mata uang untuk bayar biaya masuk,LABEL_2
Batam Centre Ferry Terminal,Do not use pistas samudera ferry. The service is so bad. Ferry always delay more then an hour,1 star,5 months ago,do not use pistas samudera ferry the service is so bad ferry always delay more then an hour,"jangan gunakan feri pistas samudera, layanannya sangat buruk, feri selalu menunda lebih dari satu jam",jangan guna feri pistas samudera layan sangat buruk feri selalu tunda lebih satu jam,LABEL_2
Batam Centre Ferry Terminal,"Old and outdated twrminal. Non organizing, no significant instructions board, boat delayed by more than an hour without information and caused us queued there for more than an hour. Won't come to this terminal anymore if visit to Batam again",1 star,a year ago,old and outdated twrminal non organizing no significant instructions board boat delayed by more than an hour without information and caused us queued there for more than an hour wont come to this terminal anymore if visit to batam again,terminal twrminal tua dan ketinggalan jaman tidak tertata rapi tidak ada petunjuk berarti naik kapal tertunda lebih dari satu jam tanpa informasi dan menyebabkan kami mengantri disana lebih dari satu jam tidak akan datang ke terminal ini lagi jika berkunjung ke batam lagi,terminal twrminal tua tinggal jaman tata rapi ada tunjuk arti naik kapal tunda lebih satu jam informasi sebab antri sana lebih satu jam akan datang terminal kunjung batam lagi,LABEL_1
Batam Centre Ferry Terminal,One of the busiest ferry port in Batam and is located in the center of Batam’s administrative government. It is connected to Mega Mall batam center too,5 stars,5 years ago,one of the busiest ferry port in batam and is located in the center of batams administrative government it is connected to mega mall batam center too,salah satu pelabuhan feri tersibuk di batam dan terletak di pusat pemerintahan administratif batam terhubung dengan mega mall batam center juga,salah satu labuh feri sibuk batam letak pusat perintah administratif batam hubung mega mall batam center,LABEL_1
Batam Centre Ferry Terminal,"The officer was really rude to a person arriving. An outdated old man staff, not friendly",1 star,a year ago,the officer was really rude to a person arriving an outdated old man staff not friendly,petugasnya kasar banget ke orang datang orang tua ketinggalan jaman stafnya kurang ramah,tugas kasar banget orang datang orang tua tinggal jaman staf kurang ramah,LABEL_2
Batam Centre Ferry Terminal,"The clearance is fast. But the place is crowded and chaotic. It is connected to the Mega shopping mall, in case you are early to reach the ferry terminal.",1 star,7 years ago,the clearance is fast but the place is crowded and chaotic it is connected to the mega shopping mall in case you are early to reach the ferry terminal,izinnya cepat tetapi tempatnya ramai dan semrawut. Terhubung ke pusat perbelanjaan besar jika Anda datang lebih awal untuk mencapai terminal feri,izin cepat tempat ramai semrawut hubung pusat belanja besar anda datang lebih awal capai terminal feri,LABEL_0
Batam Centre Ferry Terminal,too shame that monitor on the ferry terminal for ads no information of departure or other information. speaker for announcement too loud and unclear. service attitude are bad.,2 stars,9 years ago,too shame that monitor on the ferry terminal for ads no information of departure or other information speaker for announcement too loud and unclear service attitude are bad,sayang sekali monitor di terminal feri untuk iklan tidak ada informasi keberangkatan atau informasi lainnya pembicara untuk pengumuman terlalu keras dan tidak jelas sikap pelayanan buruk,sayang sekali monitor terminal feri iklan ada informasi berangkat informasi lain bicara umum terlalu keras tidak jelas sikap layan buruk,LABEL_2
Batam Centre Ferry Terminal,Nice lively place close to the ferry terminal.,4 stars,7 years ago,nice lively place close to the ferry terminal,tempat ramai yang bagus dekat dengan terminal feri,tempat ramai bagus dekat terminal feri,LABEL_0
Batam Centre Ferry Terminal,Small have most basic need for traver people. Can find a nice coffee. Not too bad.  All the staff there is friendly.,4 stars,6 years ago,small have most basic need for traver people can find a nice coffee not too bad  all the staff there is friendly,kecil memiliki kebutuhan paling mendasar untuk traver orang dapat menemukan kopi yang enak tidak terlalu buruk semua staf di sana ramah,kecil milik butuh paling dasar traver orang temu kopi enak terlalu buruk semua staf sana ramah,LABEL_2
Batam Centre Ferry Terminal,"This is one of international ports in Batam. It is easy to access if you stay in the downtown area. However, online taxis are not allowed for passenger's pick-up. You can travel to Singapore and Malaysia from here. You only need to buy ticket directly from the companies' outlet. Advanced ticket booking is not advantageous according to me. There are also some public facilities in the building such as food and beverage stalls, restrooms, and power outlets. You can also find money changers here. The staffs are friendly and helpful enough.",5 stars,3 years ago,this is one of international ports in batam it is easy to access if you stay in the downtown area however online taxis are not allowed for passengers pickup you can travel to singapore and malaysia from here you only need to buy ticket directly from the companies outlet advanced ticket booking is not advantageous according to me there are also some public facilities in the building such as food and beverage stalls restrooms and power outlets you can also find money changers here the staffs are friendly and helpful enough,ini adalah salah satu pelabuhan internasional di batam mudah diakses jika anda tinggal di pusat kota namun taksi online tidak diperbolehkan untuk penjemputan penumpang anda dapat melakukan perjalanan ke singapura dan malaysia dari sini anda hanya perlu membeli tiket langsung dari outlet perusahaan pemesanan tiket lanjutan tidak menguntungkan menurut saya ada juga beberapa fasilitas umum di dalam gedung seperti kios makanan dan minuman toilet dan stopkontak anda juga dapat menemukan penukaran uang di sini para stafnya ramah dan cukup membantu,adalah salah satu labuh internasional batam mudah akses tinggal pusat kota taksi online boleh jemput tumpang laku jalan singapura malaysia sini hanya perlu beli tiket langsung outlet usaha mesan tiket lanjut untung saya juga beberapa fasilitas umum dalam gedung kios makan minum toilet stopkontak anda juga dapat temu tukar uang sini staf ramah cukup bantu,LABEL_0
Batam Centre Ferry Terminal,Connection to Harbour Front (Singapore) about 45 minutes,4 stars,9 years ago,connection to harbour front singapore about  minutes,koneksi ke harbour front singapura sekitar beberapa menit,koneksi harbour front singapura beberapa menit,LABEL_1
Batam Centre Ferry Terminal,Its a hell. No aircon no proper queuing,1 star,6 years ago,its a hell no aircon no proper queuing,"tidak ada AC, tidak ada antrian yang layak",ada ac ada antri layak,LABEL_0
Batam Centre Ferry Terminal,"Entry into Batam was quick and prompt. Yen immigration counters to clear the peak hours queues. Air conditioned waiting area.

70k rupiah for a taxi to sukajadi area",5 stars,7 years ago,"entry into batam was quick and prompt yen immigration counters to clear the peak hours queues air conditioned waiting area

k rupiah for a taxi to sukajadi area","masuk ke batam cepat dan cepat di loket imigrasi yen untuk membersihkan antrian jam sibuk di ruang tunggu ber-AC

k rupiah untuk taksi ke daerah sukajadi",masuk batam cepat cepat loket imigrasi yen bersih antri jam sibuk ruang tunggu ber-ac k rupiah taksi daerah sukajadi,LABEL_1
Batam Centre Ferry Terminal,"Act of corruption. Very bad services. The staff at baggage handling was very rude. Not explaining more details about baggage handling yet blame me and my family for not asking them. At first, they told my brother to pay. Then, after me and my sister came, they denied it. It was my first time to come there and will be the last time I go there. Will not come again to Batam.",1 star,11 months ago,act of corruption very bad services the staff at baggage handling was very rude not explaining more details about baggage handling yet blame me and my family for not asking them at first they told my brother to pay then after me and my sister came they denied it it was my first time to come there and will be the last time i go there will not come again to batam,tindakan korupsi pelayanan yang sangat buruk staf di penanganan bagasi sangat kasar tidak menjelaskan lebih detail tentang penanganan bagasi namun menyalahkan saya dan keluarga saya karena tidak meminta mereka pada awalnya mereka menyuruh saudara laki-laki saya untuk membayar kemudian setelah saya dan saudara perempuan saya datang mereka menyangkalnya itu adalah pertama kalinya saya datang ke sana dan akan menjadi yang terakhir kali saya pergi ke sana tidak akan datang lagi ke batam,tindak korupsi layan sangat buruk staf tangan bagasi sangat kasar jelas lebih detail tangan bagasi salah keluarga karena minta pada awal suruh saudara laki untuk bayar kemudian saudara perempuan datang sangkal adalah pertama kali datang sana dan akan jadi akhir kali saya pergi sana akan datang ke batam,LABEL_2
Batam Centre Ferry Terminal,"Ticket counter at Level 1. A lot money changer store that are too loud and pushy.

Small terminal and really crowded. Cant even order grab here because u need to use their taxi services

This terminal has direct access to Mega Mall Batam",2 stars,9 months ago,"ticket counter at level  a lot money changer store that are too loud and pushy

small terminal and really crowded cant even order grab here because u need to use their taxi services

this terminal has direct access to mega mall batam","loket tiket di tingkat banyak toko penukaran uang yang terlalu berisik dan memaksa

terminal kecil dan sangat ramai bahkan tidak bisa memesan ambil di sini karena Anda perlu menggunakan layanan taksi mereka

terminal ini memiliki akses langsung ke mega mall batam",loket tiket tingkat banyak toko tukar uang terlalu berisik paksa terminal kecil sangat ramai bahkan bisa mes ambil sini anda perlu guna layan taksi mereka terminal milik akses langsung mega mall batam,LABEL_0
Batam Centre Ferry Terminal,"It's main port out of 4 ferry terminals in Batam. Other three are in Harbour Bay, Sekupang and Nongsa. Batam Centre port has most ferry schedule to either Singapore or Malaysia by various ferry providers with similar price range (only slight difference). It's incorporated to Mega Mall by overpass bridge which is good. Yet, parking spot is very limited. Need to come early to grab a spot. Paid less than IDR10k for one day as per my experience.",4 stars,7 years ago,its main port out of  ferry terminals in batam other three are in harbour bay sekupang and nongsa batam centre port has most ferry schedule to either singapore or malaysia by various ferry providers with similar price range only slight difference its incorporated to mega mall by overpass bridge which is good yet parking spot is very limited need to come early to grab a spot paid less than idrk for one day as per my experience,pelabuhan utamanya dari terminal feri di batam tiga lainnya berada di harbour bay sekupang dan pelabuhan pusat nongsa batam memiliki jadwal feri paling banyak ke singapura atau malaysia oleh berbagai penyedia feri dengan kisaran harga yang sama hanya sedikit perbedaan yang dimasukkan ke mega mall melalui jembatan layang yang bagus namun tempat parkir sangat terbatas perlu datang lebih awal untuk mengambil tempat dengan bayaran kurang dari Rp untuk satu hari sesuai pengalaman saya,labuh utama terminal feri batam tiga lain ada harbour bay kupang labuh pusat nongsa batam milik jadwal feri paling banyak singapura malaysia bagai sedia feri kisar harga sama sedikit beda masuk mega mall lalu jembatan layang bagus tempat parkir sangat batas perlu datang lebih awal ambil tempat bayar kurang rp satu hari sesuai alam,LABEL_0
Batam Centre Ferry Terminal,"What an efficient immigration counter!
The staffs managed the crowd well during weekend. Well done!",4 stars,7 years ago,"what an efficient immigration counter
the staffs managed the crowd well during weekend well done","sungguh konter imigrasi yang efisien
para staf mengatur kerumunan dengan baik selama akhir pekan dengan baik",sungguh konter imigrasi efisien para staf atur kerumun baik lama akhir pekan baik,LABEL_0
Batam Centre Ferry Terminal,"POSSIBLE ACT OF BRIBERY/ CORRUPTION

So last Friday (21/2/2025), three of us (mom, brother and me) was having our weekend trip to Batam.

We arrived at Batam Center Ferry Terminal at 9am local time. While lining up for passport check, I was setting up my roaming to fill up the Visa of Arrival (VOA). There, I was being called by an immigration lady to the office and both my mom’s and my phone, together with my passport was being taken by the immigration lady. Then, she told me to wait outside of her office (it was 9.30am Batam time). Roughly after 20-30 minutes, she went of of her office room to attend another offencer, but when she saw me, she asked me “kamu ngapain disini?” twice because I was super clueless. Then I told her that my phone and passport was taken by her. She then rudely told me “ha tahu pun kamu, kamu tahu nggak apa salahmu?” I replied, “aku tadi lagi setting my roaming service to fill my VOA”. Then, she told me that roaming can be done after immigration outside. I then just remained silent and nod softly. She then went back into her room and ghosted me for not sure how many hours. While waiting for her action, I was just sat on the chair, not provoking nor asking for a release because I believe she just did her job. Then, there was a man sat right to me asking what happened. I told him that my passport and phones were taken by the officer. He then softly told me that he can offer help. Me being suspicious with the offer (I can sense that his help came with a tipping/side money, I replied him “nggak papa. Aku tunggu aja”). This man then left me and went for another offender (not directly but periodically he will come into the room).

Bear in mind that throughout my wait, there were many offender after me that being released in less than 10 minutes waiting (one of them directly was with the guy who offered me help).

Fast forward, I was being held in the waiting area, from 9am until 1.30pm. When I was about to be released, the lady officer told me to not use phone anymore while waiting for the immigration check. Me being frustrated being held that long without phone and passport, replied her with a single word, “maybe”. She got furious and proceed to reject my entry. I told her that “that’s okay. Just send me back to Malaysia cause I was mentally and physically drained from the wait”.

While waiting for my return ferry, she came to me asking me to call my family. Apparently, when my ferry PIC informed my mom that I will be sent home for “rude” behaviour, my mum was asking the lady officer’s name from the ferry PIC, and wanted to report her for wrong accussation. I was being accused for playing my phone despite being warned twice by the other officer (in which, I was not being warned at all for the offense (if any). She then cleared my entry after hearing that my mom wanted to report her for possible act of corruption and misaccusation (because at 11.30am Batam time, my mom went into the waiting area to see me, and I told her that there was one local guy offered me for help). The last picture was the guy who offered me help, having a conversation with the lady officer.

This posting was not to accuse the officer for act of corruption, but for the visitor to be more aware of this frequent incidences of “random check/using phone while in immigration” offense. Also, for the public authority to investigate the presence of the guy offering me help in the Batam Center Ferry Immigration office. Why were he in the office most of the time. Also to Ms Cia, you owed me my 4 hours time waiting like a stupid guy, and you don’t deserve my respect.",1 star,a year ago,"possible act of bribery corruption

so last friday  three of us mom brother and me was having our weekend trip to batam

we arrived at batam center ferry terminal at am local time while lining up for passport check i was setting up my roaming to fill up the visa of arrival voa there i was being called by an immigration lady to the office and both my moms and my phone together with my passport was being taken by the immigration lady then she told me to wait outside of her office it was am batam time roughly after  minutes she went of of her office room to attend another offencer but when she saw me she asked me kamu ngapain disini twice because i was super clueless then i told her that my phone and passport was taken by her she then rudely told me ha tahu pun kamu kamu tahu nggak apa salahmu i replied aku tadi lagi setting my roaming service to fill my voa then she told me that roaming can be done after immigration outside i then just remained silent and nod softly she then went back into her room and ghosted me for not sure how many hours while waiting for her action i was just sat on the chair not provoking nor asking for a release because i believe she just did her job then there was a man sat right to me asking what happened i told him that my passport and phones were taken by the officer he then softly told me that he can offer help me being suspicious with the offer i can sense that his help came with a tippingside money i replied him nggak papa aku tunggu aja this man then left me and went for another offender not directly but periodically he will come into the room

bear in mind that throughout my wait there were many offender after me that being released in less than  minutes waiting one of them directly was with the guy who offered me help

fast forward i was being held in the waiting area from am until pm when i was about to be released the lady officer told me to not use phone anymore while waiting for the immigration check me being frustrated being held that long without phone and passport replied her with a single word maybe she got furious and proceed to reject my entry i told her that thats okay just send me back to malaysia cause i was mentally and physically drained from the wait

while waiting for my return ferry she came to me asking me to call my family apparently when my ferry pic informed my mom that i will be sent home for rude behaviour my mum was asking the lady officers name from the ferry pic and wanted to report her for wrong accussation i was being accused for playing my phone despite being warned twice by the other officer in which i was not being warned at all for the offense if any she then cleared my entry after hearing that my mom wanted to report her for possible act of corruption and misaccusation because at am batam time my mom went into the waiting area to see me and i told her that there was one local guy offered me for help the last picture was the guy who offered me help having a conversation with the lady officer

this posting was not to accuse the officer for act of corruption but for the visitor to be more aware of this frequent incidences of random checkusing phone while in immigration offense also for the public authority to investigate the presence of the guy offering me help in the batam center ferry immigration office why were he in the office most of the time also to ms cia you owed me my  hours time waiting like a stupid guy and you dont deserve my respect","kemungkinan tindakan korupsi suap

jadi hari Jumat lalu, kami bertiga dan aku, kakak laki-laki, sedang mengadakan perjalanan akhir pekan ke batam

kami tiba di terminal feri pusat batam pada waktu setempat sambil mengantri untuk pemeriksaan paspor saya sedang mengatur roaming saya untuk mengisi visa kedatangan voa di sana saya dipanggil oleh petugas imigrasi ke kantor dan ibu saya dan telepon saya bersama dengan paspor saya diambil oleh wanita imigrasi lalu dia menyuruh saya menunggu di luar kantornya. Saat itu waktu batam kira-kira setelah beberapa menit dia keluar dari ruang kantornya untuk menghadiri pelanggar lain tetapi ketika dia melihat saya dia bertanya kepada saya kamu ngapain disini dua kali karena saya sangat tidak mengerti lalu aku bilang padanya bahwa telepon dan pasporku diambil olehnya dia lalu dengan kasar memberitahuku ha tahu pun kamu kamu tahu bukan apa salahmu aku menjawab aku tadi lagi mengatur layanan roamingku untuk mengisi voaku lalu dia memberitahuku bahwa roaming bisa dilakukan setelah imigrasi di luar aku kemudian hanya diam dan mengangguk pelan dia kemudian kembali ke kamarnya dan membuatku takut tidak yakin berapa jam sambil menunggu tindakannya aku hanya duduk di kursi tidak memprovokasi atau meminta pembebasan karena aku yakin dia baru saja melakukan pekerjaannya lalu ada seorang laki-laki duduk tepat di sebelahku bertanya apa yang terjadi aku bilang kepadanya bahwa paspor dan ponselku diambil oleh petugas dia kemudian dengan lembut mengatakan padaku bahwa dia bisa menawarkan bantuan. Aku curiga dengan tawaran itu aku bisa merasakan bahwa bantuannya datang dengan uang tippingside aku menjawab dia tidak papa aku tunggu aja pria ini lalu meninggalkanku dan mencari pelaku lain tidak secara langsung tetapi secara berkala dia akan masuk ke kamar

perlu diingat bahwa selama saya menunggu banyak sekali pelaku yang mengejar saya yang dibebaskan dalam waktu kurang dari beberapa menit menunggu salah satu dari mereka langsung bersama orang yang menawari saya bantuan.

maju cepat aku ditahan di ruang tunggu dari pagi sampai sore ketika aku akan dibebaskan petugas wanita itu menyuruhku untuk tidak menggunakan telepon lagi sambil menunggu pemeriksaan imigrasi aku frustrasi ditahan selama itu tanpa telepon dan paspor menjawabnya dengan satu kata mungkin dia marah dan melanjutkan untuk menolak entri saya saya mengatakan kepadanya bahwa tidak apa-apa kirim saja saya kembali ke malaysia karena saya lelah secara mental dan fisik dari penantian

sambil menunggu feri saya kembali, dia datang kepada saya meminta saya untuk menelepon keluarga saya rupanya ketika foto feri saya memberi tahu ibu saya bahwa saya akan dipulangkan karena perilaku kasar ibu saya menanyakan nama petugas wanita dari foto feri dan ingin melaporkan dia atas tuduhan yang salah saya dituduh memainkan telepon saya meskipun telah diperingatkan dua kali oleh petugas lain di mana saya tidak diperingatkan sama sekali atas pelanggaran tersebut jika ada dia kemudian membersihkan entri saya setelah mendengar bahwa ibu saya ingin melaporkan dia atas kemungkinan tindakan korupsi dan kesalahan tuduhan karena pada waktu am batam ibu saya pergi ke ruang tunggu untuk menemui saya dan saya mengatakan kepadanya bahwa ada seorang pria lokal yang menawari saya bantuan. Gambar terakhir adalah pria yang menawari saya bantuan untuk bercakap-cakap dengan petugas wanita

posting ini bukan untuk menuduh petugas melakukan tindakan korupsi tetapi agar pengunjung lebih sadar akan seringnya kejadian pengecekan telepon secara acak saat melakukan pelanggaran imigrasi juga untuk otoritas publik untuk menyelidiki keberadaan orang yang menawarkan saya bantuan di kantor imigrasi feri pusat batam mengapa dia sering berada di kantor juga kepada ms cia Anda berhutang waktu berjam-jam menunggu saya seperti orang bodoh dan Anda tidak pantas mendapatkan rasa hormat saya",mungkin tindak korupsi suap jadi hari jumat lalu tiga aku kakak laki sedang ada jalan akhir pekan batam kami tiba terminal feri pusat batam waktu tempat antri periksa paspor sedang atur roaming isi visa datang voa sana panggil tugas imigrasi kantor ibu telepon sama paspor ambil wanita imigrasi lalu suruh tunggu luar kantor saat waktu batam kira beberapa menit keluar ruang kantor hadir langgar lihat tanya kamu ngapain sini kali sangat erti lalu aku bilang pada telepon paspor ambil oleh lalu kasar memberitahuku ha tahu kamu kamu tahu bukan apa salah aku jawab aku tadi atur layan roamingku isi voaku lalu memberitahuku roaming laku imigrasi luar aku kemudian diam angguk pelan kemudian kamar buat takut yakin berapa jam tunggu tindak aku duduk kursi provokasi minta bebas aku yakin baru laku kerja lalu orang laki duduk tepat belah tanya apa jadi aku bilang kepada paspor ponselku ambil tugas kemudian lembut kata pada tawar bantu aku curiga tawar aku rasa bantu datang uang tippingside aku jawab papa aku tunggu aja pria lalu tinggal cari laku tidak langsung kala masuk kamar perlu ingat lama tunggu banyak sekali laku kejar bebas waktu kurang beberapa menit tunggu salah satu mereka langsung sama orang tawar bantu maju cepat aku tahan ruang tunggu pagi sore aku bebas tugas wanita suruh tidak guna telepon sambil tunggu periksa imigrasi aku frustrasi tahan lama tanpa telepon paspor jawab satu kata mungkin marah lanjut tolak entri kata kepada tidak apa kirim ke malaysia lelah mental fisik nanti sambil tunggu feri kembali datang minta telepon keluarga rupa foto feri beri tahu ibu akan pulang perilaku kasar ibu tanya nama tugas wanita foto feri ingin lapor dia atas tuduh salah tuduh main telepon meski ingat kali tugas mana tidak ingat sama sekali atas langgar sebut ada dia kemudian bersih entri telah dengar ibu ingin lapor dia atas mungkin tindak korupsi salah tuduh pada waktu am batam ibu pergi ke ruang tunggu temu dan saya kata kepada bahwa ada orang pria lokal tawar saya bantu gambar akhir pria tawar saya bantu cakap tugas wanita posting bukan untuk tuduh tugas laku tindak korupsi tetapi agar unjung lebih sadar akan sering jadi kece telepon cara acak laku langgar imigrasi untuk otoritas publik untuk selidik ada orang yang tawar saya bantu kantor imigrasi feri pusat batam dia sering ada di kantor kepada ms cia anda hutang waktu jam tunggu saya seperti orang bodoh dan anda tidak pantas dapat rasa hormat saya,LABEL_2
Batam Centre Ferry Terminal,Seems yo get better everyime I come here,5 stars,a month ago,seems yo get better everyime i come here,sepertinya kamu menjadi lebih baik setiap kali aku datang ke sini,seperti kamu jadi lebih baik kali aku datang sini,LABEL_0
Batam Centre Ferry Terminal,Taxis cost twice as much as Ubers but Ubers not allowed to enter. About US$6-10 per trip max,4 stars,8 years ago,taxis cost twice as much as ubers but ubers not allowed to enter about us per trip max,taksi biayanya dua kali lipat dari uber tetapi uber tidak diperbolehkan masuk tentang kami per perjalanan maks,taksi biaya kali lipat uber uber boleh masuk kami per jalan maks,LABEL_1
Batam Centre Ferry Terminal,Smooth & fast check in. Before that u need to install peduli lindungi before enter the imigration.,4 stars,3 years ago,smooth  fast check in before that u need to install peduli lindungi before enter the imigration,kelancaran check-in cepat sebelum itu Anda perlu menginstal peduli lindungi sebelum masuk imigrasi,lancar check-in cepat itu anda perlu menginstal peduli lindung masuk imigrasi,LABEL_1
Batam Centre Ferry Terminal,"Act of Corruption and Abuse of power - I was travelling to batam 24th April and entering immigration. I wanted to enter through egate and register while I was there but they directed me to counter and told me that i can register later. At the counter, lady said I only have less than 2 pages left and she called a guy officer. Young police officer guy who forced me to enter a room. He vaped in the room, folded his legs and taunted me for about 30mins. He threatened me saying nobody can hear me in the room, keep telling me nobody can help me and if I want to leave I need to help him. "" if you help me then I will help you enter"". I told him I can go back but he refuse to return my Singapore passport. My valuables he asked me to put outside the room. I was so scared. He told me to pay him whatever I had and help him. From 100usd price reduced to 75sgd eventually. I feel so broken and dirty after what happen. I will never ever go into batam for the rest of my life until I die. I feel so traumatized by what happened and I feel so lucky I managed to leave the country and return back to Singapore. I am an Indian male local SG. It seems that Indians are highly targeted here for extortion by the immigration police. I feel highly depressed about what happened and a huge injustice. This is not right. People in batam are super corrupted and evil.

( by right if I registered through egate, I wouldn't even need my passport stamped. They trapped me )",1 star,a year ago,"act of corruption and abuse of power  i was travelling to batam th april and entering immigration i wanted to enter through egate and register while i was there but they directed me to counter and told me that i can register later at the counter lady said i only have less than  pages left and she called a guy officer young police officer guy who forced me to enter a room he vaped in the room folded his legs and taunted me for about mins he threatened me saying nobody can hear me in the room keep telling me nobody can help me and if i want to leave i need to help him  if you help me then i will help you enter i told him i can go back but he refuse to return my singapore passport my valuables he asked me to put outside the room i was so scared he told me to pay him whatever i had and help him from usd price reduced to sgd eventually i feel so broken and dirty after what happen i will never ever go into batam for the rest of my life until i die i feel so traumatized by what happened and i feel so lucky i managed to leave the country and return back to singapore i am an indian male local sg it seems that indians are highly targeted here for extortion by the immigration police i feel highly depressed about what happened and a huge injustice this is not right people in batam are super corrupted and evil

 by right if i registered through egate i wouldnt even need my passport stamped they trapped me","tindakan korupsi dan penyalahgunaan kekuasaan Saya bepergian ke batam pada bulan April dan memasuki imigrasi Saya ingin masuk melalui egate dan mendaftar ketika saya di sana tetapi mereka mengarahkan saya ke konter dan mengatakan kepada saya bahwa saya dapat mendaftar nanti di konter wanita mengatakan saya hanya memiliki kurang dari halaman tersisa dan dia memanggil seorang petugas pria petugas polisi muda pria yang memaksa saya untuk masuk ke sebuah ruangan dia melakukan vape di dalam ruangan melipat kakinya dan mengejek saya selama sekitar beberapa menit dia mengancam saya mengatakan tidak ada yang dapat mendengar saya di dalam ruangan tetap memberi tahu saya tidak ada yang bisa membantu saya dan jika saya mau untuk pergi aku harus membantunya jika kamu membantuku maka aku akan membantumu masuk aku bilang padanya aku bisa kembali tetapi dia menolak mengembalikan paspor singapura barang-barang berhargaku dia memintaku untuk meletakkannya di luar ruangan aku sangat takut dia menyuruhku untuk membayarnya berapapun yang kumiliki dan membantunya dari harga usd dikurangi menjadi sgd akhirnya aku merasa sangat rusak dan kotor setelah apa yang terjadi aku tidak akan pernah pergi ke batam selama sisa hidupku sampai aku mati aku merasa sangat trauma dengan apa yang terjadi dan aku merasa sangat beruntung aku berhasil meninggalkan negara itu dan kembali ke singapura saya seorang laki-laki India sg lokal sepertinya orang India sangat menjadi sasaran pemerasan oleh polisi imigrasi saya merasa sangat tertekan tentang apa yang terjadi dan ketidakadilan yang sangat besar ini tidak benar orang-orang di batam sangat korup dan jahat

 sebenarnya jika saya mendaftar melalui egate saya bahkan tidak perlu stempel paspor saya, mereka menjebak saya",tindak korupsi penyalahgunaan kuasa saya pergi batam bulan april pasuk imigrasi saya masuk lalu egate daftar sana arah konter kata daftar konter wanita kata hanya milik kurang halaman sisa panggil orang tugas pria tugas polisi muda pria paksa masuk buah ruang laku vape ruang lipat kaki ejek lama beberapa menit ancam kata dapat dengar dalam ruang tetap beri tahu ada bantu mau pergi aku bantu kamu bantu aku bantu masuk aku bilang pada aku tolak kembali paspor singapura barang harga dia minta letak di luar ruang aku sangat takut dia suruh untuk bayar berapa milik bantu harga usd rang jadi sgd akhir aku rasa sangat rusak kotor apa jadi aku akan pernah pergi ke batam lama sisa hidup aku mati aku rasa sangat trauma apa jadi aku rasa sangat untung aku hasil tinggal negara kembali ke singapura saya orang laki india sg lokal seperti orang india sangat jadi sasar peras polisi imigrasi saya rasa sangat tekan apa jadi dan ketidakadilan yang sangat besar tidak benar orang di batam sangat korup dan jahat benar saya daftar lalu egate saya bahkan tidak perlu stempel paspor saya mereka jebak saya,LABEL_2
Batam Centre Ferry Terminal,It was a very good experience there. All people are there very nice. Immigration is very nice. I visited from Singapore to Batam on 4.25. 2019. It was a beautiful day,5 stars,6 years ago,it was a very good experience there all people are there very nice immigration is very nice i visited from singapore to batam on   it was a beautiful day,itu adalah pengalaman yang sangat bagus di sana semua orang di sana sangat baik imigrasi sangat menyenangkan saya mengunjungi dari singapura ke batam pada hari yang indah,adalah alam sangat bagus sana semua orang sana sangat baik imigrasi sangat senang unjung singapura batam hari indah,LABEL_0
Batam Centre Ferry Terminal,The Ferry Terminal Near From Airport and Mall Actually......👍🏽👍🏽👍🏽 …,4 stars,7 years ago,the ferry terminal near from airport and mall actually,sebenarnya terminal feri dekat dari bandara dan mal,benar terminal feri dekat bandara mal,LABEL_1
Batam Centre Ferry Terminal,Cancelled without notice. Waited for two and a half hours for the next ferry.,1 star,a year ago,cancelled without notice waited for two and a half hours for the next ferry,dibatalkan tanpa pemberitahuan menunggu dua setengah jam untuk feri berikutnya,batal pemberitahuan tunggu tengah jam feri ikut,LABEL_1
Batam Centre Ferry Terminal,Nice port in Batam,5 stars,6 years ago,nice port in batam,pelabuhan yang bagus di batam,labuh bagus batam,LABEL_2
Batam Centre Ferry Terminal,"Ferry terminal to go to Singapore. It’s my second time here after journey by Ferry from Singapore. The ticket is SGD 43 for on way, and SGD 70s (I forgot the exact amount) for return ticket (cheaper than one way ticket). This terminal has direct access to Mega Mall Batam. Some tenants ara available offering foods, snacks, gifts, or souvenirs.",4 stars,a year ago,ferry terminal to go to singapore its my second time here after journey by ferry from singapore the ticket is sgd  for on way and sgd s i forgot the exact amount for return ticket cheaper than one way ticket this terminal has direct access to mega mall batam some tenants ara available offering foods snacks gifts or souvenirs,terminal feri untuk pergi ke singapura ini kedua kalinya saya kesini setelah perjalanan dengan feri dari singapura tiketnya sgd untuk perjalanan dan sgd s saya lupa jumlah pastinya untuk tiket pulang pergi lebih murah dari tiket sekali jalan terminal ini memiliki akses langsung ke mega mall batam beberapa penyewa tersedia menawarkan makanan ringan oleh-oleh atau oleh-oleh,terminal feri pergi singapura dua kali kesini jalan feri singapura tiket sgd jalan sgd s lupa jumlah pasti tiket pulang pergi lebih murah tiket sekali jalan terminal milik akses langsung mega mall batam beberapa sewa sedia tawar makan ringan oleh oleh,LABEL_0
Batam Centre Ferry Terminal,Disorganised and not managed efficiently. Inadequate signages and lack of proper queue barricades leaves departing passengers confused. Will not enter batam through this port in the future.,2 stars,7 months ago,disorganised and not managed efficiently inadequate signages and lack of proper queue barricades leaves departing passengers confused will not enter batam through this port in the future,"tidak terorganisir dan tidak dikelola secara efisien, rambu-rambu yang tidak memadai dan kurangnya barikade antrian yang tepat membuat penumpang yang berangkat bingung tidak akan masuk batam melalui pelabuhan ini di kemudian hari",organisir kelola efisien rambu tidak pada kurang barikade antri tepat buat tumpang berangkat bingung tidak akan masuk batam lalu labuh di kemudian hari,LABEL_0
Batam Centre Ferry Terminal,"There is new VISA only for holiday on 25 Jan 2025(maybe temporary)/ Visa 7 days(Only for Holiday) - IDR. 253,000(Cash) /  IDR. 258,500(Credit Card)",5 stars,a year ago,there is new visa only for holiday on  jan maybe temporary visa  daysonly for holiday  idr cash   idr credit card,ada visa baru hanya untuk liburan pada bulan Januari mungkin hari visa sementara hanya untuk liburan id tunai kartu kredit idr,visa baru libur bulan januari mungkin hari visa hanya untuk libur id tunai kartu kredit idr,LABEL_1
Batam Centre Ferry Terminal,"Hey guys, it’s your favorite elite traveler back with another unfiltered review—and this time, we need to talk about the gatekeeping situation at the Batam Center Ferry Terminal.

As an Indonesian who travels extensively, I am usually so proud to welcome international visitors to our beautiful country. But my recent arrival at Batam Center at 9:30 PM was, without exaggeration, an absolute NIGHTMARE. If this terminal is meant to be a major international gateway, the current reality is a total embarrassment to our national hospitality.

Here is the raw truth about what you can expect if you land here late at night:

1. The Immigration Bottle-Neck (The Absolute Worst Part)
Imagine an entire ferry of exhausted travelers arriving at 9:30 PM, only to find exactly one immigration officer working the counter. The inefficiency was mind-boggling.

But the real vibe-killer was the officer handling the desk—an older woman named Ibu May. To say she was rude is an understatement. Unprofessional, highly inefficient, and frankly, throwing what I can only describe as a 5-year-old’s tantrum behind the desk. As an Indonesian, it broke my heart to watch her. She is single-handedly ruining the image of Indonesian hospitality for every international tourist standing in that excruciatingly long line.

2. Zero Digital Readiness
Before you even get to the chaos inside, there is no coordination at the entrance. There are no QR codes shared or displayed at the entrance for required digital arrivals or health forms before you enter the terminal. Everyone is left scrambling in the dark, trying to figure out what they need to do. It’s clunky, outdated, and unacceptable for a major transit hub in 2026.

3. The Transport Monopoly Trap
Once you finally escape the terminal, don't even think about opening your Grab or Gojek apps. The terminal strictly bans ride-hailing apps to protect their local taxi monopoly.

Normally, I’m all for supporting local drivers, but the execution here is a safety and logistical hazard. Most of the drivers stationed there are very elderly, struggle to understand directions, and—unbelievably—do not know how to type into or use Google Maps to reach your destination. If you don't know the exact streets yourself, you are essentially stranded with a driver who can't navigate.

The Verdict 🚨
Batam Center Ferry Terminal needs a massive wake-up call, urgent staff retraining, and a complete tech overhaul. To the management: please address the lack of personnel, the attitude of staff like Ibu May, and let ride-hailing apps in so travelers can actually get home safely.

Have you guys passed through Batam Center recently? Did you have the same experience, or did I just catch them on a disastrously bad night? Let me know in the comments below! 👇🏼

#BatamTravel #FerryTerminal #TravelHorrorStories #BatamCenter #ImmigrationIndonesia #WonderfulIndonesia #TravelBlogger #ExposingBadService #BatamTaxi #CustomerServiceFail",1 star,a month ago,"hey guys its your favorite elite traveler back with another unfiltered reviewand this time we need to talk about the gatekeeping situation at the batam center ferry terminal

as an indonesian who travels extensively i am usually so proud to welcome international visitors to our beautiful country but my recent arrival at batam center at  pm was without exaggeration an absolute nightmare if this terminal is meant to be a major international gateway the current reality is a total embarrassment to our national hospitality

here is the raw truth about what you can expect if you land here late at night

 the immigration bottleneck the absolute worst part
imagine an entire ferry of exhausted travelers arriving at  pm only to find exactly one immigration officer working the counter the inefficiency was mindboggling

but the real vibekiller was the officer handling the deskan older woman named ibu may to say she was rude is an understatement unprofessional highly inefficient and frankly throwing what i can only describe as a yearolds tantrum behind the desk as an indonesian it broke my heart to watch her she is singlehandedly ruining the image of indonesian hospitality for every international tourist standing in that excruciatingly long line

 zero digital readiness
before you even get to the chaos inside there is no coordination at the entrance there are no qr codes shared or displayed at the entrance for required digital arrivals or health forms before you enter the terminal everyone is left scrambling in the dark trying to figure out what they need to do its clunky outdated and unacceptable for a major transit hub in 

 the transport monopoly trap
once you finally escape the terminal dont even think about opening your grab or gojek apps the terminal strictly bans ridehailing apps to protect their local taxi monopoly

normally im all for supporting local drivers but the execution here is a safety and logistical hazard most of the drivers stationed there are very elderly struggle to understand directions andunbelievablydo not know how to type into or use google maps to reach your destination if you dont know the exact streets yourself you are essentially stranded with a driver who cant navigate

the verdict 
batam center ferry terminal needs a massive wakeup call urgent staff retraining and a complete tech overhaul to the management please address the lack of personnel the attitude of staff like ibu may and let ridehailing apps in so travelers can actually get home safely

have you guys passed through batam center recently did you have the same experience or did i just catch them on a disastrously bad night let me know in the comments below 

batamtravel ferryterminal travelhorrorstories batamcenter immigrationindonesia wonderfulindonesia travelblogger exposingbadservice batamtaxi customerservicefail","hai kawan, ini traveler elit favoritmu, kembali dengan ulasan tanpa filter lainnya dan kali ini kita perlu membicarakan tentang situasi penjaga gerbang di terminal feri pusat batam

sebagai orang Indonesia yang sering bepergian, saya biasanya sangat bangga menyambut pengunjung internasional ke negara kita yang indah, namun kedatangan saya baru-baru ini di pusat kota batam pada pukul 12.00, tanpa berlebihan, merupakan mimpi buruk jika terminal ini dimaksudkan sebagai gerbang internasional utama. Kenyataan saat ini benar-benar memalukan bagi keramahtamahan nasional kita.

inilah kebenaran nyata tentang apa yang dapat Anda harapkan jika Anda mendarat di sini larut malam

 hambatan imigrasi adalah bagian terburuknya
bayangkan seluruh penumpang yang kelelahan tiba di sore hari hanya untuk menemukan satu petugas imigrasi yang bekerja di konter. Ketidakefisienan itu sangat membingungkan

tapi yang paling mematikan adalah petugas yang menangani wanita tua bernama ibu may yang mengatakan bahwa dia kasar adalah sebuah pernyataan yang meremehkan, tidak profesional, sangat tidak efisien dan terus terang melontarkan apa yang saya hanya bisa gambarkan sebagai anak yang mengamuk di belakang meja sebagai orang Indonesia. Saya patah hati melihatnya, dia sendirian merusak citra keramahtamahan orang Indonesia bagi setiap turis internasional yang berdiri di antrean yang sangat panjang itu.

 nol kesiapan digital
bahkan sebelum Anda mengalami kekacauan di dalam, tidak ada koordinasi di pintu masuk, tidak ada kode qr yang dibagikan atau ditampilkan di pintu masuk untuk formulir kedatangan digital atau kesehatan yang diperlukan sebelum Anda memasuki terminal, semua orang dibiarkan berebut dalam kegelapan mencoba mencari tahu apa yang perlu mereka lakukan karena sudah ketinggalan jaman dan tidak dapat diterima untuk pusat transit besar di 

 perangkap monopoli transportasi
begitu Anda akhirnya keluar dari terminal, jangan pernah berpikir untuk membuka aplikasi ambil atau gojek, terminal dengan tegas melarang aplikasi ridehailing untuk melindungi monopoli taksi lokal mereka

biasanya saya mendukung pengemudi lokal tetapi eksekusi di sini membahayakan keselamatan dan logistik sebagian besar pengemudi yang ditempatkan di sana sangat lanjut usia berjuang untuk memahami arah dan luar biasa tidak tahu cara mengetik atau menggunakan peta Google untuk mencapai tujuan Anda jika Anda sendiri tidak tahu jalan yang sebenarnya Anda pada dasarnya terdampar dengan pengemudi yang tidak bisa menavigasi

putusannya 
terminal feri pusat batam memerlukan peringatan besar-besaran, pelatihan ulang staf yang mendesak dan perombakan teknologi secara menyeluruh kepada manajemen, harap atasi kekurangan personel. Sikap staf seperti ibu mungkin dan biarkan aplikasi ridehailing masuk sehingga pelancong dapat benar-benar pulang dengan selamat

apakah kalian pernah melewati batam center baru-baru ini, apakah kalian memiliki pengalaman yang sama atau apakah saya baru saja melihatnya pada malam yang sangat buruk, beri tahu saya di komentar di bawah 

batamtravel feriterminal perjalananhororcerita batamcenter imigrasiindonesia indahindonesia travelblogger mengekspospelayanan buruk layanan pelanggan taksi batamgagal",hai kawan traveler elit favorit ulas filter lain kali perlu bicara situasi jaga gerbang terminal feri pusat batam bagai orang indonesia sering pergi biasa sangat bangga sambut unjung internasional negara kita indah datang baru pusat kota batam pukul 12 00 lebih rupa mimpi buruk terminal maksud gerbang internasional utama nyata ini benar malu keramahtamahan nasional kita ini benar nyata apa anda harap anda darat sini larut malam hambat imigrasi bagi buruk bayang seluruh tumpang lelah tiba sore hari temu satu tugas imigrasi kerja konter ketidakefisienan sangat bingung tapi paling mati tugas tangan wanita tua nama ibu may kata kasar buah nyata remeh profesional sangat efisien terus terang lontar apa gambar anak amuk belakang meja orang indonesia saya patah hati lihat dia sendiri rusak citra keramahtamahan orang indonesia tiap turis internasional diri antre sangat panjang itu nol kesiap digital bahkan anda alami kacau dalam ada koordinasi pintu masuk ada kode qr bagi tampil pintu masuk formulir datang digital sehat perlu anda pasuk terminal semua orang biar rebut gelap coba cari tahu apa perlu laku sudah tinggal jaman terima pusat transit besar perangkap monopoli transportasi begitu anda akhir keluar terminal jangan pernah pikir buka aplikasi ambil gojek terminal tegas larang aplikasi ridehailing lindung monopoli taksi lokal mereka biasa dukung kemudi lokal eksekusi sini bahaya selamat logistik bagi besar kemudi tempat sana sangat lanjut usia juang paham arah luar biasa tahu cara etik guna peta google untuk capai tuju anda anda sendiri tidak tahu jalan benar anda dasar dampar kemudi tidak bisa navigasi putus terminal feri pusat batam perlu ingat besar latih ulang staf desak ombak teknologi seluruh manajemen harap atas kurang personel sikap staf ibu mungkin biar aplikasi ridehailing masuk lancong dapat benar pulang dengan selamat apakah kalian pernah lewat batam center baru ini kalian milik alam sama apakah baru lihat malam yang sangat buruk beri tahu saya di komentar di bawah batamtravel feriterminal perjalananhororcerita batamcenter imigrasiindonesia indahindonesia travelblogger mengekspospelayanan buruk layan langgan taksi batamgagal,LABEL_2
Batam Centre Ferry Terminal,"Well know for its variety of Ferry Operators such as Sindo, Majestic and Batam Fast Ferry. It has connecting bridge to Mega Mall Batam where you can spend time shopping and enjoying Indonesian Food. To avoid going during Singapore Public Holiday, e.g. Chinese New Year and Deepavali as well as long weekends as the queue can be super long (as picture below)",5 stars,6 years ago,well know for its variety of ferry operators such as sindo majestic and batam fast ferry it has connecting bridge to mega mall batam where you can spend time shopping and enjoying indonesian food to avoid going during singapore public holiday eg chinese new year and deepavali as well as long weekends as the queue can be super long as picture below,"terkenal dengan berbagai operator feri seperti sindo megah dan feri cepat batam, kapal ini memiliki jembatan penghubung ke mega mall batam di mana Anda dapat menghabiskan waktu berbelanja dan menikmati makanan indonesia untuk menghindari pergi selama hari libur singapura misalnya tahun baru cina dan deepavali serta akhir pekan yang panjang karena antriannya bisa sangat panjang seperti gambar di bawah",kenal bagai operator feri sindo megah feri cepat batam kapal milik jembatan hubung mega mall batam mana anda habis waktu belanja nikmat makan indonesia hindar pergi lama hari libur singapura misal tahun baru cina deepavali akhir pekan panjang antri sangat panjang gambar bawah,LABEL_0
Batam Centre Ferry Terminal,"If you want to take grab, go to level 2, find the linkway (looks like a shopfront) to Mega Mall. No grabs are allowed to pick up from the ferry taxi stand. Note that the linkway operates only after 10am so better to take a ferry that reaches around 9.30am. No point coming early else you gotta jaywalk across the roads.",3 stars,a year ago,if you want to take grab go to level  find the linkway looks like a shopfront to mega mall no grabs are allowed to pick up from the ferry taxi stand note that the linkway operates only after am so better to take a ferry that reaches around am no point coming early else you gotta jaywalk across the roads,"jika Anda ingin mengambil ambil pergi ke tingkat temukan linkway tampak seperti etalase toko ke mega mall tidak ada ambil yang diperbolehkan untuk mengambil dari tempat taksi feri perhatikan bahwa linkway hanya beroperasi setelah saya jadi lebih baik untuk naik feri yang mencapai sekitar saya tidak ada gunanya datang lebih awal kalau tidak, Anda harus menyeberang jalan",anda ambil ambil pergi tingkat temu linkway tampak etalase toko mega mall ada ambil boleh ambil tempat taksi feri perhati linkway operasi saya jadi lebih baik naik feri capai saya ada guna datang lebih awal kalau tidak anda seberang jalan,LABEL_1
Batam Centre Ferry Terminal,"Its connected to the mall. Quite clean, what I dont like is the ojek driver and the taxi driver outside, they over charged. And kinda hard to find online transportation here, since the local taxi/ojek driver banned the use of online transportation.",5 stars,Edited 8 years ago,its connected to the mall quite clean what i dont like is the ojek driver and the taxi driver outside they over charged and kinda hard to find online transportation here since the local taxiojek driver banned the use of online transportation,terhubung ke mal cukup bersih yang saya tidak suka adalah supir ojek dan supir taksi di luar mereka dikenakan biaya berlebihan dan agak sulit menemukan transportasi online di sini karena supir taksi lokal melarang penggunaan transportasi online,hubung mal cukup bersih saya suka supir ojek supir taksi luar kena biaya lebih agak sulit temu transportasi online sini supir taksi lokal larang guna transportasi online,LABEL_2
Batam Centre Ferry Terminal,"Batam Centre Point International Ferry Terminal - Functional But Basic
Location: Batam Centre, Kota Batam, Kepulauan Riau
Rating: ⭐⭐⭐ (3.5/5)
I've passed through this terminal several times over the past year, so I've gotten pretty familiar with how it operates.
The Good:
The basics are covered well enough. There are plenty of SIM card kiosks right when you arrive, which is handy if you need to get connected immediately. Immigration processing is straightforward - nothing fancy, but it moves along at a reasonable pace. Luggage retrieval is simple and easy to navigate.
The real bonus is the overhead walkway that connects directly to Mega City Mall. Makes getting to the Grab taxi stand super convenient - you don't have to deal with touts or figure out where to go. Just walk across and you're there.
The Not-So-Good:
It's a functional terminal, but that's about it. Don't expect much in terms of amenities or comfort while you're waiting. The facility feels pretty basic and could use some updating to make the arrival/departure experience more pleasant.
Bottom Line:
Does the job for getting in and out of Batam, and the connection to Mega City Mall is genuinely useful for onward travel. It's not going to wow you, but it won't give you major headaches either. If you're a regular traveler to Batam like me, you'll appreciate the straightforward layout even if it's nothing special. Sonnet 4.5",3 stars,5 months ago,"batam centre point international ferry terminal  functional but basic
location batam centre kota batam kepulauan riau
rating  
ive passed through this terminal several times over the past year so ive gotten pretty familiar with how it operates
the good
the basics are covered well enough there are plenty of sim card kiosks right when you arrive which is handy if you need to get connected immediately immigration processing is straightforward  nothing fancy but it moves along at a reasonable pace luggage retrieval is simple and easy to navigate
the real bonus is the overhead walkway that connects directly to mega city mall makes getting to the grab taxi stand super convenient  you dont have to deal with touts or figure out where to go just walk across and youre there
the notsogood
its a functional terminal but thats about it dont expect much in terms of amenities or comfort while youre waiting the facility feels pretty basic and could use some updating to make the arrivaldeparture experience more pleasant
bottom line
does the job for getting in and out of batam and the connection to mega city mall is genuinely useful for onward travel its not going to wow you but it wont give you major headaches either if youre a regular traveler to batam like me youll appreciate the straightforward layout even if its nothing special sonnet","terminal feri internasional titik pusat batam fungsional tetapi sederhana
location batam center kota batam kepulauan riau
peringkat  
Saya telah melewati terminal ini beberapa kali selama setahun terakhir, jadi saya sudah cukup paham dengan cara kerjanya
yang baik
dasar-dasarnya tercakup dengan cukup baik ada banyak kios kartu sim tepat ketika Anda tiba yang berguna jika Anda perlu terhubung segera, proses imigrasi mudah, tidak ada yang mewah tetapi berjalan dengan kecepatan yang wajar, pengambilan bagasi sederhana dan mudah dinavigasi
bonus sebenarnya adalah jalan setapak yang menghubungkan langsung ke mal kota besar membuat perjalanan ke tempat taksi menjadi sangat nyaman. Anda tidak perlu berurusan dengan calo atau mencari tahu ke mana harus pergi, cukup berjalan menyeberang dan Anda sudah sampai di sana
yang tidak terlalu bagus
ini terminal yang fungsional tapi itu saja jangan berharap banyak dalam hal fasilitas atau kenyamanan saat Anda menunggu, fasilitasnya terasa cukup mendasar dan perlu beberapa pembaruan untuk membuat pengalaman kedatangan dan keberangkatan lebih menyenangkan
intinya
berfungsi untuk masuk dan keluar dari batam dan koneksi ke mega city mall benar-benar berguna untuk perjalanan selanjutnya tidak akan membuat Anda kagum tetapi tidak akan membuat Anda pusing juga jika Anda seorang pelancong biasa ke batam seperti saya, Anda akan menghargai tata letak yang sederhana meskipun tidak ada soneta yang istimewa",terminal feri internasional titik pusat batam fungsional sederhana location batam center kota batam pulau riau peringkat saya lewat terminal beberapa kali lama tahun akhir jadi cukup paham cara kerja yang baik dasar cakup cukup baik banyak kios kartu sim tepat anda tiba guna anda perlu hubung segera proses imigrasi mudah ada mewah jalan cepat wajar ambil bagasi sederhana mudah navigasi bonus benar jalan setapak hubung langsung mal kota besar buat jalan tempat taksi jadi sangat nyaman anda perlu urus calo cari tahu mana pergi cukup jalan seberang anda sudah sampai sana yang terlalu bagus ini terminal fungsional itu jangan harap banyak hal fasilitas nyaman anda tunggu fasilitas asa cukup dasar perlu beberapa baru buat alam datang berangkat lebih senang inti fungsi masuk keluar batam koneksi mega city mall benar guna jalan lanjut buat anda kagum buat anda pusing jika anda orang lancong biasa batam saya anda akan harga tata letak sederhana meski tidak ada soneta istimewa,LABEL_0
Batam Centre Ferry Terminal,One easy way to get to Singapore from Batam. IDR 280.000 for a round trip ticket. Why not?,4 stars,8 years ago,one easy way to get to singapore from batam idr  for a round trip ticket why not,salah satu cara mudah ke singapore dari batam idr untuk tiket pulang pergi kenapa tidak,salah satu cara mudah singapore batam idr tiket pulang pergi tidak,LABEL_1
Batam Centre Ferry Terminal,"Decent place. Can get very crowded on weekends and chances are you'll have to queue for an hour or more to get past immigration arrival. Good thing, corruption is rampant here. Can just pay some money to some of the officials for an 'express pass'. I've personally seen this happen. What a shame.

The ferry terminal itself is connected to MegaMall via a linkbridge. Convenient.

Oh btw, Grab or GoJek vehicles are not allowed inside. So don't bother booking them, unless you want to see the drivers get beat up by the taxi 'mafias'.",3 stars,Edited 6 years ago,"decent place can get very crowded on weekends and chances are youll have to queue for an hour or more to get past immigration arrival good thing corruption is rampant here can just pay some money to some of the officials for an express pass ive personally seen this happen what a shame

the ferry terminal itself is connected to megamall via a linkbridge convenient

oh btw grab or gojek vehicles are not allowed inside so dont bother booking them unless you want to see the drivers get beat up by the taxi mafias","tempat yang layak bisa menjadi sangat ramai di akhir pekan dan kemungkinan besar Anda harus mengantri selama satu jam atau lebih untuk melewati kedatangan imigrasi untung korupsi merajalela di sini, cukup bayar sejumlah uang kepada beberapa pejabat untuk mendapatkan tiket ekspres. Saya secara pribadi melihat ini terjadi sayang sekali

terminal feri itu sendiri terhubung ke megamall melalui jembatan penghubung yang nyaman

oh btw kendaraan grab atau gojek tidak diperbolehkan masuk jadi jangan repot-repot memesannya kecuali ingin melihat pengemudinya dihajar mafia taksi",tempat layak jadi sangat ramai akhir pekan mungkin besar anda antri lama satu jam lebih lewat datang imigrasi untung korupsi rajalela sini cukup bayar jumlah uang beberapa jabat dapat tiket ekspres saya pribadi lihat jadi sayang sekali terminal feri sendiri hubung megamall lalu jembatan hubung nyaman oh btw kendara grab gojek boleh masuk jadi jangan repot mes ingin lihat mud hajar mafia taksi,LABEL_0
Batam Centre Ferry Terminal,"So busy everyone was pushing each other, people missed their ferry and everyone panicked.

No air conditioning, just fans. I queued for more than 2 hours and just made it onto the ferry.

When I got to the departure gates the floor was rammed with people, we couldn't work out which gate we needed to get to and there were no boards or signs before we got down. People ended up in the wrong queues and finding out last minute - so now imagine needing to move across the crowded hall to get to your ferry that you're already late for? People pushed and shoved and shouted at each other.

One good comment is that the staff tried their best, they handed out water and paper fans. But only the strong and tall got them. The old, short and weak didn't stand a chance.

So for Batman Fast ferry make sure you Q at gate A if the place is so crowded you can't see anything. Arrive early so you don't need to panic.

Having said all the above, this is my first time in Batam and using the ferries. It might be because it's Chinese New Year? But after this experience never again will I set food here.",1 star,7 years ago,"so busy everyone was pushing each other people missed their ferry and everyone panicked

no air conditioning just fans i queued for more than  hours and just made it onto the ferry

when i got to the departure gates the floor was rammed with people we couldnt work out which gate we needed to get to and there were no boards or signs before we got down people ended up in the wrong queues and finding out last minute  so now imagine needing to move across the crowded hall to get to your ferry that youre already late for people pushed and shoved and shouted at each other

one good comment is that the staff tried their best they handed out water and paper fans but only the strong and tall got them the old short and weak didnt stand a chance

so for batman fast ferry make sure you q at gate a if the place is so crowded you cant see anything arrive early so you dont need to panic

having said all the above this is my first time in batam and using the ferries it might be because its chinese new year but after this experience never again will i set food here","begitu sibuk, semua orang saling dorong, sampai-sampai ketinggalan feri dan semua orang panik

tanpa AC hanya kipas angin saya mengantri lebih dari berjam-jam dan baru saja sampai di kapal feri

ketika aku tiba di gerbang keberangkatan, lantainya ditabrak oleh orang-orang. Kami tidak bisa menentukan gerbang mana yang harus kami tuju dan tidak ada papan atau tanda sebelum kami turun. Orang-orang berakhir di antrian yang salah dan mencari tahu di menit-menit terakhir jadi sekarang bayangkan harus melintasi aula yang ramai untuk sampai ke feri karena kamu sudah terlambat karena orang-orang saling mendorong dan mendorong serta berteriak satu sama lain.

satu komentar yang bagus adalah bahwa staf mencoba yang terbaik mereka membagikan air dan kipas kertas tetapi hanya yang kuat dan tinggi yang memberi mereka yang tua pendek dan lemah tidak punya peluang

jadi untuk batman fast feri pastikan anda q di gate a jika tempatnya ramai sekali anda tidak bisa melihat apapun datang lebih awal jadi anda tidak perlu panik

setelah mengatakan semua hal di atas, ini adalah pertama kalinya saya di batam dan menggunakan feri mungkin karena ini tahun baru Cina tetapi setelah pengalaman ini saya tidak akan pernah lagi menyiapkan makanan di sini",sibuk semua orang saling dorong sampai tinggal feri semua orang panik tanpa ac kipas angin antri lebih jam baru sampai kapal feri ketika aku tiba gerbang berangkat lantai tabrak orang kami tentu gerbang mana tuju papan tanda kami turun orang akhir antri salah cari tahu menit akhir jadi sekarang bayang harus lintas aula ramai sampai feri kamu lambat orang saling dorong dorong teriak satu sama lain satu komentar bagus bahwa staf coba baik bagi air kipas kertas hanya kuat tinggi beri yang tua pendek lemah punya peluang jadi batman fast feri pasti q gate a tempat ramai sekali tidak bisa lihat apa datang lebih awal jadi tidak perlu panik telah kata semua atas adalah pertama kali di batam guna feri mungkin tahun baru cina telah alam ini saya tidak akan pernah siap makan di sini,LABEL_2
Batam Centre Ferry Terminal,"Seaport located at Batam for ferry service to and from SingaporeI (Tanah Merah and Harbourfront port), and also Malaysia(Pasir Gudang Port)",5 stars,Edited 3 years ago,seaport located at batam for ferry service to and from singaporei tanah merah and harbourfront port and also malaysiapasir gudang port,seaport located at batam for ferry service to and from singaporei tanah merah and harbourfront port and also malaysiapasir gudang port,seaport located at batam for ferry service to and from singaporei tanah merah and harbourfront port and also malaysiapasir gudang port,LABEL_1
Batam Centre Ferry Terminal,"Arrived here at around 9am on a Sunday morning and left that night at around 7pm, and both times everything was surprisingly fast & efficient, including ticketing, check-in, and immigration. There are clean bathrooms in the waiting area.",5 stars,6 years ago,arrived here at around am on a sunday morning and left that night at around pm and both times everything was surprisingly fast  efficient including ticketing checkin and immigration there are clean bathrooms in the waiting area,tiba di sini sekitar pagi pada hari Minggu pagi dan berangkat malam itu sekitar sore dan kedua kali semuanya sangat cepat dan efisien termasuk check-in tiket dan imigrasi ada kamar mandi bersih di ruang tunggu,tiba sini pagi hari minggu pagi berangkat malam sekitar sore dua kali semua sangat cepat efisien masuk check-in tiket imigrasi kamar mandi bersih ruang tunggu,LABEL_0
Batam Centre Ferry Terminal,"Located at batam center next to harriss hote and one resident. If you stay there, within walking distance,  the depature located at second floor, they separate for depature of spore and johor. Consider clean and comf",5 stars,3 years ago,located at batam center next to harriss hote and one resident if you stay there within walking distance  the depature located at second floor they separate for depature of spore and johor consider clean and comf,"terletak di pusat batam di sebelah harriss hote dan salah satu penduduk jika Anda tinggal di sana dalam jarak berjalan kaki, keberangkatan yang terletak di lantai dua mereka terpisah untuk keberangkatan spora dan johor anggap bersih dan nyaman",letak pusat batam belah harriss hote salah satu duduk anda tinggal sana jarak jalan kaki berangkat letak lantai mereka pisah berangkat spora johor anggap bersih nyaman,LABEL_0
Batam Centre Ferry Terminal,"Immigration queue was very long and we had to wait for 1 and a half hour before clearance. Immigration officers are corrupted and ask for $10per person for faster clearance. Secondly, grab and gojek are not allowed here and the taxi counters in the centre will overcharge by 5times than that shown in grab. If you walk out, taxi drivers will come after you. They will insist that you take their taxi. What you can do is check price on grab and negotiate with the taxi drivers. Chances are you will pay more. You can still take grab but driver will ask you to walk some distance away from the area. Grab drivers are also afraid of taxi mafias who beat them if they pick up passengers from malls,ferry terminals, other tourist areas.",1 star,6 years ago,immigration queue was very long and we had to wait for  and a half hour before clearance immigration officers are corrupted and ask for per person for faster clearance secondly grab and gojek are not allowed here and the taxi counters in the centre will overcharge by times than that shown in grab if you walk out taxi drivers will come after you they will insist that you take their taxi what you can do is check price on grab and negotiate with the taxi drivers chances are you will pay more you can still take grab but driver will ask you to walk some distance away from the area grab drivers are also afraid of taxi mafias who beat them if they pick up passengers from mallsferry terminals other tourist areas,"antrian imigrasi sangat panjang dan kami harus menunggu setengah jam sebelum izin petugas imigrasi rusak dan meminta izin lebih cepat per orang. Kedua, ambil dan gojek tidak diperbolehkan di sini dan loket taksi di pusat akan menjual terlalu mahal berkali-kali lipat dari yang ditunjukkan di ambil jika Anda keluar, supir taksi akan mengejar Anda, mereka akan bersikeras agar Anda naik taksi. Apa yang bisa Anda lakukan adalah memeriksa harga ambil dan bernegosiasi dengan supir taksi kemungkinan Anda akan membayar lebih, Anda masih bisa mengambil ambil tetapi pengemudi akan meminta Anda untuk berjalan agak jauh dari area pengemudi ambil juga takut dengan mafia taksi yang akan memukuli mereka jika mengambil penumpang dari mal, terminal feri kawasan wisata lain",antri imigrasi sangat panjang kami tunggu tengah jam izin tugas imigrasi rusak minta izin lebih cepat per orang dua ambil gojek boleh sini loket taksi pusat jual terlalu mahal kali lipat tunjuk ambil anda keluar supir taksi kejar anda sikeras anda naik taksi apa bisa anda laku periksa harga ambil negosiasi supir taksi mungkin anda bayar lebih anda bisa ambil ambil kemudi akan minta anda jalan jauh area kemudi ambil takut mafia taksi yang akan pukul jika ambil tumpang mal terminal feri kawasan wisata,LABEL_2
Batam Centre Ferry Terminal,Bustling ferry center with decent number of eateries and snack shop. Also liked the connecting pedestrian bridge to the mega mall,4 stars,7 years ago,bustling ferry center with decent number of eateries and snack shop also liked the connecting pedestrian bridge to the mega mall,pusat feri yang ramai dengan banyak restoran dan toko makanan ringan juga menyukai jembatan penyeberangan yang menghubungkan ke mega mall,pusat feri ramai banyak restoran toko makan ringan suka jembatan seberang hubung mega mall,LABEL_0
Batam Centre Ferry Terminal,We docked at terminal but they would not let us get off the ferry and made us wait moore than 30 minutes. Nongsa terminal is soo much better,1 star,2 years ago,we docked at terminal but they would not let us get off the ferry and made us wait moore than  minutes nongsa terminal is soo much better,kami berlabuh di terminal tetapi mereka tidak mengizinkan kami turun dari feri dan membuat kami menunggu lebih lama daripada beberapa menit terminal nongsa jauh lebih baik,labuh terminal mereka izin turun feri buat tunggu lebih lama beberapa menit terminal nongsa jauh lebih baik,LABEL_2
Batam Centre Ferry Terminal,"We can only check-in our baggage 1h before departure time and this 1h is not enough to queue, clear customs and board the ferry on time. Advise all to not check-in baggage during long weekends and queue ahead of time so you will not miss your ferry. If you do miss your ferry, approach your operator and they probably will let u board the next ferry if there are empty seats.",2 stars,2 years ago,we can only checkin our baggage h before departure time and this h is not enough to queue clear customs and board the ferry on time advise all to not checkin baggage during long weekends and queue ahead of time so you will not miss your ferry if you do miss your ferry approach your operator and they probably will let u board the next ferry if there are empty seats,"kami hanya dapat mendaftarkan bagasi kami jam sebelum waktu keberangkatan dan jam ini tidak cukup untuk mengantri melewati bea cukai dan naik feri tepat waktu menyarankan semua untuk tidak mendaftarkan bagasi selama akhir pekan yang panjang dan mengantri lebih awal sehingga Anda tidak akan ketinggalan feri jika Anda ketinggalan feri, dekati operator Anda dan mereka mungkin akan mengizinkan Anda naik feri berikutnya jika ada kursi kosong",hanya daftar bagasi jam waktu berangkat jam cukup antri lewat bea cukai naik feri tepat waktu saran semua tidak daftar bagasi lama akhir pekan panjang antri lebih awal anda tidak tinggal feri anda tinggal feri dekat operator anda mereka mungkin akan izin anda naik feri ikut ada kursi kosong,LABEL_2
Batam Centre Ferry Terminal,Nice place to relax and enjoy the beautiful sunrise and sunset. Friendly people around. A weekend if enough for this place to explore.,3 stars,2 years ago,nice place to relax and enjoy the beautiful sunrise and sunset friendly people around a weekend if enough for this place to explore,tempat yang bagus untuk bersantai dan menikmati indahnya matahari terbit dan terbenam. Orang-orang yang ramah di sekitar akhir pekan jika cukup untuk menjelajahi tempat ini,tempat bagus santa nikmat indah matahari terbit benam orang ramah sekitar akhir pekan cukup jajah tempat,LABEL_0
Batam Centre Ferry Terminal,Simple port serving ferries to Singapore.,3 stars,Edited 8 years ago,simple port serving ferries to singapore,pelabuhan sederhana yang melayani feri ke singapura,labuh sederhana layan feri singapura,LABEL_1
Batam Centre Ferry Terminal,"Entry was slow.
But it's normal.",3 stars,7 years ago,"entry was slow
but its normal","masuknya lambat
tapi itu normal",masuk lambat tapi normal,LABEL_2
Batam Centre Ferry Terminal,Immigration officer Cardini he is very rude,1 star,2 years ago,immigration officer cardini he is very rude,petugas imigrasi cardini dia sangat kasar,tugas imigrasi cardini sangat kasar,LABEL_2
Batam Centre Ferry Terminal,"Never come here to enter Batam. The delays are ridiculous and the staff don't even try to help when you're queuing up to enter batam just so you can LEAVE batam (I spent the whole day at the Port cos of the delays). Gave priority to obvious ""tourists"" but let me miss my ferry back to Singapore.",1 star,8 years ago,never come here to enter batam the delays are ridiculous and the staff dont even try to help when youre queuing up to enter batam just so you can leave batam i spent the whole day at the port cos of the delays gave priority to obvious tourists but let me miss my ferry back to singapore,"tidak pernah datang ke sini untuk memasuki batam, penundaannya konyol dan staf bahkan tidak mencoba membantu ketika Anda sedang mengantri untuk memasuki batam hanya agar Anda dapat meninggalkan batam. Saya menghabiskan sepanjang hari di pelabuhan karena penundaan tersebut memberikan prioritas kepada wisatawan yang jelas tetapi biarkan saya ketinggalan feri kembali ke singapura",pernah datang sini pasuk batam tunda konyol staf bahkan coba bantu anda sedang antri pasuk batam agar anda tinggal batam saya habis panjang hari labuh tunda sebut beri prioritas wisatawan jelas biar tinggal feri ke singapura,LABEL_2
Batam Centre Ferry Terminal,Worse than harbour bay. bad attitude overpriced taxi monopoly the area.,1 star,7 years ago,worse than harbour bay bad attitude overpriced taxi monopoly the area,lebih buruk dari sikap buruk harbour bay monopoli taksi yang terlalu mahal di daerah tersebut,lebih buruk sikap buruk harbour bay monopoli taksi terlalu mahal daerah sebut,LABEL_2
Batam Centre Ferry Terminal,"The most awful thing happen to me when I just reached Batam terminal. Before we reached the immigration place we need to walk at the bridge to go the inside of terminal right, suddenly we was told to stop and make a 1 straight line queue and there was 30 of us I'm not sure, we need to lined up due to they want to check for Narcotics random check. It was so sudden and the thing that make me so upset and scared for life is they make 1 big police dog go 4 round and smell us without any safety device or let the dog wear mouth cover. You imagine how the condition in real life. Why in the first place you make that kind of very unsafe random check of people who come from Singapore and go there sure Singapore custom check us already. We won't be bringing drugs. If we bring, at Singapore terminal already being caught. I really so mad and wants to make a complaint over this issue but not sure where shud i go to. Because the whole scenario is not a professional and safe way of checking with a big dog that anytime will bite due to no safety measures. We not allowed to take picture so I don't have anything to show",2 stars,2 weeks ago,the most awful thing happen to me when i just reached batam terminal before we reached the immigration place we need to walk at the bridge to go the inside of terminal right suddenly we was told to stop and make a  straight line queue and there was  of us im not sure we need to lined up due to they want to check for narcotics random check it was so sudden and the thing that make me so upset and scared for life is they make  big police dog go  round and smell us without any safety device or let the dog wear mouth cover you imagine how the condition in real life why in the first place you make that kind of very unsafe random check of people who come from singapore and go there sure singapore custom check us already we wont be bringing drugs if we bring at singapore terminal already being caught i really so mad and wants to make a complaint over this issue but not sure where shud i go to because the whole scenario is not a professional and safe way of checking with a big dog that anytime will bite due to no safety measures we not allowed to take picture so i dont have anything to show,"hal yang paling mengerikan terjadi pada saya ketika saya baru sampai di terminal batam sebelum kami sampai di tempat imigrasi kami harus berjalan di jembatan untuk masuk ke dalam terminal tiba-tiba kami disuruh berhenti dan membuat antrian garis lurus dan di sana ada dari kami saya tidak yakin harus antri karena mereka ingin memeriksa narkotika, cek acak itu tiba-tiba dan yang membuat saya sangat kesal dan takut seumur hidup adalah mereka membuat anjing polisi besar berputar-putar dan mencium kami tanpa alat pengaman atau membiarkan anjing itu memakai penutup mulut bayangkan bagaimana kondisi di kehidupan nyata mengapa pertama-tama Anda melakukan pemeriksaan acak yang sangat tidak aman terhadap orang-orang yang datang dari singapura dan pergi ke sana tentu adat singapura, periksa kami sudah kami tidak akan membawa narkoba jika kami membawa di terminal singapura sudah tertangkap Saya sangat marah dan ingin mengajukan keluhan atas masalah ini tetapi tidak yakin ke mana saya harus pergi karena keseluruhan skenario bukanlah cara yang profesional dan aman untuk memeriksa dengan anjing besar yang kapan saja akan menggigit karena tidak ada tindakan pengamanan kami tidak diizinkan untuk mengambil gambar jadi saya tidak punya apa pun untuk ditunjukkan",paling keri jadi baru terminal batam tempat imigrasi jalan jembatan masuk dalam terminal tiba suruh henti buat antri garis lurus di sana yakin harus antri mereka periksa narkotika cek acak tiba buat saya sangat kesal takut umur hidup mereka buat anjing polisi besar putar cium tanpa alat kam biar anjing pakai tutup mulut bayang bagaimana kondisi di hidup nyata pertama-tama anda laku periksa acak sangat aman orang datang dari singapura pergi sana adat singapura periksa bawa narkoba kami bawa di terminal singapura sudah tangkap saya sangat marah ingin aju keluh atas masalah tetapi tidak yakin mana saya harus pergi seluruh skenario bukan cara yang profesional aman periksa anjing besar yang kapan akan gigit tidak tindak aman kami tidak izin ambil gambar jadi saya tidak punya apa untuk tunjuk,LABEL_2
Batam Centre Ferry Terminal,"Small place with a few shops and eateries in public area, the nearest big place to browse is Mega Mall opens from late morning.",3 stars,9 years ago,small place with a few shops and eateries in public area the nearest big place to browse is mega mall opens from late morning,tempat kecil dengan beberapa toko dan restoran di area umum tempat besar terdekat untuk dijelajahi adalah mal besar yang buka mulai pagi hari,tempat kecil beberapa toko restoran area umum tempat besar dekat jajah mal besar buka mulai pagi hari,LABEL_0
Batam Centre Ferry Terminal,ferry to singapore and johor,5 stars,Edited 9 years ago,ferry to singapore and johor,feri ke singapura dan johor,feri singapura johor,LABEL_1
Batam Centre Ferry Terminal,You can catch ferry to Singapore.,4 stars,9 years ago,you can catch ferry to singapore,Anda bisa naik feri ke Singapura,anda naik feri singapura,LABEL_1
Batam Centre Ferry Terminal,"Quite easy to get cab, you can stay for a while with enjoying cheaper food",4 stars,9 years ago,quite easy to get cab you can stay for a while with enjoying cheaper food,cukup mudah untuk mendapatkan taksi Anda bisa tinggal sebentar sambil menikmati makanan yang lebih murah,cukup mudah dapat taksi anda tinggal sebentar nikmat makan lebih murah,LABEL_0
Batam Centre Ferry Terminal,Batam Centre is the nearest port to sail across Singapore from Hang Nadim airport. The pictures are taken from inside Sindo Ferry. Nice seat & very comfort.,4 stars,Edited 9 years ago,batam centre is the nearest port to sail across singapore from hang nadim airport the pictures are taken from inside sindo ferry nice seat  very comfort,pusat batam adalah pelabuhan terdekat untuk berlayar melintasi singapura dari bandara hang nadim gambar diambil dari dalam sindo feri tempat duduk yang bagus sangat nyaman,pusat batam labuh dekat layar lintas singapura bandara hang nadim gambar ambil dalam sindo feri tempat duduk bagus sangat nyaman,LABEL_0
Batam Centre Ferry Terminal,"Bought express tickets to clear immigration & get our passports chopped asap but unfortunately corruption runs rampant in the immigration office. Officer demanded RP 500k to clear immigration immediately. If so, what’s the point of us purchasing express tickets beforehand then? If you can’t handle the influx of passengers arriving, then don’t bother. We paid for a service and yet they demanded more. Utterly disappointed and disgusted.",1 star,a year ago,bought express tickets to clear immigration  get our passports chopped asap but unfortunately corruption runs rampant in the immigration office officer demanded rp k to clear immigration immediately if so whats the point of us purchasing express tickets beforehand then if you cant handle the influx of passengers arriving then dont bother we paid for a service and yet they demanded more utterly disappointed and disgusted,"membeli tiket ekspres untuk melewati imigrasi, paspor kita akan dipotong secepatnya tapi sayangnya korupsi merajalela di kantor imigrasi petugas meminta rp k untuk segera membersihkan imigrasi jika demikian apa gunanya kita membeli tiket ekspres terlebih dahulu lalu jika Anda tidak dapat menangani masuknya penumpang yang datang maka jangan repot-repot kami membayar untuk layanan namun mereka menuntut lebih banyak lagi benar-benar kecewa dan jijik",beli tiket ekspres lewat imigrasi paspor akan potong cepat sayang korupsi rajalela kantor imigrasi tugas minta rp k segera bersih imigrasi demikian apa guna beli tiket ekspres lebih lalu anda dapat tangan masuk tumpang datang jangan repot bayar layan mereka tuntut lebih banyak benar kecewa jijik,LABEL_2
Batam Centre Ferry Terminal,"The custom officer recently seemed to discriminate the foreigners when check in. We were from Singapore and queuing as usual. When we got to the counter, the Indonesian officer just sit there and not even bother to check my passport. He wait for few minutes and then suddenly ask me to go to another que again. I que again and come to the 2nd Indonesian officer. He was very impolite and he was also not willing to take my passport. After joking with another Chinese looking officer, then only he take my passport and start to ask what I come here for. I answer accordingly and he was like unwilling to chop my passport and waited a while. Finally he let me go. I asked other few guys, they also have the same incident. They were also directed to different counter and waited for some time without knowing what happened. This is a shame to indonesian custom. Are you not supposed to welcome visitors and be more friendly?? Will never come to Indonesia again. We are not here to see your impatient face!",1 star,2 years ago,the custom officer recently seemed to discriminate the foreigners when check in we were from singapore and queuing as usual when we got to the counter the indonesian officer just sit there and not even bother to check my passport he wait for few minutes and then suddenly ask me to go to another que again i que again and come to the nd indonesian officer he was very impolite and he was also not willing to take my passport after joking with another chinese looking officer then only he take my passport and start to ask what i come here for i answer accordingly and he was like unwilling to chop my passport and waited a while finally he let me go i asked other few guys they also have the same incident they were also directed to different counter and waited for some time without knowing what happened this is a shame to indonesian custom are you not supposed to welcome visitors and be more friendly will never come to indonesia again we are not here to see your impatient face,petugas bea cukai baru-baru ini sepertinya mendiskriminasi orang asing ketika check in kami dari singapura dan mengantri seperti biasa ketika kami sampai di konter petugas indonesia hanya duduk disana dan bahkan tidak repot-repot memeriksa paspor saya dia menunggu beberapa menit dan kemudian tiba-tiba meminta saya untuk pergi ke antrian lain lagi saya antri lagi dan datang ke petugas indonesia dia sangat tidak sopan dan dia juga tidak mau mengambil paspor saya setelah bercanda dengan petugas berpenampilan cina lainnya kemudian hanya dia yang mengambil paspor saya dan mulai bertanya untuk apa saya datang ke sini menjawab sesuai dan dia seperti tidak mau memotong paspor saya dan menunggu beberapa saat akhirnya dia membiarkan saya pergi saya bertanya kepada beberapa orang lain mereka juga mengalami kejadian yang sama mereka juga diarahkan ke loket yang berbeda dan menunggu beberapa saat tanpa mengetahui apa yang terjadi ini memalukan bagi adat indonesia bukankah kamu seharusnya menyambut pengunjung dan lebih ramah tidak akan pernah datang ke indonesia lagi kami di sini bukan untuk melihat wajahmu yang tidak sabar,tugas bea cukai baru seperti diskriminasi orang asing check in dari singapura antri biasa kami konter tugas indonesia duduk sana bahkan repot periksa paspor tunggu beberapa menit kemudian tiba minta pergi antri antri datang tugas indonesia sangat sopan dia mau ambil paspor telah canda tugas tampil cina lain kemudian dia ambil paspor mulai tanya apa datang sini jawab sesuai dia tidak mau potong paspor dan tunggu beberapa akhir dia biar pergi tanya beberapa orang alami jadi sama mereka juga arah loket beda dan tunggu beberapa tanpa tahu apa jadi malu adat indonesia bukankah kamu sambut unjung dan lebih ramah tidak akan pernah datang indonesia lagi kami di sini bukan untuk lihat wajah tidak sabar,LABEL_2
Batam Centre Ferry Terminal,"This is a Small Terminal and can't Accommodate more ppl. Service also not good. Food Option is also very less, But have many currency exchange Centers and It has a foot over bridge to Matri mall.

Immigration process is bit slow. I Visited Batam during the Weekend and Waited in the line for more than 3 hours to get the Entry stamp.",3 stars,5 years ago,"this is a small terminal and cant accommodate more ppl service also not good food option is also very less but have many currency exchange centers and it has a foot over bridge to matri mall

immigration process is bit slow i visited batam during the weekend and waited in the line for more than  hours to get the entry stamp","ini adalah terminal kecil dan tidak dapat menampung lebih banyak layanan ppl juga pilihan makanan yang tidak enak juga sangat kurang tetapi memiliki banyak pusat penukaran mata uang dan memiliki jembatan penyeberangan ke mal matri

proses imigrasi agak lambat saya mengunjungi batam pada akhir pekan dan mengantri lebih dari berjam-jam untuk mendapatkan stempel masuk",adalah terminal kecil tidak tampung lebih banyak layan ppl pilih makan tidak enak sangat kurang milik banyak pusat tukar mata uang milik jembatan seberang mal matri proses imigrasi lambat unjung batam akhir pekan antri lebih jam dapat stempel masuk,LABEL_2
Batam Centre Ferry Terminal,"If you want to use online transport, go inside MegaMall and ask the transport to come to other side of Mall Lobby, dont ask him to come to gate opposite of batam center, other conventional transport will shove them out",3 stars,9 years ago,if you want to use online transport go inside megamall and ask the transport to come to other side of mall lobby dont ask him to come to gate opposite of batam center other conventional transport will shove them out,"jika anda ingin menggunakan transportasi online, masuklah ke dalam megamall dan mintalah transportasi tersebut untuk datang ke sisi lain dari lobi mall, jangan memintanya untuk datang ke gerbang di seberang pusat batam, transportasi konvensional lainnya akan mendorong mereka keluar",anda guna transportasi online masuk dalam megamall minta transportasi sebut datang sisi dari lobi mall jangan minta datang gerbang seberang pusat batam transportasi konvensional lain dorong keluar,LABEL_1
Batam Centre Ferry Terminal,"Crowded and confusing place. You have eboarding pass on the phone, but still need to get it printed at the counter, so don't come too close to the depqrture time.",3 stars,2 months ago,crowded and confusing place you have eboarding pass on the phone but still need to get it printed at the counter so dont come too close to the depqrture time,tempat yang ramai dan membingungkan Anda memiliki eboarding pass di telepon tetapi masih perlu mencetaknya di konter jadi jangan terlalu dekat dengan waktu keberangkatan,tempat ramai bingung anda milik eboarding pass telepon masih perlu cetak konter jadi jangan terlalu dekat waktu berangkat,LABEL_2
Batam Centre Ferry Terminal,"In the center of Batam City, one of most popular ferry terminal to across our neighbor country, Singapore. its about 30 minutes to reach this place from Hang Nadim Airport. Try the new adventurous day to sail over Singapore via Ferry by this place. You can buy online ticket or offline at the sales counter located at 2nd floor. Many vary of ferry operator, I use Sindo Ferry, bought from Marlin Booking only Rp 280.000 /person round trip all are inclusive. After check in at Sindo Ferry counter, went to the Immigration Inspection,  aside of boarding card, so be ready with your passport and ID (KTP). And after boarding call, walk along the departure gate to the ferry..ready to go.",4 stars,8 years ago,in the center of batam city one of most popular ferry terminal to across our neighbor country singapore its about  minutes to reach this place from hang nadim airport try the new adventurous day to sail over singapore via ferry by this place you can buy online ticket or offline at the sales counter located at nd floor many vary of ferry operator i use sindo ferry bought from marlin booking only rp  person round trip all are inclusive after check in at sindo ferry counter went to the immigration inspection  aside of boarding card so be ready with your passport and id ktp and after boarding call walk along the departure gate to the ferryready to go,di pusat kota batam salah satu terminal feri paling populer ke seluruh negara tetangga kita singapura sekitar beberapa menit untuk mencapai tempat ini dari bandara hang nadim cobalah hari petualangan baru untuk berlayar melintasi singapura melalui feri di tempat ini Anda dapat membeli tiket online atau offline di konter penjualan yang terletak di lantai nd berbagai macam operator feri saya menggunakan feri sindo yang dibeli dari marlin pemesanan hanya rp orang pulang pergi semua sudah termasuk setelah check in di konter feri sindo pergi ke pemeriksaan imigrasi selain kartu boarding jadi bersiaplah dengan paspor dan kartu identitas Anda ktp dan setelah boarding call berjalan menyusuri gerbang keberangkatan menuju kapal feri yang siap berangkat,pusat kota batam salah satu terminal feri paling populer seluruh negara tetangga singapura beberapa menit capai tempat bandara hang nadim coba hari tualang baru layar lintas singapura lalu feri tempat anda beli tiket online offline konter jual letak lantai nd bagai macam operator feri guna feri sindo beli dari marlin mesan rp orang pulang pergi semua masuk check in konter feri sindo pergi periksa imigrasi kartu boarding jadi siap paspor kartu identitas anda ktp telah boarding call jalan susur gerbang berangkat tuju kapal feri siap berangkat,LABEL_1
Batam Centre Ferry Terminal,"It was the worst experienced. I got scammed by the money exhanger inside the Batam Terminal.

Their ATM don't  work with VISA so I went to the monen exchanger.

When I arrived the hotel I counted and calculated the agreed conversion rate. But the money was lacking around 49SGD.

Please. Dont ever exchange your money in the Batam center terminal. Do it in Singapore instead.

Never ever gonna return here.

The good thing is the accomodation. Thanks Swiss belinn. And the people are friendly around. Also the grab drivers.",1 star,2 years ago,"it was the worst experienced i got scammed by the money exhanger inside the batam terminal

their atm dont  work with visa so i went to the monen exchanger

when i arrived the hotel i counted and calculated the agreed conversion rate but the money was lacking around sgd

please dont ever exchange your money in the batam center terminal do it in singapore instead

never ever gonna return here

the good thing is the accomodation thanks swiss belinn and the people are friendly around also the grab drivers","itu adalah pengalaman terburuk saya ditipu oleh penukar uang di dalam terminal batam

atm mereka tidak berfungsi dengan visa jadi saya pergi ke penukar monen

sesampainya di hotel saya hitung dan kalkulasi rate konversi yang disepakati namun uangnya kurang sekitar sgd

tolong jangan pernah menukarkan uang Anda di terminal pusat batam, lakukan saja di singapura

tidak akan pernah kembali ke sini

enaknya akomodasinya terima kasih swiss belinn dan orang-orangnya ramah sekitar juga driver grabnya",adalah alam buruk tipu tukar uang dalam terminal batam atm tidak fungsi visa jadi pergi tukar monen sampa hotel hitung kalkulasi rate konversi pakat uang kurang sgd tolong jangan pernah tukar uang anda terminal pusat batam laku di singapura tidak pernah ke sini enak akomodasi terima kasih swiss belinn orang ramah juga driver grabnya,LABEL_0
Batam Centre Ferry Terminal,"The queue was very packed & the system in place wasn't the best, inclusively the waiting area was humid & warm despite the long queue there were only a few counters open",1 star,Edited 3 years ago,the queue was very packed  the system in place wasnt the best inclusively the waiting area was humid  warm despite the long queue there were only a few counters open,antrian sangat padat sistem di tempat bukan yang terbaik inklusif ruang tunggu lembab hangat meskipun antrian panjang hanya ada beberapa loket yang buka,antri sangat padat sistem tempat bukan baik inklusif ruang tunggu lembab hangat meski antri panjang ada beberapa loket buka,LABEL_2
Batam Centre Ferry Terminal,👌👍 …,4 stars,Edited 7 years ago,,,,LABEL_0
Batam Centre Ferry Terminal,Would be better if the immigration side has more counters. Limited shops available around. Mostly food,3 stars,Edited 10 years ago,would be better if the immigration side has more counters limited shops available around mostly food,"akan lebih baik jika pihak imigrasi memiliki lebih banyak loket, toko-toko terbatas yang sebagian besar menyediakan makanan",lebih baik pihak imigrasi milik lebih banyak loket toko batas bagi besar sedia makan,LABEL_1
Batam Centre Ferry Terminal,Clean and neat,4 stars,9 years ago,clean and neat,bersih dan rapi,bersih rapi,LABEL_0
Batam Centre Ferry Terminal,"Be careful of the taxi mafia. They are violent and dangerous. If you refuse them, they might follow you and stalk you and harass you because they hate grab and gojek and want to make sure you are not trying to sneak off and use them. They will also block all blue bird taxis and silver bird taxis and make them feel threatened. Be careful!",1 star,6 years ago,be careful of the taxi mafia they are violent and dangerous if you refuse them they might follow you and stalk you and harass you because they hate grab and gojek and want to make sure you are not trying to sneak off and use them they will also block all blue bird taxis and silver bird taxis and make them feel threatened be careful,hati-hati dengan mafia taksi mereka kejam dan berbahaya jika Anda menolaknya mereka mungkin akan mengikuti Anda dan menguntit Anda dan melecehkan Anda karena mereka benci ambil dan gojek dan ingin memastikan Anda tidak mencoba menyelinap dan menggunakannya mereka juga akan memblokir semua taksi blue bird dan taksi silver bird dan membuat mereka merasa terancam hati-hati,hati mafia taksi kejam bahaya anda tolak mungkin ikut anda kuntit anda leceh anda benci ambil gojek ingin pasti anda coba selinap guna juga blokir semua taksi blue bird taksi silver bird buat mereka rasa ancam hati,LABEL_2
Batam Centre Ferry Terminal,"If a could give zero starts or a negative rating I actually would. Total mess, check-in lanes/booths are overcrowded, no concept of queueing.",1 star,7 years ago,if a could give zero starts or a negative rating i actually would total mess checkin lanesbooths are overcrowded no concept of queueing,jika bisa memberikan nol awal atau peringkat negatif saya benar-benar akan berantakan total bilik jalur checkin penuh sesak tidak ada konsep antrian,bisa beri nol awal peringkat negatif benar beranta total bilik jalur checkin penuh sesak ada konsep antri,LABEL_2
Batam Centre Ferry Terminal,fuyoh.the immigration when leave work so so so slowly . im take 1.30 hour to check in and onboard .nearly miss the ship.and im leave at weekday also no much ppl.slow slow slow!!!,2 stars,8 years ago,fuyohthe immigration when leave work so so so slowly  im take  hour to check in and onboard nearly miss the shipand im leave at weekday also no much pplslow slow slow,fuyoh imigrasi ketika pulang kerja sangat lambat saya membutuhkan waktu berjam-jam untuk check in dan naik kapal hampir ketinggalan kapal dan saya berangkat pada hari kerja juga tidak banyak orang lambat lambat lambat,fuyoh imigrasi pulang kerja sangat lambat butuh waktu jam check in naik kapal hampir tinggal kapal saya berangkat hari kerja tidak banyak orang lambat lambat lambat,LABEL_2
Batam Centre Ferry Terminal,A little small but have an overhead pass to the Matahari mall across the street. Nice views coming in via the ferry. The immigration counter nearby has a separate visa on arrival booth but the booth opens only during daytime.,4 stars,6 years ago,a little small but have an overhead pass to the matahari mall across the street nice views coming in via the ferry the immigration counter nearby has a separate visa on arrival booth but the booth opens only during daytime,agak kecil tetapi memiliki izin masuk ke mal matahari di seberang jalan pemandangan indah masuk melalui feri konter imigrasi di dekatnya memiliki stan visa kedatangan terpisah tetapi stan hanya buka pada siang hari,kecil milik izin masuk mal matahari seberang jalan pandang indah masuk lalu feri konter imigrasi dekat milik stan visa datang pisah stan buka siang hari,LABEL_1
Batam Centre Ferry Terminal,"So bad terminal i was ever come……
How come people canot go in ???????

Omg wasted time and money",3 stars,a year ago,"so bad terminal i was ever come
how come people canot go in 

omg wasted time and money","terminal yang sangat buruk saya pernah datang
kenapa orang tidak bisa masuk 

ya ampun membuang-buang waktu dan uang",terminal sangat buruk pernah datang kenapa orang bisa masuk ya ampun buang waktu uang,LABEL_2
Batam Centre Ferry Terminal,"We recently had a disastrous experience at the Batam International Ferry Terminal immigration. The officers were corrupt and demanded money in exchange for processing our parents' passports. They asked unnecessary questions, including:
Why we were visiting Batam when our Singapore visa was about to expire (despite having more than 7 days left on our visa.)
For proof of a return ticket (which we provided, including ferry back to Singapore and air tickets back to our own country!)
The entire process was a sham, with multiple officers and police involved. They were all in cahoots, demanding USD$100 per person (which I ended up paying S$100 for 2 people after negotiating).
This experience was marred by corruption and extortion, and I do not recommend visiting Batam to anyone especially when entering Batam from multiple country transit. They will find any reasons for money$ and won't follow any rules!
As i am working in Singapore and holding the valid pass , so they cant ask & ask money $ for my case.",1 star,a year ago,"we recently had a disastrous experience at the batam international ferry terminal immigration the officers were corrupt and demanded money in exchange for processing our parents passports they asked unnecessary questions including
why we were visiting batam when our singapore visa was about to expire despite having more than  days left on our visa
for proof of a return ticket which we provided including ferry back to singapore and air tickets back to our own country
the entire process was a sham with multiple officers and police involved they were all in cahoots demanding usd per person which i ended up paying s for  people after negotiating
this experience was marred by corruption and extortion and i do not recommend visiting batam to anyone especially when entering batam from multiple country transit they will find any reasons for money and wont follow any rules
as i am working in singapore and holding the valid pass  so they cant ask  ask money  for my case","kami baru-baru ini mengalami pengalaman buruk di imigrasi terminal feri internasional batam, petugasnya korup dan meminta uang sebagai imbalan untuk memproses paspor orang tua kami, mereka mengajukan pertanyaan yang tidak perlu termasuk
mengapa kami mengunjungi batam ketika visa singapura kami akan segera habis masa berlakunya meskipun visa kami masih tersisa lebih dari beberapa hari
untuk bukti tiket pulang pergi yang kami sediakan termasuk feri kembali ke singapura dan tiket pesawat kembali ke negara asal
seluruh prosesnya palsu dengan melibatkan banyak petugas dan polisi. Mereka semua bersekongkol menuntut USD per orang yang akhirnya saya bayarkan untuk orang-orang setelah bernegosiasi
pengalaman ini dirusak oleh korupsi dan pemerasan dan saya tidak merekomendasikan mengunjungi batam kepada siapa pun terutama ketika memasuki batam dari transit beberapa negara, mereka akan mencari alasan untuk mendapatkan uang dan tidak akan mengikuti aturan apa pun
karena saya bekerja di Singapura dan memegang izin yang sah sehingga mereka tidak dapat meminta uang untuk kasus saya",baru alami alam buruk imigrasi terminal feri internasional batam tugas korup minta uang imbal proses paspor orang tua kami aju tanya perlu masuk mengapa unjung batam visa singapura segera habis masa laku meski visa masih sisa lebih beberapa hari untuk bukti tiket pulang pergi kami sedia masuk feri ke singapura tiket pesawat ke negara asal seluruh proses palsu libat banyak tugas polisi mereka semua sekongkol tuntut usd per orang akhir bayar orang negosiasi alam rusak korupsi peras rekomendasi unjung batam siapa utama pasuk batam transit beberapa negara akan cari alas dapat uang tidak akan ikut atur apa pun karena kerja singapura pegang izin sah mereka tidak dapat minta uang kasus saya,LABEL_2
Batam Centre Ferry Terminal,"A small terminal with the bare necessities for inbound and outbound ferry passengers. There are a few restaurants on the second floor, but they are expensive with a severely limited variety.

The boarding experience was also quite dreadful as the boarding area was incredibly crowded, and the complete lack of organization at the boarding gates made it difficult to know where to queue when it was time to board.

As a frequent traveller to Batam, I would definitely recommend departing from either Harbour Bay or Nongsapura because this place is just a seething cauldron of frustrated human bodies.",2 stars,2 years ago,"a small terminal with the bare necessities for inbound and outbound ferry passengers there are a few restaurants on the second floor but they are expensive with a severely limited variety

the boarding experience was also quite dreadful as the boarding area was incredibly crowded and the complete lack of organization at the boarding gates made it difficult to know where to queue when it was time to board

as a frequent traveller to batam i would definitely recommend departing from either harbour bay or nongsapura because this place is just a seething cauldron of frustrated human bodies","terminal kecil yang hanya menyediakan kebutuhan untuk penumpang feri masuk dan keluar terdapat beberapa restoran di lantai dua tetapi harganya mahal dan variasinya sangat terbatas

pengalaman naik pesawat juga cukup mengerikan karena area naik pesawat sangat ramai dan kurangnya pengaturan di gerbang keberangkatan membuat sulit untuk mengetahui di mana harus mengantri ketika tiba waktunya untuk naik pesawat.

sebagai orang yang sering bepergian ke batam saya pasti akan merekomendasikan berangkat dari harbour bay atau nongsapura karena tempat ini hanyalah kuali yang mendidih dari tubuh manusia yang frustrasi",terminal kecil hanya sedia butuh tumpang feri masuk keluar dapat beberapa restoran lantai tetapi harga mahal variasi sangat batas alam naik pesawat cukup keri area naik pesawat sangat ramai kurang atur gerbang berangkat buat sulit tahu mana antri tiba waktu naik pesawat bagai orang sering pergi batam pasti rekomendasi berangkat harbour bay nongsapura tempat hanya kuali didih tubuh manusia frustrasi,LABEL_2
Batam Centre Ferry Terminal,"The facility is complete.
Help desk, ticketing area, restaurants, souvenir shop, money changer, taxi service, duty free shop.

Help desk : 7/10
Ticketing area : 10/10 (new design and new place)
Restaurant / cafe : 8/10
Money changer : 7/10
Toilet : 6/10
Taxi service : 6/10
Immigration service : 8/10
Waiting room : 9/10
Boarding info : 10/10
Jetty : 9/10
Parking lot : 5/10 (i really do not like the parking lot. Parking space has taken by vip (officer), vallet, and taxi. And visitor park their car not within the space then no parking staff  set the car)",4 stars,9 years ago,"the facility is complete
help desk ticketing area restaurants souvenir shop money changer taxi service duty free shop

help desk  
ticketing area   new design and new place
restaurant  cafe  
money changer  
toilet  
taxi service  
immigration service  
waiting room  
boarding info  
jetty  
parking lot   i really do not like the parking lot parking space has taken by vip officer vallet and taxi and visitor park their car not within the space then no parking staff  set the car","fasilitasnya lengkap
meja bantuan area tiket restoran toko suvenir penukaran uang layanan taksi toko bebas bea

meja bantuan  
area tiket desain baru dan tempat baru
kafe restoran  
penukaran uang  
toilet  
layanan taksi  
layanan imigrasi  
ruang tunggu  
info asrama  
dermaga  
tempat parkir saya benar-benar tidak suka tempat parkir tempat parkir telah diambil oleh petugas vip vallet dan taksi dan pengunjung memarkir mobil mereka tidak di dalam tempat maka tidak ada staf parkir yang mengatur mobil",fasilitas lengkap meja bantu area tiket restoran toko suvenir tukar uang layan taksi toko bebas bea meja bantu area tiket desain baru tempat baru kafe restoran tukar uang toilet layan taksi layan imigrasi ruang tunggu info asrama dermaga tempat parkir benar suka tempat parkir tempat parkir ambil tugas vip vallet taksi unjung parkir mobil tidak dalam tempat tidak staf parkir atur mobil,LABEL_1
Batam Centre Ferry Terminal,Happy to visit Batam after over 2 years!! Had a good lunch on reaching :D,4 stars,4 years ago,happy to visit batam after over  years had a good lunch on reaching d,senang mengunjungi batam setelah bertahun-tahun makan siang yang enak saat mencapai d,senang unjung batam tahun makan siang enak capai d,LABEL_0
Batam Centre Ferry Terminal,Much better than it was a while back. The area is much improved also,4 stars,10 years ago,much better than it was a while back the area is much improved also,"jauh lebih baik daripada beberapa waktu lalu, area ini juga jauh lebih baik",jauh lebih baik beberapa waktu lalu area juga jauh lebih baik,LABEL_0
Batam Centre Ferry Terminal,Crowd management is good and clearance is fast. 👍 …,4 stars,7 years ago,crowd management is good and clearance is fast,manajemen kerumunannya bagus dan pembersihannya cepat,manajemen kerumun bagus bersih cepat,LABEL_0
Batam Centre Ferry Terminal,"Modern facilities that is very conducive as ferry terminal centre for international route.  Very clean, safe building with information related to international travelling are abound. Information counter, baggage handling counter, ticketing counter are available within this complex.",5 stars,3 years ago,modern facilities that is very conducive as ferry terminal centre for international route  very clean safe building with information related to international travelling are abound information counter baggage handling counter ticketing counter are available within this complex,"fasilitas modern yang sangat kondusif sebagai pusat terminal feri untuk rute internasional sangat bersih, bangunan aman dengan informasi terkait perjalanan internasional berlimpah, konter informasi, konter penanganan bagasi, konter tiket tersedia di dalam kompleks ini",fasilitas modern sangat kondusif pusat terminal feri rute internasional sangat bersih bangun aman informasi kait jalan internasional limpah konter informasi konter tangan bagasi konter tiket sedia dalam kompleks,LABEL_0
Batam Centre Ferry Terminal,Busy crowded comfy place to cross to Singapore using ferry.,3 stars,9 years ago,busy crowded comfy place to cross to singapore using ferry,sibuk ramai tempat nyaman untuk menyeberang ke singapura menggunakan feri,sibuk ramai tempat nyaman seberang singapura guna feri,LABEL_2
Batam Centre Ferry Terminal,"Great ferry terminal. Much smoother experience than expected. Shops could be a bit more varied, but if you need something and have time, you can take the pedestrian bridge to the mall across the road (access via 2nd floor).

The duty-free shop is the only one in this terminal, but the Singapore terminal has a few after your transit.",4 stars,10 years ago,"great ferry terminal much smoother experience than expected shops could be a bit more varied but if you need something and have time you can take the pedestrian bridge to the mall across the road access via nd floor

the dutyfree shop is the only one in this terminal but the singapore terminal has a few after your transit","terminal feri yang bagus pengalaman yang jauh lebih lancar dari yang diharapkan toko-toko bisa sedikit lebih bervariasi tetapi jika Anda memerlukan sesuatu dan punya waktu, Anda dapat naik jembatan penyeberangan ke mal di seberang akses jalan melalui lantai nd

toko bebas bea adalah satu-satunya di terminal ini tetapi terminal singapura memiliki beberapa setelah transit Anda",terminal feri bagus alam jauh lebih lancar yang harap toko sedikit lebih variasi jika anda perlu dan punya waktu anda naik jembatan seberang mal seberang akses jalan lalu lantai nd toko bebas bea satu terminal tetapi terminal singapura milik beberapa transit anda,LABEL_0
Batam Centre Ferry Terminal,"The place gets super messy during long weekends. I started queuing more than an hour before my ferry boarding time, and still was not able to board.

At the beginning, the crowd was managed by officers allowing passengers to board the up-riding escalator in batches. HOWEVER, they don't check the boarding time of the passengers and just let people go in. They also allowed people who just entered the terminal (to give the benefit of the doubt) who were not aware there is a snaking queue to cut the line.

A suggestion for the terminal, please check the boarding time of each passengers first and prioritize accordingly, so people can reach their ferry on time and it saves people a lot of anxiety.",2 stars,2 years ago,"the place gets super messy during long weekends i started queuing more than an hour before my ferry boarding time and still was not able to board

at the beginning the crowd was managed by officers allowing passengers to board the upriding escalator in batches however they dont check the boarding time of the passengers and just let people go in they also allowed people who just entered the terminal to give the benefit of the doubt who were not aware there is a snaking queue to cut the line

a suggestion for the terminal please check the boarding time of each passengers first and prioritize accordingly so people can reach their ferry on time and it saves people a lot of anxiety","tempat ini menjadi sangat berantakan selama akhir pekan yang panjang. Saya mulai mengantri lebih dari satu jam sebelum waktu naik feri dan masih belum bisa naik ke kapal

pada awalnya kerumunan tersebut dikelola oleh petugas yang memperbolehkan penumpang menaiki eskalator yang terbalik secara berkelompok namun mereka tidak memeriksa waktu naik penumpang dan membiarkan orang masuk saja mereka juga memperbolehkan orang yang baru masuk terminal untuk memberi manfaat dari keraguan yang tidak sadar ada antrian yang mengular hingga memotong antrean.

saran untuk pihak terminal harap periksa terlebih dahulu jam keberangkatan masing-masing penumpang dan buatlah prioritas yang sesuai sehingga penumpang dapat tiba di kapal feri mereka tepat waktu dan hal ini akan mengurangi rasa cemas penumpang.",tempat jadi sangat beranta lama akhir pekan panjang saya mulai antri lebih satu jam waktu naik feri masih bisa naik kapal pada awal kerumun sebut kelola tugas boleh tumpang naik eskalator balik kelompok periksa waktu naik tumpang biar orang masuk mereka boleh orang baru masuk terminal beri manfaat ragu tidak sadar antri ular hingga potong antre saran pihak terminal harap periksa lebih jam berangkat masing-masing tumpang buat prioritas sesuai tumpang tiba kapal feri mereka tepat waktu hal akan kurang rasa cemas tumpang,LABEL_2
Batam Centre Ferry Terminal,Good port... Nice placements,4 stars,8 years ago,good port nice placements,"pelabuhan yang bagus, penempatan yang bagus",labuh bagus tempat bagus,LABEL_0
Batam Centre Ferry Terminal,"Having breakfast here while waiting for the walkway bridge to Mega Mall open (10 AM).
Kfc, restaurants and local snack shops at level 2. You can find indonesia SIM card, taxi and duty free shops at level 1, not much to see though!",3 stars,8 years ago,"having breakfast here while waiting for the walkway bridge to mega mall open  am
kfc restaurants and local snack shops at level  you can find indonesia sim card taxi and duty free shops at level  not much to see though","sarapan disini sambil menunggu jembatan jalan menuju mega mall buka
restoran kfc dan toko makanan ringan lokal di tingkat Anda dapat menemukan taksi kartu sim indonesia dan toko bebas bea di tingkat tidak banyak yang bisa dilihat",sarap sini tunggu jembatan jalan tuju mega mall buka restoran kfc toko makan ringan lokal tingkat anda temu taksi kartu sim indonesia toko bebas bea tingkat banyak bisa lihat,LABEL_1
Batam Centre Ferry Terminal,The most crowded ferry terminal in batam to singapore and malaysia,5 stars,10 years ago,the most crowded ferry terminal in batam to singapore and malaysia,terminal feri paling ramai di batam ke singapura dan malaysia,terminal feri paling ramai batam singapura malaysia,LABEL_1
Batam Centre Ferry Terminal,"It had been years since I came here but some things dont change. Till now, the crowd control management and queue system is non existence. The place is still stuck in time as the world move forward, just like a time capsule.",1 star,a month ago,it had been years since i came here but some things dont change till now the crowd control management and queue system is non existence the place is still stuck in time as the world move forward just like a time capsule,sudah bertahun-tahun sejak saya datang ke sini tetapi beberapa hal tidak berubah sampai sekarang manajemen pengendalian massa dan sistem antrian tidak ada tempat ini masih terjebak dalam waktu seiring dunia bergerak maju seperti kapsul waktu,tahun sejak datang sini beberapa ubah sekarang manajemen kendali massa sistem antri tidak ada tempat masih jebak waktu iring dunia gerak maju kapsul waktu,LABEL_2
Batam Centre Ferry Terminal,Nice clean and organized terminal.,4 stars,3 years ago,nice clean and organized terminal,"terminal yang bagus, bersih dan terorganisir",terminal bagus bersih organisir,LABEL_0
Batam Centre Ferry Terminal,Good place to go in and out Indonesia. There is a Big Mall in front of the terminal,5 stars,4 years ago,good place to go in and out indonesia there is a big mall in front of the terminal,tempat yang bagus untuk keluar masuk indonesia ada mall besar di depan terminal,tempat bagus keluar masuk indonesia mall besar depan terminal,LABEL_0
Batam Centre Ferry Terminal,Its an immigration gateway to Indonesia from Singapore. From the ferry just head to buy visa stamp($35) then passport counter. Its about 20minutes to pass all these. Reasonable taxi fair to any hotel within Batam(IDR70000). December 2014,4 stars,10 years ago,its an immigration gateway to indonesia from singapore from the ferry just head to buy visa stamp then passport counter its about minutes to pass all these reasonable taxi fair to any hotel within batamidr december,"ini adalah pintu gerbang imigrasi ke indonesia dari singapura dari feri, pergilah untuk membeli stempel visa lalu loket paspor sekitar beberapa menit untuk melewati semua pameran taksi yang masuk akal ini ke hotel mana pun di batamidr bulan desember",adalah pintu gerbang imigrasi indonesia singapura feri pergi beli stempel visa lalu loket paspor beberapa menit lewat semua pamer taksi masuk akal ke hotel mana di batamidr bulan desember,LABEL_1
Batam Centre Ferry Terminal,"The immigration officer in the black uniform standing near the auto gate was rude and arrogant. He asked me, “Where are you going?” I politely answered, “Singapore.” Then he asked the exact same question again, and I gave the same answer. He asked in an interrogative and condescending tone. In my head, I was thinking, “You’re like a student who doesn’t listen in the classroom and doesn’t understand even when the teacher repeats the explanation.” Omg!😨

For Singaporeans/tourist in the review comments who feel that batam immigration officers are rude, just FYI, they are also rude to Indonesians, so don’t feel discriminated against. I believe there’s something wrong with the way they were trained.",1 star,a year ago,"the immigration officer in the black uniform standing near the auto gate was rude and arrogant he asked me where are you going i politely answered singapore then he asked the exact same question again and i gave the same answer he asked in an interrogative and condescending tone in my head i was thinking youre like a student who doesnt listen in the classroom and doesnt understand even when the teacher repeats the explanation omg

for singaporeanstourist in the review comments who feel that batam immigration officers are rude just fyi they are also rude to indonesians so dont feel discriminated against i believe theres something wrong with the way they were trained","petugas imigrasi berseragam hitam yang berdiri di dekat gerbang mobil itu kasar dan sombong dia bertanya padaku kamu mau kemana aku menjawab singapura dengan sopan lalu dia menanyakan pertanyaan yang sama lagi dan aku memberikan jawaban yang sama dia bertanya dengan nada interogatif dan merendahkan di kepalaku aku berpikir kamu seperti siswa yang tidak mendengarkan di kelas dan tidak mengerti bahkan ketika guru mengulangi penjelasannya ya tuhan

untuk turis singapura di review komentar yang merasa petugas imigrasi batam kasar, asal tahu saja mereka juga kasar terhadap orang indonesia jadi jangan merasa didiskriminasi saya yakin ada yang salah dengan cara mereka dilatih",tugas imigrasi seragam hitam diri dekat gerbang mobil kasar sombong tanya pada kamu mau aku jawab singapura sopan lalu tanya tanya sama aku beri jawab sama tanya nada interogatif rendah kepala aku pikir kamu siswa tidak dengar kelas dan tidak erti bahkan guru ulang jelas tuhan untuk turis singapura review komentar rasa tugas imigrasi batam kasar asal tahu kasar orang indonesia jadi jangan rasa diskriminasi yakin yang salah cara mereka latih,LABEL_2
Batam Centre Ferry Terminal,Stuffy. Stuffy...Aircon not working..unable to accomodate the crowds.,1 star,6 years ago,stuffy stuffyaircon not workingunable to accomodate the crowds,AC pengap pengap tidak berfungsi tidak mampu menampung orang banyak,ac pengap pengap fungsi mampu tampung orang banyak,LABEL_2
Batam Centre Ferry Terminal,"Nice mall, just beside the ferry terminal",5 stars,3 years ago,nice mall just beside the ferry terminal,mal yang bagus tepat di samping terminal feri,mal bagus tepat samping terminal feri,LABEL_0
Batam Centre Ferry Terminal,"one of the 5 gateway into batam, indonesia with ferry connections to/from singapore (harbour front) and malaysia (stulang laut).
just had a make-over recently and is pretty much clean up and in better order.",4 stars,10 years ago,"one of the  gateway into batam indonesia with ferry connections tofrom singapore harbour front and malaysia stulang laut
just had a makeover recently and is pretty much clean up and in better order","salah satu pintu gerbang ke batam indonesia dengan koneksi feri ke depan pelabuhan singapura dan stulang laut malaysia
baru saja mengalami perubahan dan sudah cukup bersih dan dalam keadaan lebih baik",salah satu pintu gerbang batam indonesia koneksi feri depan labuh singapura stulang laut malaysia baru alami ubah sudah cukup bersih dalam ada lebih baik,LABEL_0
Batam Centre Ferry Terminal,"Small ferry terminal, but probably the largest one in Batam with all the different ferry providers all in one place. There's a large shopping mall next to it, so all is good. They are very relaxed with their security checks and their computer system still runs on Windows XP which occassionally hangs and they have to restart. Expect delay.",3 stars,7 years ago,small ferry terminal but probably the largest one in batam with all the different ferry providers all in one place theres a large shopping mall next to it so all is good they are very relaxed with their security checks and their computer system still runs on windows xp which occassionally hangs and they have to restart expect delay,terminal feri kecil tapi mungkin yang terbesar di batam dengan semua penyedia feri yang berbeda semuanya di satu tempat ada pusat perbelanjaan besar di sebelahnya jadi semuanya baik-baik saja mereka sangat santai dengan pemeriksaan keamanan dan sistem komputer mereka masih berjalan di windows xp yang kadang-kadang hang dan mereka harus memulai ulang karena mengharapkan penundaan,terminal feri kecil mungkin besar batam semua sedia feri beda semua satu tempat pusat belanja besar belah jadi semua baik sangat santai periksa aman sistem komputer mereka masih jalan windows xp kadang hang mereka mulai ulang harap tunda,LABEL_2
Batam Centre Ferry Terminal,"Old port, even luggage retrieved manually without a rail. The port also very hot and dirty especially the ""fragrance"" in toilet. In addition, it is such sad thing that online taxi is not allowed in this area due to business competition. The positive side, this port have some stalls like a mini mall.",2 stars,3 years ago,old port even luggage retrieved manually without a rail the port also very hot and dirty especially the fragrance in toilet in addition it is such sad thing that online taxi is not allowed in this area due to business competition the positive side this port have some stalls like a mini mall,pelabuhan tua bahkan bagasi diambil secara manual tanpa kereta api pelabuhan juga sangat panas dan kotor terutama bau di toilet selain itu sangat menyedihkan bahwa taksi online tidak diperbolehkan di daerah ini karena persaingan bisnis sisi positifnya pelabuhan ini memiliki beberapa kios seperti mal mini,labuh tua bahkan bagasi ambil manual kereta api labuh sangat panas kotor utama bau toilet itu sangat sedih taksi online boleh daerah karena saing bisnis sisi positif labuh milik beberapa kios mal mini,LABEL_2
Batam Centre Ferry Terminal,Easy access it,4 stars,8 years ago,easy access it,akses mudah itu,akses mudah,LABEL_0
Batam Centre Ferry Terminal,The place is way too small and dis organized. The roads are too crowded and narrow. Actually it is a big mess.,2 stars,a month ago,the place is way too small and dis organized the roads are too crowded and narrow actually it is a big mess,"tempatnya terlalu kecil dan tidak teratur, jalannya terlalu padat dan sempit, sebenarnya ini adalah kekacauan besar",tempat terlalu kecil tidak atur jalan terlalu padat sempit benar adalah kacau besar,LABEL_2
Batam Centre Ferry Terminal,"I’d give zero stars if I could. We were misled by an immigration officer in Batam, who sold us a 7-day visa without telling us it was valid ONLY FOR BATAM. Since we were speaking English, it was obvious we were tourists – withholding such crucial information is unacceptable. It didn’t even say on the visa itself. We only found out at Jakarta airport, when we were denied boarding for our flight back to Germany. We lost all our booked flights, had to overstay our visa, travel back to Batam, pay fines, and spend over €2000 just to get home.

Back at Batam Ferry Terminal, the ordeal continued: officers delayed us for no reason, gave us false instructions on how to pay the fine, and only acted once money was involved. The whole process felt like a power game, leaving us stressed, terrified, and completely betrayed.

This ruined our holiday and traumatised us. What happened feels less like a mistake and more like a scam – and I will never return.",1 star,10 months ago,"id give zero stars if i could we were misled by an immigration officer in batam who sold us a day visa without telling us it was valid only for batam since we were speaking english it was obvious we were tourists  withholding such crucial information is unacceptable it didnt even say on the visa itself we only found out at jakarta airport when we were denied boarding for our flight back to germany we lost all our booked flights had to overstay our visa travel back to batam pay fines and spend over  just to get home

back at batam ferry terminal the ordeal continued officers delayed us for no reason gave us false instructions on how to pay the fine and only acted once money was involved the whole process felt like a power game leaving us stressed terrified and completely betrayed

this ruined our holiday and traumatised us what happened feels less like a mistake and more like a scam  and i will never return","aku akan memberikan bintang nol jika bisa kami disesatkan oleh petugas imigrasi di batam yang menjual kami visa sehari tanpa memberi tahu kami bahwa itu hanya berlaku untuk batam karena kami berbicara bahasa inggris sudah jelas kami adalah turis yang menyembunyikan informasi penting seperti itu tidak dapat diterima bahkan tidak tertulis di visa itu sendiri kami baru mengetahuinya di bandara jakarta ketika kami ditolak naik pesawat untuk penerbangan kami kembali ke jerman kami kehilangan semua penerbangan yang kami pesan harus memperpanjang masa berlaku visa kami perjalanan kembali ke batam membayar denda dan menghabiskan waktu hanya untuk sampai ke rumah

kembali ke terminal feri batam cobaan berat terus berlanjut petugas menunda kami tanpa alasan memberi kami instruksi palsu tentang cara membayar denda dan hanya bertindak setelah uang terlibat seluruh proses terasa seperti permainan kekuasaan membuat kami stres ketakutan dan benar-benar dikhianati

ini merusak liburan kami dan membuat kami trauma. Apa yang terjadi terasa bukan seperti kesalahan dan lebih seperti penipuan dan saya tidak akan pernah kembali",aku beri bintang nol bisa sesat tugas imigrasi batam jual visa hari beri tahu bahwa laku batam bicara bahasa inggris jelas adalah turis sembunyi informasi penting dapat terima bahkan tulis visa itu sendiri baru tahu bandara jakarta tolak naik pesawat terbang jerman hilang semua terbang pesan panjang masa laku visa jalan batam bayar denda habis waktu hanya untuk ke rumah kembali ke terminal feri batam coba berat terus lanjut tugas tunda tanpa alas beri instruksi palsu cara bayar denda hanya tindak uang libat seluruh proses asa main kuasa buat kami stres takut benar khianat ini rusak libur kami buat kami trauma apa jadi asa bukan salah lebih tipu dan saya akan pernah kembali,LABEL_2
Batam Centre Ferry Terminal,KOPI TIAM affordable local food which eat like Singapore style but better tastes 👍👍👍👍👍👍👍👍👍👍👍👍👍👍👍👍👍👍👍👍👍👍👍👍👍👍👍👍👍👍👍👍👍 …,5 stars,7 years ago,kopi tiam affordable local food which eat like singapore style but better tastes,kopi tiam makanan lokal terjangkau yang disantap seperti gaya Singapura tetapi rasanya lebih enak,kopi tiam makan lokal jangkau santap gaya singapura rasa lebih enak,LABEL_0
Batam Centre Ferry Terminal,"Immigration process was smooth. Taxi services are overpriced and their the drivers can be pushy and annoying, but no choice as grab and gojek pick up point is far away",3 stars,2 years ago,immigration process was smooth taxi services are overpriced and their the drivers can be pushy and annoying but no choice as grab and gojek pick up point is far away,proses imigrasi lancar layanan taksi mahal dan pengemudinya bisa memaksa dan menjengkelkan tetapi tidak ada pilihan karena titik penjemputan ambil dan gojek jauh,proses imigrasi lancar layan taksi mahal mud paksa jengkel tidak pilih titik jemput ambil gojek jauh,LABEL_2
Batam Centre Ferry Terminal,"Terrible immigration service. Was there with my whole family of 5, served by Ms. Anggara at the immigration counter and she rudely separates our family with children (15yo, 11yo, 9yo) from the counter. She interrogated my kids one by one as we can’t queue together as a family. Nonsense act at immigration as my kids are underage.",1 star,2 months ago,terrible immigration service was there with my whole family of  served by ms anggara at the immigration counter and she rudely separates our family with children yo yo yo from the counter she interrogated my kids one by one as we cant queue together as a family nonsense act at immigration as my kids are underage,layanan imigrasi yang buruk ada di sana bersama seluruh keluarga saya dilayani oleh Bu Anggara di konter imigrasi dan dia dengan kasar memisahkan keluarga kami dengan anak-anak yo yo yo dari konter dia menginterogasi anak-anak saya satu per satu karena kami tidak dapat mengantri bersama sebagai tindakan omong kosong keluarga di imigrasi karena anak-anak saya masih di bawah umur,layan imigrasi buruk sana sama seluruh keluarga layan bu anggara konter imigrasi kasar pisah keluarga dengan anak yo yo yo konter dia interogasi anak satu per satu kami dapat antri sama tindak omong kosong keluarga imigrasi anak masih di bawah umur,LABEL_2
Batam Centre Ferry Terminal,"Dear Batam centre ferry terminal
Pls be more professional when it’s Puasa time, we understand that everyone is hungry and tired during this time, but also people are rushing back home or to places to also buka Puasa or to be with their love ones.
U don’t see they whole airport or whole terminal close down / stop services when it’s buka puasa time in anywhere in this world.

Even if you want to close the counter, pls PRE- ALERT passengers that are traveling during that time, as not everyone knows about this rules and regulations that you guys keep changing every single day.

Overall, this place is really nice and clean, it’s just sometimes people there really don’t work professionally enough...I hope this can really help other passenger to take note about this period of time",1 star,8 years ago,"dear batam centre ferry terminal
pls be more professional when its puasa time we understand that everyone is hungry and tired during this time but also people are rushing back home or to places to also buka puasa or to be with their love ones
u dont see they whole airport or whole terminal close down  stop services when its buka puasa time in anywhere in this world

even if you want to close the counter pls pre alert passengers that are traveling during that time as not everyone knows about this rules and regulations that you guys keep changing every single day

overall this place is really nice and clean its just sometimes people there really dont work professionally enoughi hope this can really help other passenger to take note about this period of time","terminal feri pusat batam sayang
mohon bersikap lebih profesional saat waktu puasa. Kami memahami bahwa semua orang lapar dan lelah selama waktu ini, namun orang-orang juga bergegas pulang ke rumah atau ke tempat lain untuk juga berbuka puasa atau berkumpul dengan orang yang mereka cintai.
Anda tidak melihat seluruh bandara atau seluruh terminal menutup layanan pemberhentian ketika waktu buka puasa di mana pun di dunia ini

bahkan jika Anda ingin menutup konter, harap beri tahu terlebih dahulu penumpang yang bepergian pada waktu tersebut karena tidak semua orang tahu tentang peraturan dan regulasi yang terus berubah setiap hari.

secara keseluruhan tempat ini sangat bagus dan bersih, hanya saja terkadang orang-orang di sana tidak bekerja secara profesional. Saya harap ini dapat membantu penumpang lain untuk memperhatikan periode waktu ini.",terminal feri pusat batam sayang mohon sikap lebih profesional waktu puasa kami paham semua orang lapar lelah lama waktu ini orang gegas pulang rumah ke tempat untuk buka puasa kumpul orang mereka cinta anda lihat seluruh bandara seluruh terminal tutup layan henti waktu buka puasa mana dunia ini bahkan anda tutup konter harap beri tahu lebih tumpang pergi waktu sebut semua orang tahu atur regulasi terus ubah hari cara seluruh tempat sangat bagus bersih saja terkadang orang di sana tidak kerja profesional saya harap dapat bantu tumpang untuk perhati periode waktu ini,LABEL_2
Batam Centre Ferry Terminal,"CORRUPT IMMIGRATION OFFICERS AT THIS FERRY TERMINAL IMMIGRATION

On 21 February, my family and I made a plan to visit Batam, Indonesia. The Chinese New Year holiday had just passed, and we wanted a short, peaceful getaway—two days of rest and sightseeing before my mother returns to the Philippines. It was meant to be simple family time.

We are Philippine passport holders - husband, myself and my daughter have valid SG long term pass. Indonesians grant 30-day visa-free entry for Philippine passport holders. We had return tickets within the allowed period. We had hotel bookings. Everything was straightforward.

But the moment we reached immigration in Batam on 21 Feb 2026, 1030AM Indonesian time, things changed.

We were suddenly held back and questioned. The officers accused us of traveling to Batam “only to extend my mom’s visa in Singapore.” This accusation shocked us. Why would Indonesian immigration be concerned about Singapore’s ICA policies? We were entering Indonesia legally under Indonesia’s visa-free scheme. We were not overstaying anywhere. We were not violating any Indonesian law.

Despite explaining that this was a short 2-day leisure trip, we were escorted into an office for further “interrogation.”

The room was poorly lit and tense. There were other tourists inside as well, including an Indian passport holder who also appeared distressed. The atmosphere felt intimidating. Questions were repeated. The tone was accusatory, as if we had already done something wrong.

Then the officer’s tone changed.
He told us we had “two options”:
1. Change my mother’s flight and book her a ticket back to the Philippines on a date they wanted.
2. Pay SGD 150 as a “penalty” for “transiting” in Batam.

Penalty for what violation? There was no clear explanation. No written notice. No official receipt mentioned upfront. No formal charge. Just two “options.”

Why should Indonesian immigration dictate when my mother flies back to the Philippines? Why was there a “penalty” when we were within Indonesia’s visa-free entry rules?

At that moment, fear took over. We were in a foreign immigration office. We saw how the officer spoke to other tourists. We did not know what could happen next—would they deny entry? Cancel our passports? Blacklist us? Create further complications for our travel?

Feeling intimidated and powerless, and wanting to avoid further trouble, we agreed to pay the money.

What was supposed to be a relaxing family trip turned into a deeply stressful and unsettling experience. It leaves travelers questioning:
1. Are short leisure trips now suspicious?
2. Is visiting Batam after staying in Singapore automatically treated as wrongdoing?
3. Why are tourists pressured with vague “penalties” without clear written violations?

Experiences like this damage trust. Tourism thrives on safety, fairness, and transparency. When travelers feel intimidated or pressured without clear legal basis, it creates fear—not confidence.

We came for rest and sightseeing. We left with disappointment.

This will likely be our last visit to Batam.

To fellow travelers: always keep your documents complete, know your visa rules, and stay calm—but also be aware of your rights. No holiday should begin with fear.",1 star,5 months ago,"corrupt immigration officers at this ferry terminal immigration

on  february my family and i made a plan to visit batam indonesia the chinese new year holiday had just passed and we wanted a short peaceful getawaytwo days of rest and sightseeing before my mother returns to the philippines it was meant to be simple family time

we are philippine passport holders  husband myself and my daughter have valid sg long term pass indonesians grant day visafree entry for philippine passport holders we had return tickets within the allowed period we had hotel bookings everything was straightforward

but the moment we reached immigration in batam on  feb  am indonesian time things changed

we were suddenly held back and questioned the officers accused us of traveling to batam only to extend my moms visa in singapore this accusation shocked us why would indonesian immigration be concerned about singapores ica policies we were entering indonesia legally under indonesias visafree scheme we were not overstaying anywhere we were not violating any indonesian law

despite explaining that this was a short day leisure trip we were escorted into an office for further interrogation

the room was poorly lit and tense there were other tourists inside as well including an indian passport holder who also appeared distressed the atmosphere felt intimidating questions were repeated the tone was accusatory as if we had already done something wrong

then the officers tone changed
he told us we had two options
 change my mothers flight and book her a ticket back to the philippines on a date they wanted
 pay sgd  as a penalty for transiting in batam

penalty for what violation there was no clear explanation no written notice no official receipt mentioned upfront no formal charge just two options

why should indonesian immigration dictate when my mother flies back to the philippines why was there a penalty when we were within indonesias visafree entry rules

at that moment fear took over we were in a foreign immigration office we saw how the officer spoke to other tourists we did not know what could happen nextwould they deny entry cancel our passports blacklist us create further complications for our travel

feeling intimidated and powerless and wanting to avoid further trouble we agreed to pay the money

what was supposed to be a relaxing family trip turned into a deeply stressful and unsettling experience it leaves travelers questioning
 are short leisure trips now suspicious
 is visiting batam after staying in singapore automatically treated as wrongdoing
 why are tourists pressured with vague penalties without clear written violations

experiences like this damage trust tourism thrives on safety fairness and transparency when travelers feel intimidated or pressured without clear legal basis it creates fearnot confidence

we came for rest and sightseeing we left with disappointment

this will likely be our last visit to batam

to fellow travelers always keep your documents complete know your visa rules and stay calmbut also be aware of your rights no holiday should begin with fear","petugas imigrasi yang korup di imigrasi terminal feri ini

pada bulan februari saya dan keluarga saya membuat rencana untuk mengunjungi batam indonesia, liburan tahun baru imlek baru saja berlalu dan kami ingin liburan singkat yang damai, istirahat dan jalan-jalan dua hari sebelum ibu saya kembali ke filipina, itu dimaksudkan untuk menjadi waktu keluarga yang sederhana

kami adalah pemegang paspor Filipina, suami saya dan putri saya memiliki izin masuk jangka panjang sg yang valid, orang Indonesia memberikan hari masuk bebas visa untuk pemegang paspor Filipina, kami memiliki tiket pulang pergi dalam periode yang diizinkan, kami memiliki pemesanan hotel, semuanya mudah

tapi saat kami mencapai imigrasi di batam pada bulan februari waktu indonesia segalanya berubah

kami tiba-tiba ditahan dan diinterogasi petugas menuduh kami bepergian ke batam hanya untuk memperpanjang visa ibu saya di singapura tuduhan ini mengejutkan kami mengapa imigrasi indonesia khawatir dengan kebijakan ica singapura kami memasuki indonesia secara sah di bawah skema bebas visa indonesia kami tidak melebihi masa tinggal di mana pun kami tidak melanggar hukum indonesia

meskipun menjelaskan bahwa ini adalah perjalanan liburan singkat, kami diantar ke kantor untuk diinterogasi lebih lanjut

ruangannya kurang terang dan tegang ada turis lain di dalamnya termasuk pemegang paspor India yang juga tampak tertekan suasananya terasa mengintimidasi, pertanyaan diulangi nadanya menuduh seolah-olah kami telah melakukan kesalahan

kemudian nada suara petugas berubah
dia memberi tahu kami bahwa kami punya dua pilihan
 mengganti penerbangan ibuku dan memesankannya tiket kembali ke Filipina pada tanggal yang mereka inginkan
 bayar sgd sebagai denda transit di batam

hukuman atas pelanggaran apa tidak ada penjelasan jelas tidak ada pemberitahuan tertulis tidak ada kuitansi resmi yang disebutkan dimuka tidak ada tuntutan resmi hanya ada dua pilihan

mengapa imigrasi indonesia harus mendikte ketika ibu saya terbang kembali ke filipina mengapa ada penalti ketika kami berada dalam aturan masuk bebas visa indonesia

pada saat itu ketakutan mengambil alih kami berada di kantor imigrasi asing kami melihat bagaimana petugas berbicara dengan turis lain kami tidak tahu apa yang akan terjadi selanjutnya apakah mereka menolak masuk membatalkan paspor kami memasukkan daftar hitam kami membuat komplikasi lebih lanjut untuk perjalanan kami

merasa terintimidasi dan tidak berdaya serta ingin menghindari masalah lebih lanjut, kami setuju untuk membayar uang tersebut

Apa yang seharusnya menjadi perjalanan keluarga yang menenangkan berubah menjadi pengalaman yang sangat menegangkan dan meresahkan sehingga membuat para wisatawan bertanya-tanya
 adalah perjalanan rekreasi singkat yang sekarang mencurigakan
 mengunjungi batam setelah tinggal di singapura otomatis dianggap melakukan kesalahan
 mengapa wisatawan ditekan dengan hukuman yang tidak jelas tanpa adanya pelanggaran tertulis yang jelas

pengalaman seperti ini merusak kepercayaan pariwisata tumbuh subur dalam hal keselamatan, keadilan dan transparansi, ketika wisatawan merasa terintimidasi atau tertekan tanpa dasar hukum yang jelas, hal ini menciptakan rasa takut dan tidak percaya diri

kami datang untuk beristirahat dan jalan-jalan, kami pergi dengan kekecewaan

ini kemungkinan akan menjadi kunjungan terakhir kami ke batam

kepada sesama pelancong, selalu jaga kelengkapan dokumen Anda, ketahui aturan visa Anda dan tetap tenang, tetapi juga waspadai hak-hak Anda, tidak ada liburan yang harus dimulai dengan rasa takut",tugas imigrasi korup imigrasi terminal feri ini pada bulan februari keluarga buat rencana unjung batam indonesia libur tahun baru imlek baru lalu libur singkat damai istirahat jalan hari ibu filipina maksud jadi waktu keluarga sederhana kami pegang paspor filipina suami putri milik izin masuk jangka panjang sg valid orang indonesia beri hari masuk bebas visa pegang paspor filipina milik tiket pulang pergi periode izin milik mesan hotel semua mudah tapi capai imigrasi batam bulan februari waktu indonesia segala ubah kami tiba tahan interogasi tugas tuduh pergi batam panjang visa ibu singapura tuduh kejut imigrasi indonesia khawatir bijak ica singapura pasuk indonesia sah bawah skema bebas visa indonesia lebih masa tinggal mana langgar hukum indonesia meski jelas ini jalan libur singkat antar kantor interogasi lebih lanjut ruang kurang terang tegang turis dalam masuk pegang paspor india juga tampak tekan suasana asa intimidasi tanya ulang nada tuduh olah telah laku salah kemudian nada suara tugas ubah dia beri tahu bahwa punya pilih ganti terbang ibu mesan tiket ke filipina tanggal mereka ingin bayar sgd denda transit batam hukum atas langgar apa ada jelas jelas ada pemberitahuan tulis ada kuitansi resmi sebut muka ada tuntut resmi ada pilih mengapa imigrasi indonesia dikte ibu terbang kembali ke filipina ada penalti ada atur masuk bebas visa indonesia pada itu takut ambil alih ada di kantor imigrasi asing lihat bagaimana tugas bicara turis tahu apa jadi lanjut mereka tolak masuk batal paspor kami masuk daftar hitam kami buat komplikasi lebih lanjut jalan kami rasa intimidasi tidak daya ingin hindar masalah lebih lanjut kami tuju bayar uang sebut apa harus jadi jalan keluarga tenang ubah jadi alam sangat tegang resah buat wisatawan tanya jalan rekreasi singkat sekarang curiga unjung batam tinggal di singapura otomatis anggap laku salah mengapa wisatawan tekan hukum tidak jelas ada langgar tulis jelas alam ini rusak percaya pariwisata tumbuh subur selamat adil transparansi wisatawan rasa intimidasi tekan dasar hukum jelas hal ini cipta rasa takut tidak percaya diri kami datang untuk istirahat dan jalan kami pergi kecewa ini mungkin akan jadi kunjung akhir kami ke batam kepada sama lancong selalu jaga lengkap dokumen anda tahu atur visa anda dan tetap tenang juga waspada hak anda tidak ada libur harus mulai rasa takut,LABEL_2
Batam Centre Ferry Terminal,Very very less respect for foreign passport (VOA) office very much look down . Purposely make delay.  Please respect and treat equal everyone. VOA people visit ur country give good impression.  My first immigration very worst in batam ferry terminal.  Hopefully Bali not like this,5 stars,4 years ago,very very less respect for foreign passport voa office very much look down  purposely make delay  please respect and treat equal everyone voa people visit ur country give good impression  my first immigration very worst in batam ferry terminal  hopefully bali not like this,sangat kurang menghormati kantor voa paspor asing sangat melihat ke bawah dengan sengaja membuat penundaan harap hormati dan perlakukan sama semua orang yang mengunjungi negara Anda memberikan kesan yang baik imigrasi pertama saya sangat buruk di terminal feri batam semoga bali tidak seperti ini,sangat kurang hormat kantor voa paspor asing sangat lihat bawah sengaja buat tunda harap hormat laku sama semua orang unjung negara anda beri kesan baik imigrasi pertama sangat buruk terminal feri batam moga bal seperti,LABEL_2
Batam Centre Ferry Terminal,"Tex is 65,000 IND here per person, have to pay in ticket counter to get boarding pass.. have so many money exchanger here but there rate isn't good enough..  I recieved  65000 IND for 21RM. Arrival in the first floor and departure in second flood..  before you go to entrance go to ticket counter to collect boarding pass.

I did all those process in just 15 minutes. I arrived at terminal at 10:15 am and got the ferry of 10:30 am",5 stars,7 years ago,"tex is  ind here per person have to pay in ticket counter to get boarding pass have so many money exchanger here but there rate isnt good enough  i recieved   ind for rm arrival in the first floor and departure in second flood  before you go to entrance go to ticket counter to collect boarding pass

i did all those process in just  minutes i arrived at terminal at  am and got the ferry of  am","tex ada di sini per orang harus membayar di konter tiket untuk mendapatkan boarding pass memiliki begitu banyak penukaran uang di sini tetapi tarifnya tidak cukup baik saya menerima ind untuk rm kedatangan di lantai pertama dan keberangkatan di banjir kedua sebelum Anda pergi ke pintu masuk pergi ke konter tiket untuk mengambil boarding pass

Saya melakukan semua proses itu hanya dalam beberapa menit. Saya tiba di terminal pada pagi hari dan mendapatkan feri pada pagi hari",tex sini per orang bayar konter tiket dapat boarding pass milik banyak tukar uang sini tarif cukup baik terima ind rm datang lantai pertama berangkat banjir dua anda pergi pintu masuk pergi konter tiket ambil boarding pass saya laku semua proses hanya beberapa menit saya tiba di terminal pagi hari dapat feri pagi hari,LABEL_1
Batam Centre Ferry Terminal,"Very messy. We ve been queueing for 2 hours from entry to enter the boat. It will takr 30 min to 1 hour only in neighbouring countries.  The time from entry to queue itself was 1 hour. Then after immigration is another 1 hour, and all standing in hot room ; the airconditioning not effective.  Batam is good tourism city. And it has a great potential. I think Indinesian government need to start to think to  renovate all the 3 lobby areas: to enter immigration, queue for  immigration, and boarding. Everybody queue like in a jungle now.",1 star,8 years ago,very messy we ve been queueing for  hours from entry to enter the boat it will takr  min to  hour only in neighbouring countries  the time from entry to queue itself was  hour then after immigration is another  hour and all standing in hot room  the airconditioning not effective  batam is good tourism city and it has a great potential i think indinesian government need to start to think to  renovate all the  lobby areas to enter immigration queue for  immigration and boarding everybody queue like in a jungle now,sangat berantakan kami sudah mengantri berjam-jam dari masuk untuk masuk ke kapal itu akan memakan waktu min ke jam hanya di negara tetangga waktu dari masuk ke antrian itu sendiri adalah satu jam kemudian setelah imigrasi adalah satu jam lagi dan semua berdiri di ruangan yang panas AC tidak efektif batam adalah kota pariwisata yang bagus dan memiliki potensi yang besar menurut saya pemerintah India perlu mulai berpikir untuk merenovasi semua area lobi untuk masuk antrian imigrasi untuk imigrasi dan semua orang mengantri seperti di hutan sekarang,sangat beranta sudah antri jam masuk masuk kapal akan makan waktu min jam negara tetangga waktu masuk antri sendiri satu jam kemudian imigrasi satu jam semua diri di ruang panas ac efektif batam kota pariwisata bagus milik potensi besar saya perintah india perlu mulai pikir renovasi semua area lobi masuk antri imigrasi imigrasi dan semua orang antri di hutan sekarang,LABEL_2
Batam Centre Ferry Terminal,Connected to mega mall at Batam Center.,5 stars,6 years ago,connected to mega mall at batam center,terhubung ke mega mall di batam center,hubung mega mall batam center,LABEL_1
Batam Centre Ferry Terminal,"Nothing screams “welcoming service” by the Immigration officers like confusion, impatience, and vague instructions. I’m sure they’ve already mastered the art of making people feel completely LOST. Training would only ruin their flawless system!",1 star,a year ago,nothing screams welcoming service by the immigration officers like confusion impatience and vague instructions im sure theyve already mastered the art of making people feel completely lost training would only ruin their flawless system,"tidak ada yang lebih menyenangkan daripada pelayanan yang ramah dari petugas imigrasi seperti kebingungan, ketidaksabaran, dan instruksi yang tidak jelas. Saya yakin mereka sudah menguasai seni membuat orang merasa kehilangan pelatihan hanya akan merusak sistem sempurna mereka.",ada lebih senang layan ramah tugas imigrasi bingung ketidaksabaran instruksi tidak jelas saya yakin sudah kuasa seni buat orang rasa hilang latih akan rusak sistem sempurna mereka,LABEL_2
Batam Centre Ferry Terminal,"Very dated International Ferry Terminal, with Arrivals on Level 1 and Departure entry on Level 2. Hassle free and smooth  Arrival and Departure Customs and Immigration processes. Level 1 comprises various ferry operators' counters (for purchasing ferry tickets or check-in);  money changing, Indonesian mobile SIM cards and retail concessionaires. Level 2 comprises mostly  F & B, souvenir and convenience store concessionaires. The Ferry Departures check-in gates leading to the Customs and Immigration are also on Level 2. Not advisable to take a taxi from this terminal unless you are familiar with the local rates of your destination. GRAB taxis are not allowed to pick up passengers from this Terminal due to the control of the taxi cartels here. Alternatively you can proceed to Level 2 and head to the Mega Mall connected by a pedestrian bridge, and book your Grab taxi at the Mall (Lobby A next to the Starbucks).",1 star,a year ago,very dated international ferry terminal with arrivals on level  and departure entry on level  hassle free and smooth  arrival and departure customs and immigration processes level  comprises various ferry operators counters for purchasing ferry tickets or checkin  money changing indonesian mobile sim cards and retail concessionaires level  comprises mostly  f  b souvenir and convenience store concessionaires the ferry departures checkin gates leading to the customs and immigration are also on level  not advisable to take a taxi from this terminal unless you are familiar with the local rates of your destination grab taxis are not allowed to pick up passengers from this terminal due to the control of the taxi cartels here alternatively you can proceed to level  and head to the mega mall connected by a pedestrian bridge and book your grab taxi at the mall lobby a next to the starbucks,terminal feri internasional yang sangat kuno dengan kedatangan di tingkat dan entri keberangkatan di tingkat bebas repot dan lancar tingkat proses bea cukai dan imigrasi kedatangan dan keberangkatan terdiri dari berbagai loket operator feri untuk pembelian tiket feri atau penukaran uang check-in kartu sim seluler indonesia dan tingkat pemegang konsesi ritel sebagian besar terdiri dari pemegang konsesi f b suvenir dan toko serba ada gerbang check-in keberangkatan feri yang mengarah ke bea cukai dan imigrasi juga pada tingkat tidak disarankan untuk naik taksi dari terminal ini kecuali Anda mengetahui tarif lokal di tujuan Anda ambil taksi tidak diperbolehkan mengambil penumpang dari terminal ini karena kendali kartel taksi di sini alternatifnya Anda dapat melanjutkan ke level dan menuju ke mega mall yang dihubungkan oleh jembatan penyeberangan dan memesan taksi Anda di lobi mal di sebelah starbucks,terminal feri internasional sangat kuno datang tingkat entri berangkat tingkat bebas repot lancar tingkat proses bea cukai imigrasi datang berangkat diri bagai loket operator feri beli tiket feri tukar uang check-in kartu sim seluler indonesia tingkat pegang konsesi ritel bagi besar diri pegang konsesi f b suvenir toko serba gerbang check-in berangkat feri arah bea cukai imigrasi pada tingkat saran naik taksi terminal kecuali anda tahu tarif lokal tuju anda ambil taksi boleh ambil tumpang terminal karena kendali kartel taksi sini alternatif anda lanjut level tuju mega mall hubung jembatan seberang mes taksi anda lobi mal belah starbucks,LABEL_1
Batam Centre Ferry Terminal,"Batam Centre Immigration is corrupt to the core! They will detain you for no reason and verbally harass & abuse you with wild accusations so they can fleece you for a hefty bribe. I was forced to pay SGD 150 and my friend was made to pay SGD 200. Despite our documents all being in order, they refused to let us into Indonesia or send us back to Singapore until we paid what they wanted. I had nightmares for days due to this horrible experience. Never coming back to Indonesia again.

Feel free to Google ""Batam Centre Immigration Experience"" if you need more horror stories of unwarranted detainment, harassment and bribery. Mine was not an isolated incident.",1 star,6 years ago,"batam centre immigration is corrupt to the core they will detain you for no reason and verbally harass  abuse you with wild accusations so they can fleece you for a hefty bribe i was forced to pay sgd  and my friend was made to pay sgd  despite our documents all being in order they refused to let us into indonesia or send us back to singapore until we paid what they wanted i had nightmares for days due to this horrible experience never coming back to indonesia again

feel free to google batam centre immigration experience if you need more horror stories of unwarranted detainment harassment and bribery mine was not an isolated incident","imigrasi pusat batam sangat korup mereka akan menahan anda tanpa alasan dan melecehkan anda secara verbal dengan tuduhan liar sehingga mereka dapat menipu anda dengan suap yang besar. Saya dipaksa untuk membayar SGD dan teman saya dipaksa membayar SGD meskipun dokumen kami sudah lengkap sehingga mereka menolak mengizinkan kami masuk ke Indonesia atau mengirim kami kembali ke Singapura sampai kami membayar apa yang mereka inginkan. Saya mengalami mimpi buruk selama berhari-hari karena pengalaman mengerikan ini dan tidak pernah kembali ke Indonesia lagi

silakan kunjungi google pengalaman imigrasi pusat batam jika Anda membutuhkan lebih banyak cerita horor tentang pelecehan dan suap dalam penahanan yang tidak beralasan. Kisah saya bukanlah kejadian yang terisolasi",imigrasi pusat batam sangat korup akan tahan tanpa alas leceh cara verbal tuduh liar mereka tipu dengan suap besar saya paksa bayar sgd teman paksa bayar sgd meski dokumen sudah lengkap mereka tolak izin masuk indonesia kirim singapura kami bayar apa mereka ingin saya alami mimpi buruk lama hari alam keri pernah kembali ke indonesia lagi sila kunjung google alam imigrasi pusat batam anda butuh lebih banyak cerita horor leceh dan suap tahan tidak alas kisah bukan jadi isolasi,LABEL_2
Batam Centre Ferry Terminal,The 2 shops inside are poor. Needs to be better. Buy anything you may need before going through the ticket machine,3 stars,2 months ago,the  shops inside are poor needs to be better buy anything you may need before going through the ticket machine,"toko-toko di dalamnya buruk, sebaiknya beli apa pun yang mungkin Anda perlukan sebelum melalui mesin tiket",toko dalam buruk baik beli apa yang mungkin anda perlu lalu mesin tiket,LABEL_2
Batam Centre Ferry Terminal,One of the main ferry terminal in Batam. Full of visitor during weekend and holiday seasons. Plenty of restaurant and mini shop inside terminal building. Walking distance to Megamall Batam.,5 stars,5 months ago,one of the main ferry terminal in batam full of visitor during weekend and holiday seasons plenty of restaurant and mini shop inside terminal building walking distance to megamall batam,"salah satu terminal feri utama di batam yang penuh pengunjung selama akhir pekan dan musim liburan banyak restoran dan toko mini di dalam gedung terminal, jarak berjalan kaki ke megamall batam",salah satu terminal feri utama batam penuh unjung lama akhir pekan musim libur banyak restoran toko mini dalam gedung terminal jarak jalan kaki megamall batam,LABEL_1
Batam Centre Ferry Terminal,Much cleaner since they renovated,5 stars,10 years ago,much cleaner since they renovated,jauh lebih bersih sejak direnovasi,jauh lebih bersih sejak renovasi,LABEL_0
Batam Centre Ferry Terminal,"The Port of Batam Centre is connected to a new Mega mall at the Batam Centre Point via an elevated bridge. It is a strategic place and a tourist attraction as a way to while the time while waiting for the ferry to depart.
The mall is quite impressive and it looks new. The variety of merchandise here is fantastic and most are premium imitation goods. There are some souvenir shops selling fridge magnets, knick knacks and Indonesian own creative goods.
We had only one hour to spare here, so there was really very little that we see.",5 stars,6 years ago,"the port of batam centre is connected to a new mega mall at the batam centre point via an elevated bridge it is a strategic place and a tourist attraction as a way to while the time while waiting for the ferry to depart
the mall is quite impressive and it looks new the variety of merchandise here is fantastic and most are premium imitation goods there are some souvenir shops selling fridge magnets knick knacks and indonesian own creative goods
we had only one hour to spare here so there was really very little that we see","pelabuhan batam center terhubung dengan mega mall baru di batam center point melalui jembatan layang, tempat yang strategis dan menjadi objek wisata sebagai sarana mengisi waktu sambil menunggu kapal feri berangkat
malnya cukup mengesankan dan terlihat baru, variasi barang dagangan di sini luar biasa dan sebagian besar adalah barang imitasi premium, ada beberapa toko suvenir yang menjual pernak pernik magnet kulkas, dan barang-barang kreatif buatan Indonesia sendiri.
kami hanya punya waktu satu jam di sini, jadi sangat sedikit yang bisa kami lihat",labuh batam center hubung mega mall baru batam center point lalu jembatan layang tempat strategis jadi objek wisata sarana isi waktu tunggu kapal feri berangkat mal cukup kesan lihat baru variasi barang dagang sini luar biasa bagi besar barang imitasi premium beberapa toko suvenir jual pernak pernik magnet kulkas barang kreatif buat indonesia sendiri kami punya waktu satu jam sini jadi sangat sedikit bisa lihat,LABEL_0
Batam Centre Ferry Terminal,"The Journey from Singapore to Batam Center is a really nice on with great views of both, Singapore and Batam north. There are practically every hour Ferries from various companies going in both directions. All of them are comparable in travel time and comfort.",4 stars,7 years ago,the journey from singapore to batam center is a really nice on with great views of both singapore and batam north there are practically every hour ferries from various companies going in both directions all of them are comparable in travel time and comfort,perjalanan dari singapura ke pusat batam sungguh menyenangkan dengan pemandangan indah singapura dan batam utara hampir setiap jam ada feri dari berbagai perusahaan yang berangkat ke dua arah semuanya sebanding dalam waktu dan kenyamanan perjalanan,jalan singapura pusat batam sungguh senang pandang indah singapura batam utara hampir jam feri bagai usaha berangkat dua arah semua banding waktu nyaman jalan,LABEL_0
Batam Centre Ferry Terminal,"I have a harrowing experince. Just imagine when i dropped in to woodsland ,singapore i was duped by a taxi driver. I told the driver that i wanna catch a boat to batam. And the driver sent me to harbour point where the boat service is no longer active. Mean to say that the taxi drivers doesnt knows that the ferry service to batam had been moved to Tanah Merah? The next driver that i hailed is even ridiculous. Ferry terminal last ride is at 5pm. When i reach harbour point it was already 6pm. When i check with him that i was taken for a ride he told the white taxi cannot be trusted. Only the blue taxi is more honest. Now question is he also doesnt know that the last boat is at 5pm ah? Still sending me to the terminal. We reach there around 8pm! What a joke it is. So ,we have no choice but to take his cab back to Bedok which is the nearest as what he say.",2 stars,4 years ago,i have a harrowing experince just imagine when i dropped in to woodsland singapore i was duped by a taxi driver i told the driver that i wanna catch a boat to batam and the driver sent me to harbour point where the boat service is no longer active mean to say that the taxi drivers doesnt knows that the ferry service to batam had been moved to tanah merah the next driver that i hailed is even ridiculous ferry terminal last ride is at pm when i reach harbour point it was already pm when i check with him that i was taken for a ride he told the white taxi cannot be trusted only the blue taxi is more honest now question is he also doesnt know that the last boat is at pm ah still sending me to the terminal we reach there around pm what a joke it is so we have no choice but to take his cab back to bedok which is the nearest as what he say,"Aku punya pengalaman yang mengerikan bayangkan saja ketika aku mampir ke hutan singapura Aku ditipu oleh seorang sopir taksi Aku mengatakan kepada sopir bahwa aku ingin naik perahu ke batam dan sopir mengirimku ke titik pelabuhan di mana layanan kapal tidak lagi aktif Maksudnya supir taksi tidak tahu bahwa layanan feri ke batam telah dipindahkan ke tanah merah pengemudi berikutnya yang aku sapa adalah terminal feri yang konyol, perjalanan terakhir adalah jam sore ketika aku mencapai titik pelabuhan, sudah malam ketika aku memeriksa dengannya bahwa aku dibawa ke sana tumpangan dia bilang taksi putih tidak bisa dipercaya hanya taksi biru lebih jujur sekarang pertanyaannya adalah dia juga tidak tahu bahwa kapal terakhir ada di sore hari ah masih mengirim saya ke terminal kami sampai di sana sekitar sore sungguh bercanda jadi kami tidak punya pilihan selain naik taksinya kembali ke bedok yang terdekat seperti yang dia katakan",aku punya alam keri bayang aku mampir hutan singapura aku tipu orang sopir taksi aku kata sopir aku naik perahu batam sopir kirim titik labuh mana layan kapal lagi aktif maksud supir taksi tahu layan feri batam pindah tanah merah kemudi ikut aku sapa terminal feri konyol jalan akhir jam sore aku capai titik labuh malam ketika aku periksa dengan aku bawa sana tumpang bilang taksi putih bisa percaya taksi biru lebih jujur sekarang tanya tidak tahu kapal akhir sore hari ah kirim ke terminal sampai di sana sore sungguh canda jadi tidak punya pilih naik taksi ke bedok dekat yang dia kata,LABEL_2
Batam Centre Ferry Terminal,"Connected to the mall, one of the gateway to Singapore by sea.",5 stars,8 years ago,connected to the mall one of the gateway to singapore by sea,terhubung ke mall salah satu pintu gerbang ke singapura melalui laut,hubung mall salah satu pintu gerbang singapura lalu laut,LABEL_1
Batam Centre Ferry Terminal,"The terminal is not very big. On the first floor, there are a few fashion shop. Whereas on the second floor, there are a few restaurants and minimarts. You can walk over to Mega Mall using the link bridge. But their toilets are quite dirty maybe coz too people using them. The aircon is also not strong before you go through the immigration. While waiting for the ferry, they have 2 shops if you need to buy last minute souvenirs. The aircon is cooling",3 stars,2 years ago,the terminal is not very big on the first floor there are a few fashion shop whereas on the second floor there are a few restaurants and minimarts you can walk over to mega mall using the link bridge but their toilets are quite dirty maybe coz too people using them the aircon is also not strong before you go through the immigration while waiting for the ferry they have  shops if you need to buy last minute souvenirs the aircon is cooling,"terminalnya tidak terlalu besar di lantai pertama ada beberapa toko fashion sedangkan di lantai dua ada beberapa restoran dan minimarket. Anda bisa berjalan ke mega mall menggunakan jembatan penghubung tetapi toiletnya cukup kotor mungkin karena orang-orang juga menggunakannya AC juga tidak kuat sebelum Anda melewati imigrasi sambil menunggu feri mereka memiliki toko jika Anda perlu membeli oleh-oleh di menit-menit terakhir, AC-nya dingin",terminal terlalu besar lantai pertama beberapa toko fashion lantai ada beberapa restoran minimarket anda jalan mega mall guna jembatan hubung toilet cukup kotor mungkin orang guna ac tidak kuat anda lewat imigrasi tunggu feri milik toko anda perlu beli oleh di menit akhir ac-nya dingin,LABEL_2
Batam Centre Ferry Terminal,"Older building with basic neccesities to take the ferry back to Singapore. The queuing area for immigrations and luggage check is small and waiting area is clean but not very big so can get crowded easily with busy weekends I presume. Quite some trash and smell outside when going to board the ferry with low tide.
The ferry is quickly able to ramp up its speed once leaving the jetty, unlike when reaching Sentosa area at Harbourfront jetty in Singapore when speed is reduced for last couple kilometers.",4 stars,2 years ago,"older building with basic neccesities to take the ferry back to singapore the queuing area for immigrations and luggage check is small and waiting area is clean but not very big so can get crowded easily with busy weekends i presume quite some trash and smell outside when going to board the ferry with low tide
the ferry is quickly able to ramp up its speed once leaving the jetty unlike when reaching sentosa area at harbourfront jetty in singapore when speed is reduced for last couple kilometers","bangunan tua dengan kebutuhan dasar untuk naik feri kembali ke singapura area antrian untuk imigrasi dan pemeriksaan bagasi kecil dan ruang tunggu bersih tetapi tidak terlalu besar sehingga mudah penuh sesak dengan akhir pekan yang sibuk saya kira cukup banyak sampah dan bau di luar ketika akan naik feri saat air surut
feri dengan cepat dapat meningkatkan kecepatannya setelah meninggalkan dermaga, tidak seperti ketika mencapai daerah sentosa di dermaga tepi pelabuhan di singapura ketika kecepatan dikurangi selama beberapa kilometer terakhir",bangun tua butuh dasar naik feri ke singapura area antri imigrasi periksa bagasi kecil ruang tunggu bersih terlalu besar mudah penuh sesak akhir pekan sibuk kira cukup banyak sampah bau luar akan naik feri air surut feri cepat tingkat cepat tinggal dermaga tidak seperti capai daerah sentosa dermaga tepi labuh singapura cepat rang lama beberapa kilometer akhir,LABEL_2
Batam Centre Ferry Terminal,"It was hell.

So long waiting line for departure from Batam to Singapore. It took 2 hours to reach the gate.
The line was not organized, it was not clear where was the end of the line. It was chaos.
The inside of the terminal building was very very hot. AC did not work well. Not enough fans. It was like hell.

I recommend you not to visit Indonesia through this international terminal.",1 star,2 years ago,"it was hell

so long waiting line for departure from batam to singapore it took  hours to reach the gate
the line was not organized it was not clear where was the end of the line it was chaos
the inside of the terminal building was very very hot ac did not work well not enough fans it was like hell

i recommend you not to visit indonesia through this international terminal","itu adalah neraka

lama sekali antrean keberangkatan dari batam ke singapore sampai berjam-jam sampai di gerbang
garisnya tidak terorganisir, tidak jelas di mana ujung garisnya, itu kacau
bagian dalam gedung terminal sangat panas ac tidak berfungsi dengan baik tidak cukup kipas angin rasanya seperti neraka

saya sarankan Anda untuk tidak mengunjungi indonesia melalui terminal internasional ini",adalah neraka lama sekali antre berangkat batam singapore jam gerbang garis organisir jelas di mana ujung garis kacau bagi gedung terminal sangat panas ac fungsi baik cukup kipas angin rasa neraka saya saran anda tidak unjung indonesia lalu terminal internasional,LABEL_2
Batam Centre Ferry Terminal,Good place and well organized terminal,5 stars,a year ago,good place and well organized terminal,tempat yang bagus dan terminal yang terorganisir dengan baik,tempat bagus terminal organisir baik,LABEL_0
Batam Centre Ferry Terminal,"One of the worst travel experiences I’ve had. The ferry was delayed by over an hour with little to no clear communication from staff. The entire terminal was chaotic—no proper signage, no order, and the staff seemed completely unprepared and confused. The place was overcrowded, with far too many people packed into a small space. On top of that, there was absolutely no social awareness among passengers—pushing, shouting, and general disorder everywhere.

Overall, it was a very unpleasant and frustrating experience. I wouldn’t recommend this terminal to anyone. If you have alternatives, take them.",1 star,a year ago,"one of the worst travel experiences ive had the ferry was delayed by over an hour with little to no clear communication from staff the entire terminal was chaoticno proper signage no order and the staff seemed completely unprepared and confused the place was overcrowded with far too many people packed into a small space on top of that there was absolutely no social awareness among passengerspushing shouting and general disorder everywhere

overall it was a very unpleasant and frustrating experience i wouldnt recommend this terminal to anyone if you have alternatives take them","salah satu pengalaman perjalanan terburuk yang pernah saya alami adalah kapal feri tertunda lebih dari satu jam dengan sedikit atau bahkan tidak ada komunikasi yang jelas dari staf seluruh terminal kacau, tidak ada papan petunjuk yang tepat, tidak ada pesanan dan staf tampak sama sekali tidak siap dan bingung tempat itu penuh sesak dengan terlalu banyak orang memadati ruang kecil, selain itu sama sekali tidak ada kesadaran sosial di antara penumpang, mendorong teriakan dan kekacauan umum di mana-mana

secara keseluruhan itu adalah pengalaman yang sangat tidak menyenangkan dan membuat frustrasi. Saya tidak akan merekomendasikan terminal ini kepada siapa pun jika Anda memiliki alternatif lain",salah satu alam jalan buruk pernah alami kapal feri tunda lebih satu jam sedikit bahkan ada komunikasi jelas staf seluruh terminal kacau ada papan tunjuk tepat ada pesan staf tampak sama sekali siap bingung tempat penuh sesak terlalu banyak orang padat ruang kecil sama sekali ada sadar sosial antara tumpang dorong ria kacau umum mana cara seluruh itu adalah alam sangat senang buat frustrasi saya akan rekomendasi terminal kepada siapa jika anda milik alternatif,LABEL_2
Batam Centre Ferry Terminal,"Quite big port
Clean",4 stars,2 years ago,"quite big port
clean","pelabuhan yang cukup besar
bersih",labuh cukup besar bersih,LABEL_0
Batam Centre Ferry Terminal,Busiest passenger ferry terminal in Batam. Has a link bridge to a large mall. The terminal has sufficient food and a couple convenient stores,4 stars,8 years ago,busiest passenger ferry terminal in batam has a link bridge to a large mall the terminal has sufficient food and a couple convenient stores,"terminal feri penumpang tersibuk di batam memiliki jembatan penghubung ke mal besar, terminal memiliki cukup makanan dan beberapa toko serba ada",terminal feri tumpang sibuk batam milik jembatan hubung mal besar terminal milik cukup makan beberapa toko serba,LABEL_1
Batam Centre Ferry Terminal,"""Much better place ever since they renovated",3 stars,9 years ago,much better place ever since they renovated,tempat yang jauh lebih baik sejak mereka direnovasi,tempat jauh lebih baik sejak renovasi,LABEL_2
Batam Centre Ferry Terminal,"Grab cars can not enter the ferry terminal, so passengers have to walk out to wait for the car under the link bridge. Ticket collection at level 1, collect at least 90mins in advance. Luggage check in at level 1, opens 60mins before departure. There is duty free shop and a mini coffee bar inside the departure hall.",4 stars,9 months ago,grab cars can not enter the ferry terminal so passengers have to walk out to wait for the car under the link bridge ticket collection at level  collect at least mins in advance luggage check in at level  opens mins before departure there is duty free shop and a mini coffee bar inside the departure hall,mobil ambil tidak bisa masuk terminal feri sehingga penumpang harus berjalan keluar menunggu mobil di bawah jembatan penghubung pengambilan tiket di tingkat pengambilan setidaknya beberapa menit sebelumnya check-in bagasi di tingkat dibuka menit sebelum keberangkatan ada toko bebas bea dan bar kopi mini di dalam aula keberangkatan,mobil ambil bisa masuk terminal feri tumpang jalan keluar tunggu mobil bawah jembatan hubung ambil tiket tingkat ambil beberapa menit belum check-in bagasi tingkat buka menit berangkat toko bebas bea bar kopi mini dalam aula berangkat,LABEL_1
Batam Centre Ferry Terminal,"Well maintained and easy to navigate. Good services also with a good parking area, for those who drive",5 stars,7 years ago,well maintained and easy to navigate good services also with a good parking area for those who drive,terawat dengan baik dan mudah dinavigasi pelayanan yang baik juga dengan area parkir yang baik bagi yang berkendara,awat baik mudah navigasi layan baik dengan area parkir baik yang kendara,LABEL_0
Batam Centre Ferry Terminal,"Busy terminal for ferry to Singapore and Malaysia. Immigration does a good job in fast and orderly clearance through both entry and exit from Batam through this point. WiFi and toilets available within building before and after immigration. Smoking room and nursing room available after immigration near female toilet with a muslim prayer room beside male toilet. Few restaurants around to provide food, and few shops around to do last minute clothes, food shopping or souvenirs. There is a sheltered point and counter for those taking taxis at the big car park. There is also a sheltered bridge to nearby big megamall with more shops, food and a hypermart. Taxi readily available at entrance of building through a taxi counter.",4 stars,Edited 7 years ago,busy terminal for ferry to singapore and malaysia immigration does a good job in fast and orderly clearance through both entry and exit from batam through this point wifi and toilets available within building before and after immigration smoking room and nursing room available after immigration near female toilet with a muslim prayer room beside male toilet few restaurants around to provide food and few shops around to do last minute clothes food shopping or souvenirs there is a sheltered point and counter for those taking taxis at the big car park there is also a sheltered bridge to nearby big megamall with more shops food and a hypermart taxi readily available at entrance of building through a taxi counter,"terminal sibuk untuk feri ke singapura dan imigrasi malaysia melakukan pekerjaan dengan baik dalam pembersihan yang cepat dan tertib melalui masuk dan keluar dari batam melalui titik ini wifi dan toilet tersedia di dalam gedung sebelum dan sesudah imigrasi ruang merokok dan ruang menyusui tersedia setelah imigrasi dekat toilet wanita dengan musala muslim di samping toilet pria beberapa restoran di sekitar untuk menyediakan makanan dan beberapa toko di sekitar untuk berbelanja pakaian, makanan, atau suvenir di menit-menit terakhir ada titik terlindung dan konter bagi mereka yang naik taksi di tempat parkir mobil besar ada juga jembatan terlindung ke megamall besar terdekat dengan lebih banyak toko makanan dan taksi hypermart tersedia di pintu masuk gedung melalui konter taksi",terminal sibuk feri singapura imigrasi malaysia laku kerja baik bersih cepat tertib lalu masuk keluar batam lalu titik wifi toilet sedia dalam gedung imigrasi ruang rokok ruang susu sedia imigrasi dekat toilet wanita musala muslim samping toilet pria beberapa restoran sekitar sedia makan beberapa toko sekitar belanja pakai makan suvenir menit akhir titik lindung konter mereka naik taksi tempat parkir mobil besar juga jembatan lindung megamall besar dekat lebih banyak toko makan dan taksi hypermart sedia pintu masuk gedung lalu konter taksi,LABEL_1
Batam Centre Ferry Terminal,Very BAD service. The staff and the boss at baggage handling is RUDE. VERY RUDE. They YELL at us and NOT GIVE US MUCH INFORMATION about baggage handling. SUKA PUTAR BELIT CERITA. Definitely not going back to BATAM. My first and last go there.,1 star,11 months ago,very bad service the staff and the boss at baggage handling is rude very rude they yell at us and not give us much information about baggage handling suka putar belit cerita definitely not going back to batam my first and last go there,layanan yang sangat buruk staf dan bos di penanganan bagasi kasar sangat kasar mereka meneriaki kami dan tidak memberi kami banyak informasi tentang penanganan bagasi suka putar belit cerita pasti tidak akan kembali ke batam saya pertama dan terakhir pergi ke sana,layan sangat buruk staf bos tangan bagasi kasar sangat kasar riak beri banyak informasi tangan bagasi suka putar belit cerita tidak kembali batam pertama dan akhir pergi sana,LABEL_2
Batam Centre Ferry Terminal,"Clean, organized and fast clearance by immigration (avail n departure) only during off peak.",5 stars,2 years ago,clean organized and fast clearance by immigration avail n departure only during off peak,pembersihan terorganisir bersih dan cepat oleh imigrasi tersedia dan keberangkatan hanya selama jam sibuk,bersih organisir bersih cepat imigrasi sedia berangkat lama jam sibuk,LABEL_2
Batam Centre Ferry Terminal,Really nice nice and friendly staffs. Great Batam 👍🏼 …,5 stars,6 years ago,really nice nice and friendly staffs great batam,"sangat bagus, baik dan ramah, staf batam yang hebat",sangat bagus baik ramah staf batam hebat,LABEL_0
Batam Centre Ferry Terminal,"Ferry terminal in the city bound for Singapore, Malaysia, and domestic travel",4 stars,4 years ago,ferry terminal in the city bound for singapore malaysia and domestic travel,terminal feri dalam kota tujuan singapura malaysia dan perjalanan domestik,terminal feri kota tuju singapura malaysia jalan domestik,LABEL_1
Batam Centre Ferry Terminal,Good place to buy last-minute oleh2 (pasalubong),5 stars,9 years ago,good place to buy lastminute oleh pasalubong,tempat yang bagus untuk membeli menit terakhir oleh pasalubong,tempat bagus beli menit akhir pasalubong,LABEL_0
Batam Centre Ferry Terminal,The men's toilet is smelly and dirty. Carpark is small not enough lots. Disappointed as this place is supposed to be batam international ferry terminal.,2 stars,3 years ago,the mens toilet is smelly and dirty carpark is small not enough lots disappointed as this place is supposed to be batam international ferry terminal,toilet pria bau dan tempat parkir kotor kecil tidak cukup banyak kecewa karena tempat ini seharusnya menjadi terminal feri internasional batam,toilet pria bau tempat parkir kotor kecil cukup banyak kecewa tempat harus jadi terminal feri internasional batam,LABEL_2
Batam Centre Ferry Terminal,"Batam Centre Ferry Terminal - I was injured in this terminal as a passenger. The Ferry carrier is shirking me off not giving all needed assistance.  The male they told me to contact at this terminal simply swore at me , was abessive in his language and hung up.  Who owns this terminal...It a same owner as Singapore Ferry Terminal ????????????????",1 star,2 years ago,batam centre ferry terminal  i was injured in this terminal as a passenger the ferry carrier is shirking me off not giving all needed assistance  the male they told me to contact at this terminal simply swore at me  was abessive in his language and hung up  who owns this terminalit a same owner as singapore ferry terminal,"terminal feri pusat batam saya terluka di terminal ini sebagai penumpang, pengangkut feri mengabaikan saya dan tidak memberikan semua bantuan yang dibutuhkan laki-laki yang mereka suruh saya hubungi di terminal ini hanya bersumpah pada saya dengan bahasa yang kasar dan menutup telepon siapa pemilik terminal ini pemilik yang sama dengan terminal feri singapura",terminal feri pusat batam luka terminal bagai tumpang angkut feri abai beri semua bantu butuh laki mereka suruh hubung terminal hanya sumpah saya bahasa kasar dan tutup telepon siapa milik terminal milik sama terminal feri singapura,LABEL_2
Batam Centre Ferry Terminal,"After the renovation, the place have become neater and cleaner
One of it's drawback is the parking lot, it's too small, need to build new one",4 stars,10 years ago,"after the renovation the place have become neater and cleaner
one of its drawback is the parking lot its too small need to build new one","setelah direnovasi tempatnya menjadi lebih rapi dan bersih
salah satu kekurangannya adalah lahan parkirnya yang terlalu kecil sehingga perlu dibangun yang baru",renovasi tempat jadi lebih rapi bersih salah satu kurang lahan parkir terlalu kecil perlu bangun baru,LABEL_2
Batam Centre Ferry Terminal,"The entrance gate is outdated. Suggest to use Grab app to rent taxi, but Grab taxi drivers are not allowed to come into the ferry taxi stand. So, we have to walk out (100 m walking distance) to the main road. It is very convenient and cheaper price.",4 stars,a year ago,the entrance gate is outdated suggest to use grab app to rent taxi but grab taxi drivers are not allowed to come into the ferry taxi stand so we have to walk out  m walking distance to the main road it is very convenient and cheaper price,"gerbang masuknya sudah ketinggalan jaman, sarankan untuk menggunakan aplikasi ambil untuk menyewa taksi tetapi supir taksi tidak diperbolehkan masuk ke tempat taksi feri jadi kami harus berjalan kaki ke jalan utama, sangat nyaman dan harga lebih murah",gerbang masuk tinggal jaman saran guna aplikasi ambil sewa taksi supir taksi boleh masuk tempat taksi feri jadi harus jalan kaki jalan utama sangat nyaman harga lebih murah,LABEL_0
Batam Centre Ferry Terminal,"Arrived here from Johor Bahru, Malaysia.   Set up like a mall where v there's plenty of services offered; restaurants, tours, duty free shops, cafes, taxi, currency exchange,  and sim cards. Immigration and customs was simple and quick.   It's connected to the Megamall which is also convenient if you need time to waste or have shopping to do.   Once you get outside the terminal everyone its offering you a ride marked and unmarked taxis which can be confusing.  Grab not permitted in this area which is a shame.",4 stars,7 years ago,arrived here from johor bahru malaysia   set up like a mall where v theres plenty of services offered restaurants tours duty free shops cafes taxi currency exchange  and sim cards immigration and customs was simple and quick   its connected to the megamall which is also convenient if you need time to waste or have shopping to do   once you get outside the terminal everyone its offering you a ride marked and unmarked taxis which can be confusing  grab not permitted in this area which is a shame,tiba di sini dari johor bahru malaysia diatur seperti mal di mana ada banyak layanan yang ditawarkan restoran tur toko bebas bea kafe taksi penukaran mata uang dan kartu sim imigrasi dan bea cukai sederhana dan cepat terhubung ke megamall yang juga nyaman jika Anda perlu waktu untuk membuang-buang waktu atau berbelanja untuk dilakukan setelah Anda keluar dari terminal semua orang menawarkan Anda tumpangan taksi bertanda dan tidak bertanda yang dapat membingungkan ambil tidak diizinkan di area ini yang memalukan,tiba sini johor bahru malaysia atur mal mana banyak layan tawar restoran tur toko bebas bea kafe taksi tukar mata uang kartu sim imigrasi bea cukai sederhana cepat hubung megamall juga nyaman anda perlu waktu buang waktu belanja laku anda keluar terminal semua orang tawar anda tumpang taksi tanda tanda dapat bingung ambil tidak izin area yang malu,LABEL_0
Batam Centre Ferry Terminal,"Quite and no crowd cause by restrictions Covid-19.  On arrival pcr test cost rp 900000 cash. No worries if you don't have rp on arrival, there are money changer staff. All staff from medical and immigration very helpful.",5 stars,5 years ago,quite and no crowd cause by restrictions covid  on arrival pcr test cost rp  cash no worries if you dont have rp on arrival there are money changer staff all staff from medical and immigration very helpful,cukup dan tidak ada kerumunan karena pembatasan covid pada saat kedatangan biaya tes pcr rp tunai jangan khawatir jika Anda tidak memiliki rp pada saat kedatangan ada staf penukaran uang semua staf dari medis dan imigrasi sangat membantu,cukup kerumun batas covid saat datang biaya tes pcr rp tunai jangan khawatir anda tidak milik rp saat datang staf tukar uang semua staf medis imigrasi sangat bantu,LABEL_0
Batam Centre Ferry Terminal,"It's one of the greatest port in Indonesia, imho.. but some facilities need for improvement such as toilet",4 stars,8 years ago,its one of the greatest port in indonesia imho but some facilities need for improvement such as toilet,ini adalah salah satu pelabuhan terbesar di indonesia tetapi beberapa fasilitas perlu ditingkatkan seperti toilet,adalah salah satu labuh besar indonesia beberapa fasilitas perlu tingkat toilet,LABEL_1
Batam Centre Ferry Terminal,Too smal and always crowned,5 stars,a month ago,too smal and always crowned,terlalu kecil dan selalu bermahkota,terlalu kecil selalu mahkota,LABEL_2
Batam Centre Ferry Terminal,The immigration process is very slow and tiring specially during long weekend. The process is managed very badly,2 stars,3 months ago,the immigration process is very slow and tiring specially during long weekend the process is managed very badly,proses imigrasi sangat lambat dan melelahkan apalagi saat long weekend prosesnya dikelola dengan sangat buruk,proses imigrasi sangat lambat lelah saat long weekend proses kelola sangat buruk,LABEL_2
Batam Centre Ferry Terminal,"It's a ferry terminal.
We came back to Singapore on Monday so not so crowded. We went to Batam through travel agent so we didn't have a headache of rushing and Q for boarding pass. If you reach here too early before your departure, you don't have to worry because there's a head over bridge at level 3 connected to the Mega mall Batam center. We spent about 1 and half hour at the mall eating and wondering around. The mall is big and many restaurants and shops inside. Better have your meals here (cheaper) rather than at Batam center. I found duty free shop didn't have much items to choose. Only flaw was that the immigration checkpoint was too small and bad aircondition. I can't imagine that during peak periods like weekends how people Q out there will have hot and smelly moment.",4 stars,9 years ago,"its a ferry terminal
we came back to singapore on monday so not so crowded we went to batam through travel agent so we didnt have a headache of rushing and q for boarding pass if you reach here too early before your departure you dont have to worry because theres a head over bridge at level  connected to the mega mall batam center we spent about  and half hour at the mall eating and wondering around the mall is big and many restaurants and shops inside better have your meals here cheaper rather than at batam center i found duty free shop didnt have much items to choose only flaw was that the immigration checkpoint was too small and bad aircondition i cant imagine that during peak periods like weekends how people q out there will have hot and smelly moment","ini terminal feri
kami kembali ke singapura pada hari senin jadi tidak terlalu ramai kami pergi ke batam melalui agen perjalanan jadi kami tidak pusing terburu-buru dan q untuk boarding pass jika Anda sampai di sini terlalu dini sebelum keberangkatan Anda tidak perlu khawatir karena ada jembatan layang di lantai yang terhubung ke mega mall batam center kami menghabiskan sekitar setengah jam di mal untuk makan dan bertanya-tanya di sekitar mal itu besar dan banyak restoran dan toko di dalam lebih baik makan di sini lebih murah daripada di pusat batam saya menemukan toko bebas bea tidak punya banyak item untuk dipilih hanya cacat adalah pos pemeriksaan imigrasi terlalu kecil dan kondisi udara buruk. Saya tidak dapat membayangkan bahwa selama periode puncak seperti akhir pekan bagaimana orang-orang di luar sana akan mengalami momen panas dan bau",terminal feri kami singapura hari senin jadi terlalu ramai pergi batam lalu agen jalan jadi pusing buru q boarding pass anda sini terlalu dini berangkat anda perlu khawatir ada jembatan layang lantai hubung ke mega mall batam center habis tengah jam mal makan tanya sekitar mal besar banyak restoran toko dalam lebih baik makan sini lebih murah di pusat batam temu toko bebas bea punya banyak item pilih cacat pos periksa imigrasi terlalu kecil kondisi udara buruk saya tidak dapat bayang lama periode puncak akhir pekan bagaimana orang di luar sana alami momen panas bau,LABEL_2
Batam Centre Ferry Terminal,"had been here twice , so many people came here for transit i guess",5 stars,8 years ago,had been here twice  so many people came here for transit i guess,"sudah ke sini dua kali, jadi banyak orang yang datang ke sini untuk transit, kurasa",sini kali jadi banyak orang datang ke sini transit rasa,LABEL_0
Batam Centre Ferry Terminal,"going to sg very early in the morning, and still no parking spot.. wow.",5 stars,7 years ago,going to sg very early in the morning and still no parking spot wow,berangkat ke sg pagi-pagi sekali dan masih belum ada tempat parkir wow,berangkat sg pagi sekali masih ada tempat parkir wow,LABEL_0
Batam Centre Ferry Terminal,Its nice and pretty clean and the best of all the staff try their best,5 stars,7 years ago,its nice and pretty clean and the best of all the staff try their best,itu bagus dan cukup bersih dan yang terbaik dari semua staf mencoba yang terbaik,bagus cukup bersih baik semua staf coba yang baik,LABEL_0
Batam Centre Ferry Terminal,"Little ferry center, busy,",3 stars,7 years ago,little ferry center busy,pusat feri kecil sibuk,pusat feri kecil sibuk,LABEL_2
Batam Centre Ferry Terminal,"Very convenient ferry terminal for Singapore arrivals. Link-bridge crossing to Mega Mall for purchase like Indo Sim card and personal necessity or have a nice starbucks coffee there then catch a Grab to your hotel. On your departure, terminal itself has lots of Indo food to fill up your cravings while waiting for your ferry back to Spore.",5 stars,3 years ago,very convenient ferry terminal for singapore arrivals linkbridge crossing to mega mall for purchase like indo sim card and personal necessity or have a nice starbucks coffee there then catch a grab to your hotel on your departure terminal itself has lots of indo food to fill up your cravings while waiting for your ferry back to spore,"terminal feri yang sangat nyaman untuk kedatangan singapura, linkbridge menyeberang ke mega mall untuk pembelian seperti kartu sim indo dan kebutuhan pribadi atau menikmati kopi starbucks yang enak di sana kemudian naik ke hotel Anda di terminal keberangkatan Anda sendiri memiliki banyak makanan indo untuk memuaskan hasrat Anda sambil menunggu feri Anda kembali ke spora",terminal feri sangat nyaman datang singapura linkbridge seberang mega mall beli kartu sim indo butuh pribadi nikmat kopi starbucks enak sana kemudian naik hotel anda terminal berangkat anda sendiri milik banyak makan indo muas hasrat anda tunggu feri anda ke spora,LABEL_0
Batam Centre Ferry Terminal,Good,4 stars,3 months ago,good,Bagus,bagus,LABEL_0
Batam Centre Ferry Terminal,Sometimes the ferry will close 15 mins before departure so need to go in at least 30-40 mins as the queue can be long. Otherwise quick check in.,4 stars,3 years ago,sometimes the ferry will close  mins before departure so need to go in at least  mins as the queue can be long otherwise quick check in,"terkadang feri akan tutup beberapa menit sebelum keberangkatan jadi harus berangkat setidaknya beberapa menit karena antriannya bisa panjang jika tidak, check-in cepat",terkadang feri tutup beberapa menit berangkat jadi berangkat beberapa menit antri panjang tidak check-in cepat,LABEL_1
Harbour Bay Ferry Terminal,Keren,4 bintang,8 tahun lalu,keren,keren,keren,LABEL_0
Harbour Bay Ferry Terminal,Pelabuhan yang bagus. Rapih. Nyaman,5 bintang,4 tahun lalu,pelabuhan yang bagus rapih nyaman,pelabuhan yang bagus rapih nyaman,labuh bagus rapih nyaman,LABEL_0
Harbour Bay Ferry Terminal,"Pintu gerbang Indonesia,cukup baik dan indonesia bangeett..",4 bintang,8 tahun lalu,pintu gerbang indonesiacukup baik dan indonesia bangeett,pintu gerbang indonesiacukup baik dan indonesia bangeett,pintu gerbang indonesiacukup baik indonesia bangeett,LABEL_0
Harbour Bay Ferry Terminal,"Saya terkejut Horizon Ferry tidak menyediakan opsi pembayaran kartu kredit/debit atau QRS. Hanya menerima uang tunai 😂. ​​Saya terburu-buru membeli tiket dengan waktu tersisa 20 menit, jadi saya harus bergegas ke lantai pertama mencari mesin ATM.

Untungnya, frekuensi feri mereka di pagi hari adalah setiap 30 menit hingga 1 jam, jadi jika Anda bangun terlambat dan terburu-buru kembali ke Singapura untuk bekerja di pagi hari, ini bisa menjadi pilihan.

Tiket feri sekali jalan ke Singapura adalah IDR 515.000. Pembayaran hanya tunai.",2 bintang,2 tahun lalu,"saya terkejut horizon ferry tidak menyediakan opsi pembayaran kartu kreditdebit atau qrs hanya menerima uang tunai  saya terburuburu membeli tiket dengan waktu tersisa  menit jadi saya harus bergegas ke lantai pertama mencari mesin atm

untungnya frekuensi feri mereka di pagi hari adalah setiap  menit hingga  jam jadi jika anda bangun terlambat dan terburuburu kembali ke singapura untuk bekerja di pagi hari ini bisa menjadi pilihan

tiket feri sekali jalan ke singapura adalah idr  pembayaran hanya tunai","saya terkejut horizon ferry tidak menyediakan opsi pembayaran kartu kreditdebit atau qrs hanya menerima uang tunai  saya terburuburu membeli tiket dengan waktu tersisa  menit jadi saya harus bergegas ke lantai pertama mencari mesin atm

untungnya frekuensi feri mereka di pagi hari adalah setiap  menit hingga  jam jadi jika anda bangun terlambat dan terburuburu kembali ke singapura untuk bekerja di pagi hari ini bisa menjadi pilihan

tiket feri sekali jalan ke singapura adalah idr  pembayaran hanya tunai",kejut horizon ferry sedia opsi bayar kartu kreditdebit qrs terima uang tunai terburuburu beli tiket waktu sisa menit jadi harus gegas lantai pertama cari mesin atm untung frekuensi feri pagi hari tiap menit hingga jam jadi anda bangun lambat terburuburu singapura kerja di pagi hari bisa jadi pilih tiket feri sekali jalan ke singapura idr bayar tunai,LABEL_1
Harbour Bay Ferry Terminal,"Tempatnya bagus, bersih, dan rapi. Saya datang ke sini pagi-pagi sekitar jam 06.45, jadi tidak terlalu ramai.",5 bintang,Diedit 3 tahun lalu,tempatnya bagus bersih dan rapi saya datang ke sini pagipagi sekitar jam  jadi tidak terlalu ramai,tempatnya bagus bersih dan rapi saya datang ke sini pagipagi sekitar jam  jadi tidak terlalu ramai,tempat bagus bersih rapi datang sini pagipagi jam jadi terlalu ramai,LABEL_2
Harbour Bay Ferry Terminal,Tempat tunggu penumpang sebelum masuk ke ruang keberangkatan terlalu sedikit. Kasihan yg bw org tua dan anak2 gak dpt duduk.,3 bintang,setahun lalu,tempat tunggu penumpang sebelum masuk ke ruang keberangkatan terlalu sedikit kasihan yg bw org tua dan anak gak dpt duduk,tempat tunggu penumpang sebelum masuk ke ruang keberangkatan terlalu sedikit kasihan yg bw org tua dan anak gak dpt duduk,tempat tunggu tumpang masuk ruang berangkat terlalu sedikit kasihan yg bw org tua anak gak dpt duduk,LABEL_2
Harbour Bay Ferry Terminal,"Beberapa bangunan masih dalam pemeliharaan, tetapi masih cukup nyaman untuk berbelanja dan menikmati makanan sebelum meninggalkan Batam.",5 bintang,6 tahun lalu,beberapa bangunan masih dalam pemeliharaan tetapi masih cukup nyaman untuk berbelanja dan menikmati makanan sebelum meninggalkan batam,beberapa bangunan masih dalam pemeliharaan tetapi masih cukup nyaman untuk berbelanja dan menikmati makanan sebelum meninggalkan batam,beberapa bangun dalam pelihara masih cukup nyaman belanja nikmat makan tinggal batam,LABEL_0
Harbour Bay Ferry Terminal,"Ada Starbucks untuk menikmati kopi atau sepotong kue sambil menunggu feri Anda. Ada juga pilihan makanan lainnya. Di gedung yang sama, Hotel Marriott akan segera beroperasi.",3 bintang,6 tahun lalu,ada starbucks untuk menikmati kopi atau sepotong kue sambil menunggu feri anda ada juga pilihan makanan lainnya di gedung yang sama hotel marriott akan segera beroperasi,ada starbucks untuk menikmati kopi atau sepotong kue sambil menunggu feri anda ada juga pilihan makanan lainnya di gedung yang sama hotel marriott akan segera beroperasi,starbucks nikmat kopi potong kue tunggu feri ada pilih makan lain gedung sama hotel marriott segera operasi,LABEL_1
Harbour Bay Ferry Terminal,Baru dan nyaman. Proses boarding dimulai 30 menit sebelumnya.,3 bintang,2 tahun lalu,baru dan nyaman proses boarding dimulai  menit sebelumnya,baru dan nyaman proses boarding dimulai  menit sebelumnya,baru nyaman proses boarding mulai menit belum,LABEL_1
Harbour Bay Ferry Terminal,Punya pemandangan yg indah dan warung makanan yg banyak. Pelabuhan yg diminati ramai.,5 bintang,Diedit 9 bulan lalu,punya pemandangan yg indah dan warung makanan yg banyak pelabuhan yg diminati ramai,punya pemandangan yg indah dan warung makanan yg banyak pelabuhan yg diminati ramai,punya pandang yg indah warung makan yg banyak labuh yg mati ramai,LABEL_0
Harbour Bay Ferry Terminal,"Senang berada di tempat ini, tempatnya sangat bagus",5 bintang,3 tahun lalu,senang berada di tempat ini tempatnya sangat bagus,senang berada di tempat ini tempatnya sangat bagus,senang ada tempat tempat sangat bagus,LABEL_0
Harbour Bay Ferry Terminal,"View bagus, makanan enak",5 bintang,5 tahun lalu,view bagus makanan enak,view bagus makanan enak,view bagus makan enak,LABEL_0
Harbour Bay Ferry Terminal,Joging,5 bintang,3 tahun lalu,joging,joging,joging,LABEL_0
Harbour Bay Ferry Terminal,Pelabuhan fave se-Batam.,5 bintang,3 minggu lalu,pelabuhan fave sebatam,pelabuhan fave sebatam,labuh fave sebatam,LABEL_1
Harbour Bay Ferry Terminal,"nyaman, bersih",5 bintang,5 tahun lalu,nyaman bersih,nyaman bersih,nyaman bersih,LABEL_0
Harbour Bay Ferry Terminal,Pelabuhan feri yang bersih dan modern untuk fasilitas naik dan turun penumpang. Terdapat pusat perbelanjaan kecil.,5 bintang,3 tahun lalu,pelabuhan feri yang bersih dan modern untuk fasilitas naik dan turun penumpang terdapat pusat perbelanjaan kecil,pelabuhan feri yang bersih dan modern untuk fasilitas naik dan turun penumpang terdapat pusat perbelanjaan kecil,labuh feri bersih modern fasilitas naik turun tumpang dapat pusat belanja kecil,LABEL_0
Harbour Bay Ferry Terminal,"Tempat yang bagus untuk singgah dari feri Jeety, karena di dalamnya ada kedai kopi untuk bersantai dan juga dekat dengan hotel.. dan jika Anda datang terlambat ke sini, Anda juga bisa makan di sebelahnya, ada nasi padang dan lain-lain...",5 bintang,5 tahun lalu,tempat yang bagus untuk singgah dari feri jeety karena di dalamnya ada kedai kopi untuk bersantai dan juga dekat dengan hotel dan jika anda datang terlambat ke sini anda juga bisa makan di sebelahnya ada nasi padang dan lainlain,tempat yang bagus untuk singgah dari feri jeety karena di dalamnya ada kedai kopi untuk bersantai dan juga dekat dengan hotel dan jika anda datang terlambat ke sini anda juga bisa makan di sebelahnya ada nasi padang dan lainlain,tempat bagus singgah feri jeety dalam kedai kopi santa juga dekat hotel jika datang lambat sini juga makan di belah nasi padang lainlain,LABEL_0
Harbour Bay Ferry Terminal,"Feri yang lumayan dengan staf yang ramah. Terminal feri di JB Stulang jelek, tapi bagus di Batam.",4 bintang,3 tahun lalu,feri yang lumayan dengan staf yang ramah terminal feri di jb stulang jelek tapi bagus di batam,feri yang lumayan dengan staf yang ramah terminal feri di jb stulang jelek tapi bagus di batam,feri lumayan staf ramah terminal feri jb stulang jelek bagus batam,LABEL_2
Harbour Bay Ferry Terminal,"Beda banget dengan keteraturan di Spore,.. disiplin, teratur, kebersihan,.. blom bgt bagus
Pelayanan wheelchair baik orang nya",4 bintang,9 tahun lalu,"beda banget dengan keteraturan di spore disiplin teratur kebersihan blom bgt bagus
pelayanan wheelchair baik orang nya","beda banget dengan keteraturan di spore disiplin teratur kebersihan blom bgt bagus
pelayanan wheelchair baik orang nya",beda banget atur spore disiplin atur bersih blom bgt bagus layan wheelchair baik orang nya,LABEL_0
Harbour Bay Ferry Terminal,Salah satu pelabuhan ferry terbaik dikota batam yang bersih & tertata rapi.,5 bintang,3 tahun lalu,salah satu pelabuhan ferry terbaik dikota batam yang bersih  tertata rapi,salah satu pelabuhan ferry terbaik dikota batam yang bersih  tertata rapi,salah satu labuh ferry baik kota batam bersih tata rapi,LABEL_0
Harbour Bay Ferry Terminal,Jadwal kapal yang teratur sedikit saran mungkin kursi di ruang tunggu harus selalu di periksa kebersihannya.,3 bintang,2 tahun lalu,jadwal kapal yang teratur sedikit saran mungkin kursi di ruang tunggu harus selalu di periksa kebersihannya,jadwal kapal yang teratur sedikit saran mungkin kursi di ruang tunggu harus selalu di periksa kebersihannya,jadwal kapal atur sedikit saran mungkin kursi ruang tunggu selalu periksa bersih,LABEL_1
Harbour Bay Ferry Terminal,"Paling enak nyebrang ke SG lewat Harbour Bay, parkiran luas dan gak rebutan. Lebih nyaman dan gak pake antrian mengular yang sangat lama.",4 bintang,8 tahun lalu,paling enak nyebrang ke sg lewat harbour bay parkiran luas dan gak rebutan lebih nyaman dan gak pake antrian mengular yang sangat lama,paling enak nyebrang ke sg lewat harbour bay parkiran luas dan gak rebutan lebih nyaman dan gak pake antrian mengular yang sangat lama,paling enak nyebrang sg lewat harbour bay parkir luas gak rebut lebih nyaman gak pake antri ular sangat lama,LABEL_0
Harbour Bay Ferry Terminal,tertata rapi.. tetapi sangat sepi,4 bintang,5 tahun lalu,tertata rapi tetapi sangat sepi,tertata rapi tetapi sangat sepi,tata rapi sangat sepi,LABEL_2
Harbour Bay Ferry Terminal,Pelayaran,5 bintang,8 tahun lalu,pelayaran,pelayaran,layar,LABEL_1
Harbour Bay Ferry Terminal,"Saya berkunjung ke sini untuk naik perahu ke Pulau Batam. Tempatnya sangat ramai, penuh dengan orang-orang yang ingin pergi ke Indonesia dan tempat lain. Namun, ada cukup banyak pilihan yang bisa Anda pilih, dengan lebih dari 4 perusahaan perahu yang mengirimkan perahu setiap 15 hingga 30 menit. Sebaiknya pesan tiket terlebih dahulu jika Anda perlu berangkat pagi atau tidak ingin mengantre.",5 bintang,8 tahun lalu,saya berkunjung ke sini untuk naik perahu ke pulau batam tempatnya sangat ramai penuh dengan orangorang yang ingin pergi ke indonesia dan tempat lain namun ada cukup banyak pilihan yang bisa anda pilih dengan lebih dari  perusahaan perahu yang mengirimkan perahu setiap  hingga  menit sebaiknya pesan tiket terlebih dahulu jika anda perlu berangkat pagi atau tidak ingin mengantre,saya berkunjung ke sini untuk naik perahu ke pulau batam tempatnya sangat ramai penuh dengan orangorang yang ingin pergi ke indonesia dan tempat lain namun ada cukup banyak pilihan yang bisa anda pilih dengan lebih dari  perusahaan perahu yang mengirimkan perahu setiap  hingga  menit sebaiknya pesan tiket terlebih dahulu jika anda perlu berangkat pagi atau tidak ingin mengantre,kunjung sini naik perahu pulau batam tempat sangat ramai penuh orangorang pergi indonesia tempat namun cukup banyak pilih bisa pilih lebih usaha perahu kirim perahu hingga menit baik pesan tiket lebih jika perlu berangkat pagi tidak ingin antre,LABEL_0
Harbour Bay Ferry Terminal,Pelabuhan internasional,4 bintang,3 tahun lalu,pelabuhan internasional,pelabuhan internasional,labuh internasional,LABEL_2
Harbour Bay Ferry Terminal,Pelabuhan yg mewah,5 bintang,2 tahun lalu,pelabuhan yg mewah,pelabuhan yg mewah,labuh yg mewah,LABEL_2
Harbour Bay Ferry Terminal,Salam satu pelabuhan ferry yg nyaman dan bersih. Sudah serasa berada diluar negeri karena lingkungan nyan tertata dan bersih juga nyaman sekali. Di sore hari tempat ini bisa dijadikan tempat bersantai dan juga berolahraga untuk masyarakat sekitar. Bisa jadi tempat pilihan juga menghabiskanian waktu. Dan dapat melihat pemandangan Singapura dari sini. Tempat yg indah dan nyaman sekali,5 bintang,4 tahun lalu,salam satu pelabuhan ferry yg nyaman dan bersih sudah serasa berada diluar negeri karena lingkungan nyan tertata dan bersih juga nyaman sekali di sore hari tempat ini bisa dijadikan tempat bersantai dan juga berolahraga untuk masyarakat sekitar bisa jadi tempat pilihan juga menghabiskanian waktu dan dapat melihat pemandangan singapura dari sini tempat yg indah dan nyaman sekali,salam satu pelabuhan ferry yg nyaman dan bersih sudah serasa berada diluar negeri karena lingkungan nyan tertata dan bersih juga nyaman sekali di sore hari tempat ini bisa dijadikan tempat bersantai dan juga berolahraga untuk masyarakat sekitar bisa jadi tempat pilihan juga menghabiskanian waktu dan dapat melihat pemandangan singapura dari sini tempat yg indah dan nyaman sekali,salam satu labuh ferry yg nyaman bersih serasa ada luar negeri lingkung nyan tata bersih nyaman sekali sore hari tempat bisa jadi tempat santa olahraga masyarakat bisa jadi tempat pilih juga menghabiskanian waktu dapat lihat pandang singapura sini tempat yg indah nyaman sekali,LABEL_0
Harbour Bay Ferry Terminal,"Ramai lagi harbour bay ferry setelah covid reda, alhamdulillah",5 bintang,4 tahun lalu,ramai lagi harbour bay ferry setelah covid reda alhamdulillah,ramai lagi harbour bay ferry setelah covid reda alhamdulillah,ramai harbour bay ferry covid reda alhamdulillah,LABEL_1
Harbour Bay Ferry Terminal,"Ramai di akhir pekan, lebih baik pergi di hari kerja. Proses pemeriksaan cepat, perjalanan feri 30 menit ke Singapura. Terminal bersih dan besar, toko-toko masih mulai terisi.",5 bintang,6 tahun lalu,ramai di akhir pekan lebih baik pergi di hari kerja proses pemeriksaan cepat perjalanan feri  menit ke singapura terminal bersih dan besar tokotoko masih mulai terisi,ramai di akhir pekan lebih baik pergi di hari kerja proses pemeriksaan cepat perjalanan feri  menit ke singapura terminal bersih dan besar tokotoko masih mulai terisi,ramai akhir pekan lebih baik pergi hari kerja proses periksa cepat jalan feri menit singapura terminal bersih besar tokotoko mulai isi,LABEL_0
Harbour Bay Ferry Terminal,Pelabuhan ferry yang cukup besar tetapi sepi.,4 bintang,Diedit 8 tahun lalu,pelabuhan ferry yang cukup besar tetapi sepi,pelabuhan ferry yang cukup besar tetapi sepi,labuh ferry cukup besar sepi,LABEL_2
Harbour Bay Ferry Terminal,Bisa lihat sunset di sini,5 bintang,6 tahun lalu,bisa lihat sunset di sini,bisa lihat sunset di sini,lihat sunset sini,LABEL_0
Harbour Bay Ferry Terminal,Pengalaman yang luar biasa,5 bintang,Diedit 2 tahun lalu,pengalaman yang luar biasa,pengalaman yang luar biasa,alam luar biasa,LABEL_0
Harbour Bay Ferry Terminal,Representatif dan menu makanan seafoodnya cukup lengkap,4 bintang,5 tahun lalu,representatif dan menu makanan seafoodnya cukup lengkap,representatif dan menu makanan seafoodnya cukup lengkap,representatif menu makan seafoodnya cukup lengkap,LABEL_0
Harbour Bay Ferry Terminal,Ruang tunggu di dalam lebih bagus. Petunjuk arah kurang jd adikiy agak bingung bagivyg prtma kali,4 bintang,Diedit 8 tahun lalu,ruang tunggu di dalam lebih bagus petunjuk arah kurang jd adikiy agak bingung bagivyg prtma kali,ruang tunggu di dalam lebih bagus petunjuk arah kurang jd adikiy agak bingung bagivyg prtma kali,ruang tunggu dalam lebih bagus tunjuk arah kurang jd adikiy bingung bagivyg prtma kali,LABEL_2
Harbour Bay Ferry Terminal,Terminal feri yang sangat bagus dan modern. Dapat naik feri dari batam ke depan pelabuhan dan ke stulang laut dan feri lumba-lumba pasir gudang,5 bintang,2 tahun lalu,terminal feri yang sangat bagus dan modern dapat naik feri dari batam ke depan pelabuhan dan ke stulang laut dan feri lumbalumba pasir gudang,terminal feri yang sangat bagus dan modern dapat naik feri dari batam ke depan pelabuhan dan ke stulang laut dan feri lumbalumba pasir gudang,terminal feri sangat bagus modern naik feri batam depan labuh ke stulang laut feri lumbalumba pasir gudang,LABEL_0
Harbour Bay Ferry Terminal,Pintu masuk keluar pulau Batam ke Singapura,4 bintang,7 tahun lalu,pintu masuk keluar pulau batam ke singapura,pintu masuk keluar pulau batam ke singapura,pintu masuk keluar pulau batam singapura,LABEL_1
Harbour Bay Ferry Terminal,"Bersih, banyak pilihan untuk kulinernya.",5 bintang,7 tahun lalu,bersih banyak pilihan untuk kulinernya,bersih banyak pilihan untuk kulinernya,bersih banyak pilih kuliner,LABEL_0
Harbour Bay Ferry Terminal,Ongkos ramah dikantong 😁 …,5 bintang,5 tahun lalu,ongkos ramah dikantong,ongkos ramah dikantong,ongkos ramah kantong,LABEL_0
Harbour Bay Ferry Terminal,"- Tempat check in sharus nya pas masuk area terminal  area keberangkatan , bukan di lantai 2 supaya penumpang tidak bolak balik

- Sebaiknya VIP lounges bisa digunakan at least 1 jam 30 menit sebelum keberangkatan , bukan 30 menit sebelum nya baru d perbolehkan masuk ke VIP room nya

- Pengalaman saya sejauh ini di berbagai tempat yg pernah saya kunjungi, selalu di sedia in tempat buat Tas Tangan biar tidak kotor ato rusak saat melewati x-ray checking, sayang nya di sini tidak tersedia

- luggage buat VIP class, seharus nya priority , jd gk harus nggu sampe smua penumpang lain habis baru laguge VIP class muncul, dan ini selalu terjadi di sini
- Ini smua pendapat saya saja, kurang lebih mohon maaf",1 bintang,7 tahun lalu,"tempat check in sharus nya pas masuk area terminal  area keberangkatan  bukan di lantai  supaya penumpang tidak bolak balik

 sebaiknya vip lounges bisa digunakan at least  jam  menit sebelum keberangkatan  bukan  menit sebelum nya baru d perbolehkan masuk ke vip room nya

 pengalaman saya sejauh ini di berbagai tempat yg pernah saya kunjungi selalu di sedia in tempat buat tas tangan biar tidak kotor ato rusak saat melewati xray checking sayang nya di sini tidak tersedia

 luggage buat vip class seharus nya priority  jd gk harus nggu sampe smua penumpang lain habis baru laguge vip class muncul dan ini selalu terjadi di sini
 ini smua pendapat saya saja kurang lebih mohon maaf","tempat check in sharus nya pas masuk area terminal  area keberangkatan  bukan di lantai  supaya penumpang tidak bolak balik

 sebaiknya vip lounges bisa digunakan at least  jam  menit sebelum keberangkatan  bukan  menit sebelum nya baru d perbolehkan masuk ke vip room nya

 pengalaman saya sejauh ini di berbagai tempat yg pernah saya kunjungi selalu di sedia in tempat buat tas tangan biar tidak kotor ato rusak saat melewati xray checking sayang nya di sini tidak tersedia

 luggage buat vip class seharus nya priority  jd gk harus nggu sampe smua penumpang lain habis baru laguge vip class muncul dan ini selalu terjadi di sini
 ini smua pendapat saya saja kurang lebih mohon maaf",tempat check in sharus nya pas masuk area terminal area berangkat bukan lantai tumpang bolak balik baik vip lounges guna at least jam menit berangkat bukan menit nya baru d boleh masuk vip room nya alam jauh bagai tempat yg pernah kunjung selalu sedia in tempat buat tas tangan biar kotor ato rusak lewat xray checking sayang nya sini sedia luggage buat vip class harus nya priority jd gk nggu sampe smua tumpang habis baru laguge vip class muncul selalu jadi di sini ini smua dapat saja kurang lebih mohon maaf,LABEL_0
Harbour Bay Ferry Terminal,"Terminal feri ini terlihat menjanjikan jika dibandingkan dengan terminal feri lain di Batam. Ada beberapa proyek yang sedang berlangsung di sini, selain beberapa apartemen dan hotel baru yang sedang dibangun, mereka juga memperluas gedung terminal dengan Starbucks baru dan beberapa toko di dalamnya.",4 bintang,7 tahun lalu,terminal feri ini terlihat menjanjikan jika dibandingkan dengan terminal feri lain di batam ada beberapa proyek yang sedang berlangsung di sini selain beberapa apartemen dan hotel baru yang sedang dibangun mereka juga memperluas gedung terminal dengan starbucks baru dan beberapa toko di dalamnya,terminal feri ini terlihat menjanjikan jika dibandingkan dengan terminal feri lain di batam ada beberapa proyek yang sedang berlangsung di sini selain beberapa apartemen dan hotel baru yang sedang dibangun mereka juga memperluas gedung terminal dengan starbucks baru dan beberapa toko di dalamnya,terminal feri lihat janji banding terminal feri batam beberapa proyek sedang langsung sini beberapa apartemen hotel baru sedang bangun juga luas gedung terminal starbucks baru beberapa toko di dalam,LABEL_1
Harbour Bay Ferry Terminal,Pemandangan matahari terbenam yang indah dari area ini.,5 bintang,5 tahun lalu,pemandangan matahari terbenam yang indah dari area ini,pemandangan matahari terbenam yang indah dari area ini,pandang matahari benam indah area,LABEL_0
Harbour Bay Ferry Terminal,Pelabuhannya elegan,1 bintang,4 tahun lalu,pelabuhannya elegan,pelabuhannya elegan,labuh elegan,LABEL_2
Harbour Bay Ferry Terminal,"Saya sudah lama tidak ke sana karena COVID-19, tetapi tempat itu masih bagus.",5 bintang,3 tahun lalu,saya sudah lama tidak ke sana karena covid tetapi tempat itu masih bagus,saya sudah lama tidak ke sana karena covid tetapi tempat itu masih bagus,sudah lama ke sana covid tempat masih bagus,LABEL_0
Harbour Bay Ferry Terminal,"Pelabuhan yang mantap sih, gak bosan juga, karna ada Starbuck, Indomaret,circle K, KFC box, ala Kampoeng",5 bintang,2 tahun lalu,pelabuhan yang mantap sih gak bosan juga karna ada starbuck indomaretcircle k kfc box ala kampoeng,pelabuhan yang mantap sih gak bosan juga karna ada starbuck indomaretcircle k kfc box ala kampoeng,labuh mantap sih gak bosan karna starbuck indomaretcircle k kfc box ala kampoeng,LABEL_0
Harbour Bay Ferry Terminal,"Bagus, dekat dengan mall",4 bintang,7 tahun lalu,bagus dekat dengan mall,bagus dekat dengan mall,bagus dekat mall,LABEL_0
Harbour Bay Ferry Terminal,"Kebetulan pas nyari pelabuhan paling dekat dari bandara ,langsung mampir di Harbourbay..",5 bintang,5 tahun lalu,kebetulan pas nyari pelabuhan paling dekat dari bandara langsung mampir di harbourbay,kebetulan pas nyari pelabuhan paling dekat dari bandara langsung mampir di harbourbay,betul pas nyari labuh paling dekat bandara langsung mampir harbourbay,LABEL_1
Harbour Bay Ferry Terminal,Pelabuhan utk menyeberang ke Singapore dan Malaysia sert ke Karimun,5 bintang,2 tahun lalu,pelabuhan utk menyeberang ke singapore dan malaysia sert ke karimun,pelabuhan utk menyeberang ke singapore dan malaysia sert ke karimun,labuh utk seberang singapore malaysia sert karimun,LABEL_1
Harbour Bay Ferry Terminal,ok lah....cuma bingungin untuk yg pertama tentang pake ferry.,3 bintang,9 tahun lalu,ok lahcuma bingungin untuk yg pertama tentang pake ferry,ok lahcuma bingungin untuk yg pertama tentang pake ferry,lahcuma bingungin yg pertama pake ferry,LABEL_2
Harbour Bay Ferry Terminal,Banyak sekali tokonya! Seperti di bandara!,4 bintang,5 bulan lalu,banyak sekali tokonya seperti di bandara,banyak sekali tokonya seperti di bandara,banyak sekali toko di bandara,LABEL_0
Harbour Bay Ferry Terminal,"Salah satu pelabuhan internasional terbaik yang dimiliki oleh Batam ini.
tempat sangat bersih, parkiran juga sangat luas, serta terdapat banyak sekali tempat kuliner,oleh oleh ataupun tempat bersantai minum kopi sejenak sebelum berangkat atau pergi dan tempat pelabuhan ini tidaklah padat pengunjung keluar masuk, boleh dibilang terkadang sepi.

untuk kekurangannya
saya berharap lebih baik dan baik lagi, baik segi pelayanan ataupun yang lainnya, leboh ditingkatkan. hehehe",5 bintang,6 tahun lalu,"salah satu pelabuhan internasional terbaik yang dimiliki oleh batam ini
tempat sangat bersih parkiran juga sangat luas serta terdapat banyak sekali tempat kulineroleh oleh ataupun tempat bersantai minum kopi sejenak sebelum berangkat atau pergi dan tempat pelabuhan ini tidaklah padat pengunjung keluar masuk boleh dibilang terkadang sepi

untuk kekurangannya
saya berharap lebih baik dan baik lagi baik segi pelayanan ataupun yang lainnya leboh ditingkatkan hehehe","salah satu pelabuhan internasional terbaik yang dimiliki oleh batam ini
tempat sangat bersih parkiran juga sangat luas serta terdapat banyak sekali tempat kulineroleh oleh ataupun tempat bersantai minum kopi sejenak sebelum berangkat atau pergi dan tempat pelabuhan ini tidaklah padat pengunjung keluar masuk boleh dibilang terkadang sepi

untuk kekurangannya
saya berharap lebih baik dan baik lagi baik segi pelayanan ataupun yang lainnya leboh ditingkatkan hehehe",salah satu labuh internasional baik milik batam ini tempat sangat bersih parkir sangat luas dapat banyak sekali tempat kulineroleh atau tempat santa minum kopi jenak berangkat pergi tempat labuh tidak padat unjung keluar masuk bilang terkadang sepi untuk kurang saya harap lebih baik baik baik segi layan atau lain leboh tingkat hehehe,LABEL_0
Harbour Bay Ferry Terminal,Tempat bersih,5 bintang,8 tahun lalu,tempat bersih,tempat bersih,tempat bersih,LABEL_0
Harbour Bay Ferry Terminal,Suasananya nyaman,5 bintang,setahun lalu,suasananya nyaman,suasananya nyaman,suasana nyaman,LABEL_0
Harbour Bay Ferry Terminal,"Terminal Feri Harbour Bay adalah salah satu pelabuhan Batam di seluruh pulau. Terletak di dalam mal dan di samping Hotel JW Marriot. Dari sini kita bisa pergi ke Singapura dan Malaysia, Puteri Harbour. Loket tiket terletak di lantai 2 di dalam mal, pastikan untuk mengikuti petunjuk dan rambu, Anda tidak akan tersesat. Untuk keberangkatan pertama di pagi hari, perlu menuju gerbang dekat Starbucks, karena gerbang utama mungkin belum dibuka.",5 bintang,3 tahun lalu,terminal feri harbour bay adalah salah satu pelabuhan batam di seluruh pulau terletak di dalam mal dan di samping hotel jw marriot dari sini kita bisa pergi ke singapura dan malaysia puteri harbour loket tiket terletak di lantai  di dalam mal pastikan untuk mengikuti petunjuk dan rambu anda tidak akan tersesat untuk keberangkatan pertama di pagi hari perlu menuju gerbang dekat starbucks karena gerbang utama mungkin belum dibuka,terminal feri harbour bay adalah salah satu pelabuhan batam di seluruh pulau terletak di dalam mal dan di samping hotel jw marriot dari sini kita bisa pergi ke singapura dan malaysia puteri harbour loket tiket terletak di lantai  di dalam mal pastikan untuk mengikuti petunjuk dan rambu anda tidak akan tersesat untuk keberangkatan pertama di pagi hari perlu menuju gerbang dekat starbucks karena gerbang utama mungkin belum dibuka,terminal feri harbour bay salah satu labuh batam seluruh pulau letak dalam mal samping hotel jw marriot sini bisa pergi singapura malaysia puter harbour loket tiket letak lantai dalam mal pasti ikut tunjuk rambu tidak sesat berangkat pertama di pagi hari perlu tuju gerbang dekat starbucks gerbang utama mungkin buka,LABEL_0
Harbour Bay Ferry Terminal,"Ada banyak orang, tetapi tidak ada sistem yang memadai. Kamu yang pintar, tanyakan saja. Kita semua ketinggalan feri karena tidak ada pengumuman yang tepat.",2 bintang,2 tahun lalu,ada banyak orang tetapi tidak ada sistem yang memadai kamu yang pintar tanyakan saja kita semua ketinggalan feri karena tidak ada pengumuman yang tepat,ada banyak orang tetapi tidak ada sistem yang memadai kamu yang pintar tanyakan saja kita semua ketinggalan feri karena tidak ada pengumuman yang tepat,banyak orang tidak sistem pada kamu pintar tanya kita semua tinggal feri tidak umum tepat,LABEL_2
Harbour Bay Ferry Terminal,"Layanan taksi ini sangat buruk dan tidak dapat diterima. Saya diberi mobil dengan AC yang rusak, yang membuat perjalanan sangat tidak nyaman. Selain itu, pengemudi sama sekali tidak bisa berkomunikasi, sehingga tidak ada cara untuk menjelaskan atau menyelesaikan masalah dengan benar.

Jaraknya hanya sedikit lebih jauh, namun pengemudi menaikkan tarif tanpa alasan yang jelas. Tidak ada penjelasan, tidak ada diskusi, tidak ada profesionalisme. Saya merasa dimanfaatkan dan sepenuhnya diabaikan sebagai pelanggan.

Ini adalah pengalaman yang membuat frustrasi dan mengecewakan. Saya tidak akan menggunakan layanan ini lagi dan tidak merekomendasikannya kepada siapa pun yang mengharapkan standar layanan dasar dan harga yang jujur.",1 bintang,6 bulan lalu,"layanan taksi ini sangat buruk dan tidak dapat diterima saya diberi mobil dengan ac yang rusak yang membuat perjalanan sangat tidak nyaman selain itu pengemudi sama sekali tidak bisa berkomunikasi sehingga tidak ada cara untuk menjelaskan atau menyelesaikan masalah dengan benar

jaraknya hanya sedikit lebih jauh namun pengemudi menaikkan tarif tanpa alasan yang jelas tidak ada penjelasan tidak ada diskusi tidak ada profesionalisme saya merasa dimanfaatkan dan sepenuhnya diabaikan sebagai pelanggan

ini adalah pengalaman yang membuat frustrasi dan mengecewakan saya tidak akan menggunakan layanan ini lagi dan tidak merekomendasikannya kepada siapa pun yang mengharapkan standar layanan dasar dan harga yang jujur","layanan taksi ini sangat buruk dan tidak dapat diterima saya diberi mobil dengan ac yang rusak yang membuat perjalanan sangat tidak nyaman selain itu pengemudi sama sekali tidak bisa berkomunikasi sehingga tidak ada cara untuk menjelaskan atau menyelesaikan masalah dengan benar

jaraknya hanya sedikit lebih jauh namun pengemudi menaikkan tarif tanpa alasan yang jelas tidak ada penjelasan tidak ada diskusi tidak ada profesionalisme saya merasa dimanfaatkan dan sepenuhnya diabaikan sebagai pelanggan

ini adalah pengalaman yang membuat frustrasi dan mengecewakan saya tidak akan menggunakan layanan ini lagi dan tidak merekomendasikannya kepada siapa pun yang mengharapkan standar layanan dasar dan harga yang jujur",layan taksi sangat buruk terima beri mobil ac rusak buat jalan sangat nyaman itu kemudi sama sekali bisa komunikasi cara jelas selesai masalah benar jarak sedikit lebih jauh kemudi naik tarif alas jelas ada jelas tidak ada diskusi tidak ada profesionalisme rasa manfaat sepenuh abai langgan ini alam buat frustrasi kecewa tidak guna layan lagi tidak rekomendasi siapa harap standar layan dasar harga yang jujur,LABEL_2
Harbour Bay Ferry Terminal,"pelabuhan internasional di batam,tepatnya dekat pelabuhan batu ampar.",5 bintang,8 tahun lalu,pelabuhan internasional di batamtepatnya dekat pelabuhan batu ampar,pelabuhan internasional di batamtepatnya dekat pelabuhan batu ampar,labuh internasional batamtepatnya dekat labuh batu ampar,LABEL_1
Harbour Bay Ferry Terminal,Cepat dan nyaman,5 bintang,2 tahun lalu,cepat dan nyaman,cepat dan nyaman,cepat nyaman,LABEL_0
Harbour Bay Ferry Terminal,"Terminal & pelayanan ok. Sayangnya penjaga box parkir songong² gaya nya, tak ada ramah² nya walau disapa dan saya bilang terima kasih malah buang muka. Itu perlu diperbaiki karena ini pelabuhan internasional, walau mungkin turis² tidak berinteraksi langsung dgn  penjaga box parkir.",3 bintang,2 tahun lalu,terminal  pelayanan ok sayangnya penjaga box parkir songong gaya nya tak ada ramah nya walau disapa dan saya bilang terima kasih malah buang muka itu perlu diperbaiki karena ini pelabuhan internasional walau mungkin turis tidak berinteraksi langsung dgn  penjaga box parkir,terminal  pelayanan ok sayangnya penjaga box parkir songong gaya nya tak ada ramah nya walau disapa dan saya bilang terima kasih malah buang muka itu perlu diperbaiki karena ini pelabuhan internasional walau mungkin turis tidak berinteraksi langsung dgn  penjaga box parkir,terminal layan sayang jaga box parkir songong gaya nya tak ramah nya sapa saya bilang terima kasih malah buang muka perlu baik ini labuh internasional mungkin turis interaksi langsung dgn jaga box parkir,LABEL_2
Harbour Bay Ferry Terminal,Melayani kapal dengan rute batam - tg balai karimun. Akses ke kota yang dekat dan berada di komplek yg super lengkap,5 bintang,5 tahun lalu,melayani kapal dengan rute batam  tg balai karimun akses ke kota yang dekat dan berada di komplek yg super lengkap,melayani kapal dengan rute batam  tg balai karimun akses ke kota yang dekat dan berada di komplek yg super lengkap,layan kapal rute batam tg balai karimun akses kota dekat ada komplek yg super lengkap,LABEL_0
Harbour Bay Ferry Terminal,"Hanya ada 1 operator untuk rute Harbour Front (Singapura) ke Harbour Bay (Batam), jadi tidak terlalu fleksibel. Horizon Fast Ferry selalu mengalami keterlambatan waktu keberangkatan saat berada di Harbour Front (Singapura). Karena lokasinya yang strategis dan dekat dengan hotel tempat saya menginap, saya selalu kembali ke Harbour Bay.",3 bintang,2 tahun lalu,hanya ada  operator untuk rute harbour front singapura ke harbour bay batam jadi tidak terlalu fleksibel horizon fast ferry selalu mengalami keterlambatan waktu keberangkatan saat berada di harbour front singapura karena lokasinya yang strategis dan dekat dengan hotel tempat saya menginap saya selalu kembali ke harbour bay,hanya ada  operator untuk rute harbour front singapura ke harbour bay batam jadi tidak terlalu fleksibel horizon fast ferry selalu mengalami keterlambatan waktu keberangkatan saat berada di harbour front singapura karena lokasinya yang strategis dan dekat dengan hotel tempat saya menginap saya selalu kembali ke harbour bay,ada operator rute harbour front singapura harbour bay batam jadi terlalu fleksibel horizon fast ferry selalu alami lambat waktu berangkat ada harbour front singapura lokasi strategis dekat hotel tempat inap selalu ke harbour bay,LABEL_0
Harbour Bay Ferry Terminal,Tempat ini ojek pangkalannya tdk ramah dgn penumpang aplagi dgn penumpang yg memakai jasa angkutan online...kalau kasi harga seenaknya...mahalnya selangit tlong di tertibkan opangnya,1 bintang,8 tahun lalu,tempat ini ojek pangkalannya tdk ramah dgn penumpang aplagi dgn penumpang yg memakai jasa angkutan onlinekalau kasi harga seenaknyamahalnya selangit tlong di tertibkan opangnya,tempat ini ojek pangkalannya tdk ramah dgn penumpang aplagi dgn penumpang yg memakai jasa angkutan onlinekalau kasi harga seenaknyamahalnya selangit tlong di tertibkan opangnya,tempat ojek pangkal tdk ramah dgn tumpang aplagi dgn tumpang yg pakai jasa angkut onlinekalau kasi harga seenaknyamahalnya langit tlong tertib opangnya,LABEL_2
Harbour Bay Ferry Terminal,"Keren, elite, bersih",5 bintang,3 tahun lalu,keren elite bersih,keren elite bersih,keren elite bersih,LABEL_0
Harbour Bay Ferry Terminal,Tempat dengan layanan lengkap.,5 bintang,6 tahun lalu,tempat dengan layanan lengkap,tempat dengan layanan lengkap,tempat layan lengkap,LABEL_0
Harbour Bay Ferry Terminal,mantap,5 bintang,8 tahun lalu,mantap,padat,padat,LABEL_2
Harbour Bay Ferry Terminal,Nyaman,3 bintang,5 tahun lalu,nyaman,nyaman,nyaman,LABEL_0
Harbour Bay Ferry Terminal,Padat,5 bintang,3 tahun lalu,padat,padat,padat,LABEL_2
Harbour Bay Ferry Terminal,Pelabuhannya bagus sekali kayk di singapur,5 bintang,3 tahun lalu,pelabuhannya bagus sekali kayk di singapur,pelabuhannya bagus sekali kayk di singapur,labuh bagus sekali kayk singapur,LABEL_0
Harbour Bay Ferry Terminal,Suasana nyaman.. banyak fasilitas tersedia di sini ☺️,5 bintang,Diedit 7 tahun lalu,suasana nyaman banyak fasilitas tersedia di sini,suasana nyaman banyak fasilitas tersedia di sini,suasana nyaman banyak fasilitas sedia sini,LABEL_0
Harbour Bay Ferry Terminal,"Toilet nya bau, semoga di mengerti lagi",3 bintang,sebulan lalu,toilet nya bau semoga di mengerti lagi,toilet nya bau semoga di mengerti lagi,toilet nya bau moga erti,LABEL_2
Harbour Bay Ferry Terminal,Bagus. Akses dekat,5 bintang,setahun lalu,bagus akses dekat,bagus akses dekat,bagus akses dekat,LABEL_0
Harbour Bay Ferry Terminal,Sudah sangat baik dari sebelumnya,5 bintang,5 tahun lalu,sudah sangat baik dari sebelumnya,sudah sangat baik dari sebelumnya,sangat baik belum,LABEL_0
Harbour Bay Ferry Terminal,Kereen bersih mewah tertib,5 bintang,setahun lalu,kereen bersih mewah tertib,kereen bersih mewah tertib,kereen bersih mewah tertib,LABEL_0
Harbour Bay Ferry Terminal,Bersih dan Nyaman,4 bintang,8 tahun lalu,bersih dan nyaman,bersih dan nyaman,bersih nyaman,LABEL_0
Harbour Bay Ferry Terminal,"PELABUHAN HARBOUR BAYJika berkunjung ke Pulau Batam, tidak afdol rasanya jika tidak berkunjung ke Pelabuhan Harbour Bay. Pelabuhan Harbour Bay tidaklah seperti pelabuhanbiasanya terlebih pemandangannya di malam hari. Dari sini, kita bisa melihat lampu – lampu negara Singapura yang begitu indah. Wajar saja, banyak restoran bertarif mahal berjejer di wilayah pelabuhan Harbour Bay. Kini Pelabuhan Harbour Bay telah menjadi salah satu destinasi wisata di pulau Batam.",5 bintang,8 tahun lalu,pelabuhan harbour bayjika berkunjung ke pulau batam tidak afdol rasanya jika tidak berkunjung ke pelabuhan harbour bay pelabuhan harbour bay tidaklah seperti pelabuhanbiasanya terlebih pemandangannya di malam hari dari sini kita bisa melihat lampu  lampu negara singapura yang begitu indah wajar saja banyak restoran bertarif mahal berjejer di wilayah pelabuhan harbour bay kini pelabuhan harbour bay telah menjadi salah satu destinasi wisata di pulau batam,pelabuhan harbour bayjika berkunjung ke pulau batam tidak afdol rasanya jika tidak berkunjung ke pelabuhan harbour bay pelabuhan harbour bay tidaklah seperti pelabuhanbiasanya terlebih pemandangannya di malam hari dari sini kita bisa melihat lampu  lampu negara singapura yang begitu indah wajar saja banyak restoran bertarif mahal berjejer di wilayah pelabuhan harbour bay kini pelabuhan harbour bay telah menjadi salah satu destinasi wisata di pulau batam,labuh harbour bayjika kunjung pulau batam afdol rasa tidak kunjung labuh harbour bay labuh harbour bay tidak pelabuhanbiasanya lebih pandang malam hari sini bisa lihat lampu lampu negara singapura begitu indah wajar banyak restoran tarif mahal jejer wilayah labuh harbour bay kini labuh harbour bay jadi salah satu destinasi wisata pulau batam,LABEL_0
Harbour Bay Ferry Terminal,Pelabuhan dgn aktifitas lumayan sibuk dengan melayani rute ke domestik dan international. Saya sendiri melakukan perjalanan dari Tanjungbalai Karimun ke Batam lanjut menggunakan pesawat ke Jakarta dan Semarang.,5 bintang,7 tahun lalu,pelabuhan dgn aktifitas lumayan sibuk dengan melayani rute ke domestik dan international saya sendiri melakukan perjalanan dari tanjungbalai karimun ke batam lanjut menggunakan pesawat ke jakarta dan semarang,pelabuhan dgn aktifitas lumayan sibuk dengan melayani rute ke domestik dan international saya sendiri melakukan perjalanan dari tanjungbalai karimun ke batam lanjut menggunakan pesawat ke jakarta dan semarang,labuh dgn aktifitas lumayan sibuk layan rute domestik international sendiri laku jalan tanjungbalai karimun batam lanjut guna pesawat jakarta semarang,LABEL_1
Harbour Bay Ferry Terminal,"T
Peraturan imigrasi ribet, padahal sudah beli tiket pulang pergi melalui pelabuhan harborbay. Karena ktp medan.tidak dizin kan masuk, dan anehnya lagi , karena baru pertama kali lewat harbourbay,",1 bintang,setahun lalu,"t
peraturan imigrasi ribet padahal sudah beli tiket pulang pergi melalui pelabuhan harborbay karena ktp medantidak dizin kan masuk dan anehnya lagi  karena baru pertama kali lewat harbourbay","t
peraturan imigrasi ribet padahal sudah beli tiket pulang pergi melalui pelabuhan harborbay karena ktp medantidak dizin kan masuk dan anehnya lagi  karena baru pertama kali lewat harbourbay",t atur imigrasi ribet padahal beli tiket pulang pergi lalu labuh harborbay ktp medantidak dizin kan masuk aneh baru pertama kali lewat harbourbay,LABEL_2
Harbour Bay Ferry Terminal,"Tolong beri
Sign diluar atau dibawah marriot biar mudah cari tempatnya!",3 bintang,11 bulan lalu,"tolong beri
sign diluar atau dibawah marriot biar mudah cari tempatnya","tolong beri
sign diluar atau dibawah marriot biar mudah cari tempatnya",beri sign luar bawah marriot biar mudah cari tempat,LABEL_1
Harbour Bay Ferry Terminal,dapat menggunakan gerbang otomatis dan pelabuhan yang tidak terlalu ramai,5 bintang,setahun lalu,dapat menggunakan gerbang otomatis dan pelabuhan yang tidak terlalu ramai,dapat menggunakan gerbang otomatis dan pelabuhan yang tidak terlalu ramai,guna gerbang otomatis labuh tidak terlalu ramai,LABEL_0
Harbour Bay Ferry Terminal,"TOLOL,,,, pelabuhan tapi gak ada kapal laut buat nyebrang. Mending ke Sekupang",1 bintang,6 tahun lalu,tolol pelabuhan tapi gak ada kapal laut buat nyebrang mending ke sekupang,tolol pelabuhan tapi gak ada kapal laut buat nyebrang mending ke sekupang,tolol labuh gak kapal laut buat nyebrang mending kupang,LABEL_2
Harbour Bay Ferry Terminal,"Penumpang yang tidak memiliki tiket kelas bisnis dapat masuk dan naik feri bersama kami. Tidak ada sistem untuk memeriksa tiket dengan benar - buang-buang uang jika Anda membeli tiket Kelas Bisnis untuk memprioritaskan naik feri. Stafnya berantakan dan tidak teratur.

Salah satu staf memberi tahu kami (keluarga dengan bayi dan anak kecil) bahwa kami harus duduk di area umum terlebih dahulu, tidak perlu mengantre untuk masuk dulu dan mereka akan memanggil kami untuk memberi tahu kami bahwa kami dapat masuk. Tetapi pada akhirnya tidak ada yang melakukannya dan kami harus bergegas bergabung dengan antrean yang sudah terbentuk.

Toko-toko di sana cukup memadai untuk mengisi waktu kami sambil menunggu proses naik feri dimulai.",2 bintang,9 bulan lalu,"penumpang yang tidak memiliki tiket kelas bisnis dapat masuk dan naik feri bersama kami tidak ada sistem untuk memeriksa tiket dengan benar  buangbuang uang jika anda membeli tiket kelas bisnis untuk memprioritaskan naik feri stafnya berantakan dan tidak teratur

salah satu staf memberi tahu kami keluarga dengan bayi dan anak kecil bahwa kami harus duduk di area umum terlebih dahulu tidak perlu mengantre untuk masuk dulu dan mereka akan memanggil kami untuk memberi tahu kami bahwa kami dapat masuk tetapi pada akhirnya tidak ada yang melakukannya dan kami harus bergegas bergabung dengan antrean yang sudah terbentuk

tokotoko di sana cukup memadai untuk mengisi waktu kami sambil menunggu proses naik feri dimulai","penumpang yang tidak memiliki tiket kelas bisnis dapat masuk dan naik feri bersama kami tidak ada sistem untuk memeriksa tiket dengan benar  buangbuang uang jika anda membeli tiket kelas bisnis untuk memprioritaskan naik feri stafnya berantakan dan tidak teratur

salah satu staf memberi tahu kami keluarga dengan bayi dan anak kecil bahwa kami harus duduk di area umum terlebih dahulu tidak perlu mengantre untuk masuk dulu dan mereka akan memanggil kami untuk memberi tahu kami bahwa kami dapat masuk tetapi pada akhirnya tidak ada yang melakukannya dan kami harus bergegas bergabung dengan antrean yang sudah terbentuk

tokotoko di sana cukup memadai untuk mengisi waktu kami sambil menunggu proses naik feri dimulai",tumpang milik tiket kelas bisnis masuk naik feri sama tidak sistem periksa tiket benar buangbuang uang anda beli tiket kelas bisnis prioritas naik feri staf beranta tidak atur salah satu staf beri tahu keluarga bayi anak kecil duduk area umum lebih tidak perlu antre masuk dulu mereka panggil beri tahu bahwa dapat masuk pada akhir tidak ada laku kami gegas gabung antre sudah bentuk tokotoko sana cukup pada untuk isi waktu kami sambil tunggu proses naik feri mulai,LABEL_2
Harbour Bay Ferry Terminal,👍👍👍 …,5 bintang,3 tahun lalu,,,,LABEL_0
Harbour Bay Ferry Terminal,"Pelabuhan ferry habourbay melayani tujuan :
Singapore
Tanjung balai karimun
Tembilahan",5 bintang,3 tahun lalu,"pelabuhan ferry habourbay melayani tujuan 
singapore
tanjung balai karimun
tembilahan","pelabuhan ferry habourbay melayani tujuan 
singapore
tanjung balai karimun
tembilahan",labuh ferry habourbay layan tuju singapore tanjung balai karimun tembilahan,LABEL_1
Harbour Bay Ferry Terminal,"Bagus tapi petugas covid nya nyolot nauzubillah saat saya menanyakan surat edaran yang menyatakan anak di bawah umur 10 tahun wajib melampirkan surat kesehatan. Petugas menjawab; menanyakan surat edaran biar apa? Biar pintar ?. Disuruh ke agen tiket minta surat kesehatan untuk ponakan umur 9 tahun. Sudah ke agen tiket berkali kali tapi agen tiket nya menginformasi bahwa itu tidak benar, anak di atas 10 tahun baru wajib surat kesehatan. Sebelumnya keluar masuk batam dalam waktu dekat tidak ada masalah kecuali hari ini. Lucu nya petugas covid tidak bisa menjawab dan semakin nyolot kalo tidak ada surat tidak boleh keluar Batam naik ferry sampe manggil security untuk handle kita padahal saya cuma menanyakan surat edaran & menyampaikan informasi dari agen tiket. Security menyarankan ikutin saja perintah petugas covid. Agen tiket terpaksa menuliskan data ponakan saya tanpa cek tensi untuk mengeluarkan surat kesehatan demi mempercepat keadaan karena takut di tinggal kapal. Saya lupa nama petugas nya siapa. Tapi 2 perempuan yang satu pake kacamata yang paling nyolot yang bertugas hari ini tanggal 26/04/21 pukul 2:30 siang. Buat yang berpergian dengan anak di bawah 10 tahun, saya sarankan untuk mengumpulkan bukti edaran yang menyatakan anak di bawah 10 tahun wajib surat kesehatan saat hendak keluar area pulau batam. Jika suatu saat terjadi atau bertemu dengan petugas covid yang sama, bisa sebagai bukti.",1 bintang,5 tahun lalu,bagus tapi petugas covid nya nyolot nauzubillah saat saya menanyakan surat edaran yang menyatakan anak di bawah umur  tahun wajib melampirkan surat kesehatan petugas menjawab menanyakan surat edaran biar apa biar pintar  disuruh ke agen tiket minta surat kesehatan untuk ponakan umur  tahun sudah ke agen tiket berkali kali tapi agen tiket nya menginformasi bahwa itu tidak benar anak di atas  tahun baru wajib surat kesehatan sebelumnya keluar masuk batam dalam waktu dekat tidak ada masalah kecuali hari ini lucu nya petugas covid tidak bisa menjawab dan semakin nyolot kalo tidak ada surat tidak boleh keluar batam naik ferry sampe manggil security untuk handle kita padahal saya cuma menanyakan surat edaran  menyampaikan informasi dari agen tiket security menyarankan ikutin saja perintah petugas covid agen tiket terpaksa menuliskan data ponakan saya tanpa cek tensi untuk mengeluarkan surat kesehatan demi mempercepat keadaan karena takut di tinggal kapal saya lupa nama petugas nya siapa tapi  perempuan yang satu pake kacamata yang paling nyolot yang bertugas hari ini tanggal  pukul  siang buat yang berpergian dengan anak di bawah  tahun saya sarankan untuk mengumpulkan bukti edaran yang menyatakan anak di bawah  tahun wajib surat kesehatan saat hendak keluar area pulau batam jika suatu saat terjadi atau bertemu dengan petugas covid yang sama bisa sebagai bukti,bagus tapi petugas covid nya nyolot nauzubillah saat saya menanyakan surat edaran yang menyatakan anak di bawah umur  tahun wajib melampirkan surat kesehatan petugas menjawab menanyakan surat edaran biar apa biar pintar  disuruh ke agen tiket minta surat kesehatan untuk ponakan umur  tahun sudah ke agen tiket berkali kali tapi agen tiket nya menginformasi bahwa itu tidak benar anak di atas  tahun baru wajib surat kesehatan sebelumnya keluar masuk batam dalam waktu dekat tidak ada masalah kecuali hari ini lucu nya petugas covid tidak bisa menjawab dan semakin nyolot kalo tidak ada surat tidak boleh keluar batam naik ferry sampe manggil security untuk handle kita padahal saya cuma menanyakan surat edaran  menyampaikan informasi dari agen tiket security menyarankan ikutin saja perintah petugas covid agen tiket terpaksa menuliskan data ponakan saya tanpa cek tensi untuk mengeluarkan surat kesehatan demi mempercepat keadaan karena takut di tinggal kapal saya lupa nama petugas nya siapa tapi  perempuan yang satu pake kacamata yang paling nyolot yang bertugas hari ini tanggal  pukul  siang buat yang berpergian dengan anak di bawah  tahun saya sarankan untuk mengumpulkan bukti edaran yang menyatakan anak di bawah  tahun wajib surat kesehatan saat hendak keluar area pulau batam jika suatu saat terjadi atau bertemu dengan petugas covid yang sama bisa sebagai bukti,bagus tugas covid nya nyolot nauzubillah tanya surat edar nyata anak bawah umur tahun wajib lampir surat sehat tugas jawab tanya surat edar biar apa biar pintar suruh agen tiket minta surat sehat ponakan umur tahun ke agen tiket kali kali agen tiket nya informasi itu benar anak atas tahun baru wajib surat sehat belum keluar masuk batam waktu dekat ada masalah hari lucu nya tugas covid jawab makin nyolot kalo ada surat boleh keluar batam naik ferry sampe manggil security handle padahal cuma tanya surat edar sampai informasi agen tiket security saran ikutin perintah tugas covid agen tiket paksa tulis data ponakan tanpa cek tensi keluar surat sehat cepat ada takut tinggal kapal lupa nama tugas nya siapa perempuan satu pake kacamata paling nyolot tugas hari tanggal pukul siang buat pergi anak bawah tahun saya saran kumpul bukti edar nyata anak bawah tahun wajib surat sehat hendak keluar area pulau batam suatu jadi temu tugas covid sama bisa bagai bukti,LABEL_2
Harbour Bay Ferry Terminal,"Saya lebih suka terminal ini daripada Batam Centre. Proses imigrasi modern, ada pusat perbelanjaan yang menjual banyak produk dan makanan lokal. Namun, layanan Grab tidak tersedia di sini.",5 bintang,3 tahun lalu,saya lebih suka terminal ini daripada batam centre proses imigrasi modern ada pusat perbelanjaan yang menjual banyak produk dan makanan lokal namun layanan grab tidak tersedia di sini,saya lebih suka terminal ini daripada batam centre proses imigrasi modern ada pusat perbelanjaan yang menjual banyak produk dan makanan lokal namun layanan grab tidak tersedia di sini,lebih suka terminal daripada batam centre proses imigrasi modern pusat belanja jual banyak produk makan lokal layan grab sedia sini,LABEL_0
Harbour Bay Ferry Terminal,Tempat bgus.. Cma belum sempurna.. Ad sebagian bangunan blm selesai,4 bintang,6 tahun lalu,tempat bgus cma belum sempurna ad sebagian bangunan blm selesai,tempat bgus cma belum sempurna ad sebagian bangunan blm selesai,tempat bgus cma sempurna ad bagi bangun blm selesai,LABEL_0
Harbour Bay Ferry Terminal,Transportasinya tidak bebas,1 bintang,7 tahun lalu,transportasinya tidak bebas,transportasinya tidak bebas,transportasi bebas,LABEL_0
Harbour Bay Ferry Terminal,"Penanganan Bea Cukai yang Buruk & Proses Naik Kapal yang Tidak Terorganisir

Bea Cukai: Penumpang yang tiba dan berangkat menggunakan koridor luar yang sama tanpa pembatas, sehingga menimbulkan kebingungan. Petugas bea cukai mengelompokkan penumpang yang tiba dalam kelompok sekitar 10 orang untuk dua kali pemeriksaan anjing pelacak sebelum mengizinkan masuk ke imigrasi dalam ruangan. Proses ini terasa tidak efisien dan kurang terkelola dengan baik.

Operator Terminal Feri: Area tunggu tidak memiliki layar TV untuk jadwal naik kapal, sehingga menyebabkan kelompok penumpang tercampur. Antrian naik kapal menghalangi penumpang yang sedang menunggu, memperlambat seluruh proses. Pengorganisasian yang buruk mengakibatkan penundaan dan kebingungan yang tidak perlu. Diperlukan manajemen kerumunan yang lebih baik dan tampilan informasi yang jelas.",1 bintang,setahun lalu,"penanganan bea cukai yang buruk  proses naik kapal yang tidak terorganisir

bea cukai penumpang yang tiba dan berangkat menggunakan koridor luar yang sama tanpa pembatas sehingga menimbulkan kebingungan petugas bea cukai mengelompokkan penumpang yang tiba dalam kelompok sekitar  orang untuk dua kali pemeriksaan anjing pelacak sebelum mengizinkan masuk ke imigrasi dalam ruangan proses ini terasa tidak efisien dan kurang terkelola dengan baik

operator terminal feri area tunggu tidak memiliki layar tv untuk jadwal naik kapal sehingga menyebabkan kelompok penumpang tercampur antrian naik kapal menghalangi penumpang yang sedang menunggu memperlambat seluruh proses pengorganisasian yang buruk mengakibatkan penundaan dan kebingungan yang tidak perlu diperlukan manajemen kerumunan yang lebih baik dan tampilan informasi yang jelas","penanganan bea cukai yang buruk  proses naik kapal yang tidak terorganisir

bea cukai penumpang yang tiba dan berangkat menggunakan koridor luar yang sama tanpa pembatas sehingga menimbulkan kebingungan petugas bea cukai mengelompokkan penumpang yang tiba dalam kelompok sekitar  orang untuk dua kali pemeriksaan anjing pelacak sebelum mengizinkan masuk ke imigrasi dalam ruangan proses ini terasa tidak efisien dan kurang terkelola dengan baik

operator terminal feri area tunggu tidak memiliki layar tv untuk jadwal naik kapal sehingga menyebabkan kelompok penumpang tercampur antrian naik kapal menghalangi penumpang yang sedang menunggu memperlambat seluruh proses pengorganisasian yang buruk mengakibatkan penundaan dan kebingungan yang tidak perlu diperlukan manajemen kerumunan yang lebih baik dan tampilan informasi yang jelas",tangan bea cukai buruk proses naik kapal organisir bea cukai tumpang tiba berangkat guna koridor luar sama batas timbul bingung tugas bea cukai kelompok tumpang tiba kelompok orang dua kali periksa anjing lacak izin masuk imigrasi ruang proses asa efisien kurang kelola baik operator terminal feri area tunggu tidak milik layar tv jadwal naik kapal sebab kelompok tumpang campur antri naik kapal halang tumpang sedang tunggu lambat seluruh proses organisasi buruk akibat tunda bingung tidak perlu perlu manajemen kerumun lebih baik tampil informasi jelas,LABEL_2
Harbour Bay Ferry Terminal,"Kawasan Bisnis dan Pelabuhan yg terlengkap di Batam.
+ Bersih
+ Arsitektur Modern
+ Fasilitas Lengkap
+ Aman dan Nyaman
+ Pemandangan laut yg bagus
+ Setiap sudut bisa menjadi spot foto yg menarik dan indah.",5 bintang,5 tahun lalu,"kawasan bisnis dan pelabuhan yg terlengkap di batam
 bersih
 arsitektur modern
 fasilitas lengkap
 aman dan nyaman
 pemandangan laut yg bagus
 setiap sudut bisa menjadi spot foto yg menarik dan indah","kawasan bisnis dan pelabuhan yg terlengkap di batam
 bersih
 arsitektur modern
 fasilitas lengkap
 aman dan nyaman
 pemandangan laut yg bagus
 setiap sudut bisa menjadi spot foto yg menarik dan indah",kawasan bisnis labuh yg lengkap batam bersih arsitektur modern fasilitas lengkap aman nyaman pandang laut yg bagus sudut jadi spot foto yg tarik indah,LABEL_0
Harbour Bay Ferry Terminal,"Tempat yang bagus untuk duduk di sini, memandang air, bersantai, dan merasakan semilir angin. Suasana malamnya juga menakjubkan.",4 bintang,8 tahun lalu,tempat yang bagus untuk duduk di sini memandang air bersantai dan merasakan semilir angin suasana malamnya juga menakjubkan,tempat yang bagus untuk duduk di sini memandang air bersantai dan merasakan semilir angin suasana malamnya juga menakjubkan,tempat bagus duduk sini pandang air santa rasa milir angin suasana malam takjub,LABEL_0
Harbour Bay Ferry Terminal,"Salah satu terminal feri menuju Batam. Tidak terlalu berawan. Jadi tidak ada antrian panjang di hari kerja. Terminalnya terawat dengan baik.. banyak warung makan di sekitarnya, ada banyak warung yang menjual kek lapis favorit..",4 bintang,2 tahun lalu,salah satu terminal feri menuju batam tidak terlalu berawan jadi tidak ada antrian panjang di hari kerja terminalnya terawat dengan baik banyak warung makan di sekitarnya ada banyak warung yang menjual kek lapis favorit,salah satu terminal feri menuju batam tidak terlalu berawan jadi tidak ada antrian panjang di hari kerja terminalnya terawat dengan baik banyak warung makan di sekitarnya ada banyak warung yang menjual kek lapis favorit,salah satu terminal feri tuju batam terlalu awan jadi antri panjang hari kerja terminal awat baik banyak warung makan sekitar ada banyak warung jual kek lapis favorit,LABEL_0
Harbour Bay Ferry Terminal,"Di dalam lumayan rapi dan adem di luar ga lebih baik dari terminal bis, semrawut, penunjuk arah kurang. 🙈 …",2 bintang,7 tahun lalu,di dalam lumayan rapi dan adem di luar ga lebih baik dari terminal bis semrawut penunjuk arah kurang,di dalam lumayan rapi dan adem di luar ga lebih baik dari terminal bis semrawut penunjuk arah kurang,dalam lumayan rapi adem luar ga lebih baik terminal bis semrawut tunjuk arah kurang,LABEL_0
Harbour Bay Ferry Terminal,AC di lantai atas masih belum diperbaiki. Pelayanan buruk. Tidak sempat menikmati pemandangan perahu di lantai atas. Sama sekali tidak direkomendasikan.,1 bintang,2 tahun lalu,ac di lantai atas masih belum diperbaiki pelayanan buruk tidak sempat menikmati pemandangan perahu di lantai atas sama sekali tidak direkomendasikan,ac di lantai atas masih belum diperbaiki pelayanan buruk tidak sempat menikmati pemandangan perahu di lantai atas sama sekali tidak direkomendasikan,ac lantai atas belum baik layan buruk sempat nikmat pandang perahu lantai atas sama sekali rekomendasi,LABEL_2
Harbour Bay Ferry Terminal,"Masih dalam tahap pembangunan sehingga beberapa fasilitas belum beroperasi. Cukup banyak pembangunan yang sedang berlangsung di area tersebut, sehingga sebagian besar mal dan hotel yang berada tepat di sebelah terminal belum mulai beroperasi. Lebih tenang daripada Batam Central, sehingga antrean tidak terlalu menjadi masalah.",4 bintang,7 tahun lalu,masih dalam tahap pembangunan sehingga beberapa fasilitas belum beroperasi cukup banyak pembangunan yang sedang berlangsung di area tersebut sehingga sebagian besar mal dan hotel yang berada tepat di sebelah terminal belum mulai beroperasi lebih tenang daripada batam central sehingga antrean tidak terlalu menjadi masalah,masih dalam tahap pembangunan sehingga beberapa fasilitas belum beroperasi cukup banyak pembangunan yang sedang berlangsung di area tersebut sehingga sebagian besar mal dan hotel yang berada tepat di sebelah terminal belum mulai beroperasi lebih tenang daripada batam central sehingga antrean tidak terlalu menjadi masalah,dalam tahap bangun beberapa fasilitas operasi cukup banyak bangun sedang langsung area sebut bagi besar mal hotel ada tepat belah terminal mulai operasi lebih tenang batam central antre terlalu jadi masalah,LABEL_2
Harbour Bay Ferry Terminal,rapi dan bersih,5 bintang,7 tahun lalu,rapi dan bersih,rapi dan bersih,rapi bersih,LABEL_0
Harbour Bay Ferry Terminal,"Terminal feri yang sangat bagus. Tampilannya sangat modern, bahkan lebih bagus daripada terminal feri di tepi pelabuhan.",5 bintang,7 tahun lalu,terminal feri yang sangat bagus tampilannya sangat modern bahkan lebih bagus daripada terminal feri di tepi pelabuhan,terminal feri yang sangat bagus tampilannya sangat modern bahkan lebih bagus daripada terminal feri di tepi pelabuhan,terminal feri sangat bagus tampil sangat modern bahkan lebih bagus terminal feri tepi labuh,LABEL_0
Harbour Bay Ferry Terminal,Tempat asri dan bersih,5 bintang,setahun lalu,tempat asri dan bersih,tempat asri dan bersih,tempat asri bersih,LABEL_0
Harbour Bay Ferry Terminal,Tempat pelabuhan ferry ke tanjung balai dan singapore serta malaysis.byk makanan di sini,3 bintang,8 tahun lalu,tempat pelabuhan ferry ke tanjung balai dan singapore serta malaysisbyk makanan di sini,tempat pelabuhan ferry ke tanjung balai dan singapore serta malaysisbyk makanan di sini,tempat labuh ferry tanjung balai singapore malaysisbyk makan sini,LABEL_0
Harbour Bay Ferry Terminal,Pelabuhan domestik dibatam yang banyak digunakan oleh turis lokal dan luar negeri,5 bintang,6 tahun lalu,pelabuhan domestik dibatam yang banyak digunakan oleh turis lokal dan luar negeri,pelabuhan domestik dibatam yang banyak digunakan oleh turis lokal dan luar negeri,labuh domestik dibatam banyak guna turis lokal luar negeri,LABEL_1
Harbour Bay Ferry Terminal,Mall nya megah,5 bintang,setahun lalu,mall nya megah,mall nya megah,mall nya megah,LABEL_0
Harbour Bay Ferry Terminal,Mak nyuss,5 bintang,4 tahun lalu,mak nyuss,mak nyuss,mak nyuss,LABEL_0
Harbour Bay Ferry Terminal,Sangat menyenangkan kalau mau menyeberang ke pulau pulau di sekitar Pulau Batam,4 bintang,8 tahun lalu,sangat menyenangkan kalau mau menyeberang ke pulau pulau di sekitar pulau batam,sangat menyenangkan kalau mau menyeberang ke pulau pulau di sekitar pulau batam,sangat senang kalau mau seberang pulau pulau sekitar pulau batam,LABEL_0
Harbour Bay Ferry Terminal,Penumpang ga diizinin masuk keruang tunggu sampe kapalnya udah nyandar di pelabuhan,3 bintang,7 tahun lalu,penumpang ga diizinin masuk keruang tunggu sampe kapalnya udah nyandar di pelabuhan,penumpang ga diizinin masuk keruang tunggu sampe kapalnya udah nyandar di pelabuhan,tumpang ga diizinin masuk ruang tunggu sampe kapal udah nyandar labuh,LABEL_2
Harbour Bay Ferry Terminal,Bagus,5 bintang,setahun lalu,bagus,bagus,bagus,LABEL_0
Harbour Bay Ferry Terminal,"Salah satu terminal feri yang bagus di Pulau Batam, berpenampilan modern dan terawat dengan baik, terhubung dengan banyak toko dan food court.",5 bintang,5 bulan lalu,salah satu terminal feri yang bagus di pulau batam berpenampilan modern dan terawat dengan baik terhubung dengan banyak toko dan food court,salah satu terminal feri yang bagus di pulau batam berpenampilan modern dan terawat dengan baik terhubung dengan banyak toko dan food court,salah satu terminal feri bagus pulau batam tampil modern awat baik hubung banyak toko food court,LABEL_0
Harbour Bay Ferry Terminal,Sayang taksi online tak bisa jemput penumpang didalam lokasi,5 bintang,5 tahun lalu,sayang taksi online tak bisa jemput penumpang didalam lokasi,sayang taksi online tak bisa jemput penumpang didalam lokasi,sayang taksi online tak jemput tumpang dalam lokasi,LABEL_1
Harbour Bay Ferry Terminal,Terminal feri Harbour Bay mulai beroperasi kembali setelah 2 tahun...,5 bintang,4 tahun lalu,terminal feri harbour bay mulai beroperasi kembali setelah  tahun,terminal feri harbour bay mulai beroperasi kembali setelah  tahun,terminal feri harbour bay mulai operasi telah tahun,LABEL_1
Harbour Bay Ferry Terminal,Tempatnya cantik,5 bintang,4 tahun lalu,tempatnya cantik,tempatnya cantik,tempat cantik,LABEL_0
Harbour Bay Ferry Terminal,Siip,4 bintang,3 tahun lalu,siip,siip,siip,LABEL_2
Harbour Bay Ferry Terminal,"New Harbour Bay dengan pusat perbelanjaan, tempat makan, dan akomodasi yang lengkap. Objek wisata baru dengan terminal feri baru pasti menjadi daya tarik utama bagi para pengunjung 😀 …",4 bintang,7 tahun lalu,new harbour bay dengan pusat perbelanjaan tempat makan dan akomodasi yang lengkap objek wisata baru dengan terminal feri baru pasti menjadi daya tarik utama bagi para pengunjung,new harbour bay dengan pusat perbelanjaan tempat makan dan akomodasi yang lengkap objek wisata baru dengan terminal feri baru pasti menjadi daya tarik utama bagi para pengunjung,new harbour bay pusat belanja tempat makan akomodasi lengkap objek wisata baru terminal feri baru jadi daya tarik utama para unjung,LABEL_0
Harbour Bay Ferry Terminal,Sedih melihat tempat yang bagus namun terbengkalai dan tidak terawat dengan baik...,3 bintang,2 tahun lalu,sedih melihat tempat yang bagus namun terbengkalai dan tidak terawat dengan baik,sedih melihat tempat yang bagus namun terbengkalai dan tidak terawat dengan baik,sedih lihat tempat bagus bengkalai tidak awat baik,LABEL_2
Harbour Bay Ferry Terminal,Cukup nyaman,5 bintang,5 tahun lalu,cukup nyaman,cukup nyaman,cukup nyaman,LABEL_0
Harbour Bay Ferry Terminal,Lantai 2 nya panas,1 bintang,setahun lalu,lantai  nya panas,lantai  nya panas,lantai nya panas,LABEL_2
Harbour Bay Ferry Terminal,"Tempat yang bagus, jalannya mudah dipahami dan tempat pembelian tiketnya juga mudah.",5 bintang,4 tahun lalu,tempat yang bagus jalannya mudah dipahami dan tempat pembelian tiketnya juga mudah,tempat yang bagus jalannya mudah dipahami dan tempat pembelian tiketnya juga mudah,tempat bagus jalan mudah paham tempat beli tiket mudah,LABEL_0
Harbour Bay Ferry Terminal,Pelabuhan laut yg nyaman dan mudah dijangkau,4 bintang,7 tahun lalu,pelabuhan laut yg nyaman dan mudah dijangkau,pelabuhan laut yg nyaman dan mudah dijangkau,labuh laut yg nyaman mudah jangkau,LABEL_0
Harbour Bay Ferry Terminal,"Sangat ramai saat akhir pekan. Antriannya terlalu panjang sampai pinggangku mau patah. Pos pemeriksaan imigrasi kecil. AC-nya tidak terlalu bagus. Untungnya musim hujan, jadi tidak terlalu panas.",3 bintang,6 tahun lalu,sangat ramai saat akhir pekan antriannya terlalu panjang sampai pinggangku mau patah pos pemeriksaan imigrasi kecil acnya tidak terlalu bagus untungnya musim hujan jadi tidak terlalu panas,sangat ramai saat akhir pekan antriannya terlalu panjang sampai pinggangku mau patah pos pemeriksaan imigrasi kecil acnya tidak terlalu bagus untungnya musim hujan jadi tidak terlalu panas,sangat ramai akhir pekan antri terlalu panjang pinggang mau patah pos periksa imigrasi kecil acnya terlalu bagus untung musim hujan jadi terlalu panas,LABEL_2
Harbour Bay Ferry Terminal,"Imigrasi cukup efisien dan cepat. Titik penjemputan Grab agak jauh, terutama jika membawa koper. Saya sarankan belok kiri setelah keluar dari imigrasi dan bea cukai. Jalan kaki 30 detik dan Anda akan sampai di lobi basement hotel Marriott. Naik lift ke lantai 1, pesan Grab Anda, dan bersantai di ruangan ber-AC sambil menunggu penjemputan.",5 bintang,2 tahun lalu,imigrasi cukup efisien dan cepat titik penjemputan grab agak jauh terutama jika membawa koper saya sarankan belok kiri setelah keluar dari imigrasi dan bea cukai jalan kaki  detik dan anda akan sampai di lobi basement hotel marriott naik lift ke lantai  pesan grab anda dan bersantai di ruangan berac sambil menunggu penjemputan,imigrasi cukup efisien dan cepat titik penjemputan grab agak jauh terutama jika membawa koper saya sarankan belok kiri setelah keluar dari imigrasi dan bea cukai jalan kaki  detik dan anda akan sampai di lobi basement hotel marriott naik lift ke lantai  pesan grab anda dan bersantai di ruangan berac sambil menunggu penjemputan,imigrasi cukup efisien cepat titik jemput grab jauh utama bawa koper saran belok kiri keluar imigrasi bea cukai jalan kaki detik sampai lobi basement hotel marriott naik lift lantai pesan grab anda dan santa ruang berac tunggu jemput,LABEL_1
Harbour Bay Ferry Terminal,Kurangnya petunjuk.,3 bintang,7 tahun lalu,kurangnya petunjuk,kurangnya petunjuk,kurang tunjuk,LABEL_2
Harbour Bay Ferry Terminal,Batam,5 bintang,Diedit 7 tahun lalu,batam,batam,batam,LABEL_1
Harbour Bay Ferry Terminal,"Ruang tunggu terlalu kecil, tidak layak, dan tidak selalu buka. Layanan imigrasi tidak selalu tersedia. Desain ruang tunggu sangat buruk/bodoh karena mereka menempatkan ruang merokok di dalam ruang tunggu. Asap rokoknya sangat menyengat!!",2 bintang,setahun lalu,ruang tunggu terlalu kecil tidak layak dan tidak selalu buka layanan imigrasi tidak selalu tersedia desain ruang tunggu sangat burukbodoh karena mereka menempatkan ruang merokok di dalam ruang tunggu asap rokoknya sangat menyengat,ruang tunggu terlalu kecil tidak layak dan tidak selalu buka layanan imigrasi tidak selalu tersedia desain ruang tunggu sangat burukbodoh karena mereka menempatkan ruang merokok di dalam ruang tunggu asap rokoknya sangat menyengat,ruang tunggu terlalu kecil layak selalu buka layan imigrasi tidak selalu sedia desain ruang tunggu sangat burukbodoh mereka tempat ruang rokok dalam ruang tunggu asap rokok sangat sengat,LABEL_2
Harbour Bay Ferry Terminal,"Ada beberapa ferry di tempat ini, sebelum covid digunakan untuk menyeberang ke SG.",5 bintang,4 tahun lalu,ada beberapa ferry di tempat ini sebelum covid digunakan untuk menyeberang ke sg,ada beberapa ferry di tempat ini sebelum covid digunakan untuk menyeberang ke sg,beberapa ferry tempat belum covid guna seberang sg,LABEL_1
Harbour Bay Ferry Terminal,Tempatnya bagus dan ramah tamah penduduknya,5 bintang,5 tahun lalu,tempatnya bagus dan ramah tamah penduduknya,tempatnya bagus dan ramah tamah penduduknya,tempat bagus ramah tamah duduk,LABEL_0
Harbour Bay Ferry Terminal,Mau ke Tanjung Balai Jarimun..masih teringat ama harbour bay,5 bintang,5 tahun lalu,mau ke tanjung balai jarimunmasih teringat ama harbour bay,mau ke tanjung balai jarimunmasih teringat ama harbour bay,mau tanjung balai jarimunmasih ingat ama harbour bay,LABEL_1
Harbour Bay Ferry Terminal,Keren dahh,5 bintang,8 tahun lalu,keren dahh,keren dahh,keren dahh,LABEL_0
Harbour Bay Ferry Terminal,"Tempatnya bagus.
sayang sampah masih banyak dilaut",5 bintang,setahun lalu,"tempatnya bagus
sayang sampah masih banyak dilaut","tempatnya bagus
sayang sampah masih banyak dilaut",tempat bagus sayang sampah banyak laut,LABEL_0
Harbour Bay Ferry Terminal,Suka view seberang nya,5 bintang,4 tahun lalu,suka view seberang nya,suka view seberang nya,suka view seberang nya,LABEL_0
Harbour Bay Ferry Terminal,Pelabuhan penumpang yang maau ke singapura,4 bintang,7 tahun lalu,pelabuhan penumpang yang maau ke singapura,pelabuhan penumpang yang maau ke singapura,labuh tumpang maau singapura,LABEL_1
Harbour Bay Ferry Terminal,"Tempat ini menarik. Ada tempat makan setelah prosedur bea cukai. Butuh waktu untuk memproses bagasi dari feri karena mesin pemindai yang sama digunakan untuk bagasi kabin.
Ada tempat penukaran mata uang di sini.
Pastikan untuk naik taksi keluar dari kompleks. Berjalan kaki keluar dari kompleks membutuhkan waktu cukup lama dan mengarah ke jalan utama yang berbahaya untuk diseberangi.",3 bintang,3 tahun lalu,"tempat ini menarik ada tempat makan setelah prosedur bea cukai butuh waktu untuk memproses bagasi dari feri karena mesin pemindai yang sama digunakan untuk bagasi kabin
ada tempat penukaran mata uang di sini
pastikan untuk naik taksi keluar dari kompleks berjalan kaki keluar dari kompleks membutuhkan waktu cukup lama dan mengarah ke jalan utama yang berbahaya untuk diseberangi","tempat ini menarik ada tempat makan setelah prosedur bea cukai butuh waktu untuk memproses bagasi dari feri karena mesin pemindai yang sama digunakan untuk bagasi kabin
ada tempat penukaran mata uang di sini
pastikan untuk naik taksi keluar dari kompleks berjalan kaki keluar dari kompleks membutuhkan waktu cukup lama dan mengarah ke jalan utama yang berbahaya untuk diseberangi",tempat tarik tempat makan prosedur bea cukai butuh waktu proses bagasi feri mesin pindai sama guna bagasi kabin ada tempat tukar mata uang sini pasti naik taksi keluar kompleks jalan kaki keluar kompleks butuh waktu cukup lama arah jalan utama bahaya rang,LABEL_2
Harbour Bay Ferry Terminal,"Keren tempat nya bagus, cuman mall nya dah mati dan juga jauh kalau mau ambil grab atau gojek dari pelabuhan",5 bintang,Diedit 5 tahun lalu,keren tempat nya bagus cuman mall nya dah mati dan juga jauh kalau mau ambil grab atau gojek dari pelabuhan,keren tempat nya bagus cuman mall nya dah mati dan juga jauh kalau mau ambil grab atau gojek dari pelabuhan,keren tempat nya bagus cuman mall nya dah mati juga jauh kalau mau ambil grab gojek labuh,LABEL_0
Harbour Bay Ferry Terminal,Beli tiketnya mudah. Tempat nunggunya juga nyaman. Masuk ke kapalnya juga ga rebutan.,5 bintang,2 tahun lalu,beli tiketnya mudah tempat nunggunya juga nyaman masuk ke kapalnya juga ga rebutan,beli tiketnya mudah tempat nunggunya juga nyaman masuk ke kapalnya juga ga rebutan,beli tiket mudah tempat nunggunya nyaman masuk kapal ga rebut,LABEL_0
Harbour Bay Ferry Terminal,"Salah satu pelabuhan ferry internasional terbaik saat ini di Batam, Port ini sudah menerapkan Auto Gate seperti di Singapura. Tempatnya dekat dengan banyak hotel di area Harbour bay. Didalamnya juga ada tempat nongkrong Starbucks dan Morning bakery",5 bintang,6 tahun lalu,salah satu pelabuhan ferry internasional terbaik saat ini di batam port ini sudah menerapkan auto gate seperti di singapura tempatnya dekat dengan banyak hotel di area harbour bay didalamnya juga ada tempat nongkrong starbucks dan morning bakery,salah satu pelabuhan ferry internasional terbaik saat ini di batam port ini sudah menerapkan auto gate seperti di singapura tempatnya dekat dengan banyak hotel di area harbour bay didalamnya juga ada tempat nongkrong starbucks dan morning bakery,salah satu labuh ferry internasional baik batam port ini sudah terap auto gate singapura tempat dekat banyak hotel di area harbour bay dalam ada tempat nongkrong starbucks morning bakery,LABEL_0
Harbour Bay Ferry Terminal,Sore hari suasanya lebih adem.. dengan pemandangan lampu2 restoran juga hotel..,5 bintang,6 tahun lalu,sore hari suasanya lebih adem dengan pemandangan lampu restoran juga hotel,sore hari suasanya lebih adem dengan pemandangan lampu restoran juga hotel,sore hari suasa lebih adem pandang lampu restoran hotel,LABEL_0
Harbour Bay Ferry Terminal,Pelabuhannya sudah tertata dengan baik.,4 bintang,8 tahun lalu,pelabuhannya sudah tertata dengan baik,pelabuhannya sudah tertata dengan baik,labuh tata baik,LABEL_2
Harbour Bay Ferry Terminal,Sepi sejak pandemi,3 bintang,4 tahun lalu,sepi sejak pandemi,sepi sejak pandemi,sepi sejak pandemi,LABEL_2
Harbour Bay Ferry Terminal,"Harbour bay ferry merupakan terminal penyeberangan transportasi ferry yang berada di pusat kota Batam. Didaerah ini juga banyak pusat perbelanjaan kota Batam maupun banyak tempat kuliner dan tempat nongkrong.
Tempat cukup nyaman dan bersih, pelayanan baik.",5 bintang,4 tahun lalu,"harbour bay ferry merupakan terminal penyeberangan transportasi ferry yang berada di pusat kota batam didaerah ini juga banyak pusat perbelanjaan kota batam maupun banyak tempat kuliner dan tempat nongkrong
tempat cukup nyaman dan bersih pelayanan baik","harbour bay ferry merupakan terminal penyeberangan transportasi ferry yang berada di pusat kota batam didaerah ini juga banyak pusat perbelanjaan kota batam maupun banyak tempat kuliner dan tempat nongkrong
tempat cukup nyaman dan bersih pelayanan baik",harbour bay ferry rupa terminal seberang transportasi ferry ada pusat kota batam daerah juga banyak pusat belanja kota batam maupun banyak tempat kuliner tempat nongkrong tempat cukup nyaman bersih layan baik,LABEL_0
Harbour Bay Ferry Terminal,Tugas pam lebaran,4 bintang,4 tahun lalu,tugas pam lebaran,tugas pam lebaran,tugas pam lebaran,LABEL_1
Harbour Bay Ferry Terminal,Banyak maling di parkiran,1 bintang,7 tahun lalu,banyak maling di parkiran,banyak maling di parkiran,banyak maling parkir,LABEL_2
Harbour Bay Ferry Terminal,"Bersih dan melihat area terbuka di sekitar, nyaman dengan ruang publik, toko makanan, tempat nongkrong yang bagus, bersepeda dan jogging juga.",4 bintang,Diedit 5 tahun lalu,bersih dan melihat area terbuka di sekitar nyaman dengan ruang publik toko makanan tempat nongkrong yang bagus bersepeda dan jogging juga,bersih dan melihat area terbuka di sekitar nyaman dengan ruang publik toko makanan tempat nongkrong yang bagus bersepeda dan jogging juga,bersih lihat area buka sekitar nyaman ruang publik toko makan tempat nongkrong bagus sepeda jogging,LABEL_0
Harbour Bay Ferry Terminal,"Lumayan bagus, bersih, dan banyak jajanan oleh2 gitu. Kesini bisa pake taksi atau transBatam",5 bintang,8 tahun lalu,lumayan bagus bersih dan banyak jajanan oleh gitu kesini bisa pake taksi atau transbatam,lumayan bagus bersih dan banyak jajanan oleh gitu kesini bisa pake taksi atau transbatam,lumayan bagus bersih banyak jajan gitu kesini pake taksi transbatam,LABEL_0
Harbour Bay Ferry Terminal,Oke,3 bintang,3 tahun lalu,oke,membatasi,batas,LABEL_2
Harbour Bay Ferry Terminal,👍 …,5 bintang,4 tahun lalu,,,,LABEL_0
Harbour Bay Ferry Terminal,"Tempatnya santai, ditepi laut",3 bintang,6 tahun lalu,tempatnya santai ditepi laut,tempatnya santai ditepi laut,tempat santai tepi laut,LABEL_0
Harbour Bay Ferry Terminal,"Tempatnya bagus dan ada mal serta hotel juga di dekatnya, dekat dengan makanan laut dan laut, jadi direkomendasikan untuk para pelancong.",5 bintang,Diedit 3 tahun lalu,tempatnya bagus dan ada mal serta hotel juga di dekatnya dekat dengan makanan laut dan laut jadi direkomendasikan untuk para pelancong,tempatnya bagus dan ada mal serta hotel juga di dekatnya dekat dengan makanan laut dan laut jadi direkomendasikan untuk para pelancong,tempat bagus ada mal hotel di dekat dekat makan laut laut jadi rekomendasi para lancong,LABEL_0
Harbour Bay Ferry Terminal,"Korupsi 🐀 Saya membayar tambahan Rp80.000 untuk bagasi saya. Mereka bilang jika bagasi saya melebihi 20kg, saya harus membayar Rp50.000/kg, jadi saya membayar Rp100.000 dan baru menyadari saya hanya perlu membayar Rp20.000 💀 Hati-hati semuanya! …",1 bintang,11 bulan lalu,korupsi  saya membayar tambahan rp untuk bagasi saya mereka bilang jika bagasi saya melebihi kg saya harus membayar rpkg jadi saya membayar rp dan baru menyadari saya hanya perlu membayar rp  hatihati semuanya,korupsi  saya membayar tambahan rp untuk bagasi saya mereka bilang jika bagasi saya melebihi kg saya harus membayar rpkg jadi saya membayar rp dan baru menyadari saya hanya perlu membayar rp  hatihati semuanya,korupsi bayar tambah rp bagasi mereka bilang bagasi lebih kg harus bayar rpkg jadi bayar rp baru sadar hanya perlu bayar rp hatihati semua,LABEL_2
Harbour Bay Ferry Terminal,Banyak restaurant dan hotel di area ini,5 bintang,3 tahun lalu,banyak restaurant dan hotel di area ini,banyak restaurant dan hotel di area ini,banyak restaurant hotel area,LABEL_1
Harbour Bay Ferry Terminal,Ini pilihan saya dibandingkan dengan terminal feri Batam Centre yang sangat ramai. Di sini lebih sepi dan transaksinya lancar.,5 bintang,6 bulan lalu,ini pilihan saya dibandingkan dengan terminal feri batam centre yang sangat ramai di sini lebih sepi dan transaksinya lancar,ini pilihan saya dibandingkan dengan terminal feri batam centre yang sangat ramai di sini lebih sepi dan transaksinya lancar,pilih banding terminal feri batam centre sangat ramai sini lebih sepi transaksi lancar,LABEL_2
Harbour Bay Ferry Terminal,"Terminal yang bersih dan dekat dengan pusat kota. Saya suka karena tidak terlalu ramai dan ber-AC dengan nyaman.

Kartu SIM dapat ditemukan di terminal.",5 bintang,8 tahun lalu,"terminal yang bersih dan dekat dengan pusat kota saya suka karena tidak terlalu ramai dan berac dengan nyaman

kartu sim dapat ditemukan di terminal","terminal yang bersih dan dekat dengan pusat kota saya suka karena tidak terlalu ramai dan berac dengan nyaman

kartu sim dapat ditemukan di terminal",terminal bersih dekat pusat kota suka tidak terlalu ramai berac nyaman kartu sim temu terminal,LABEL_0
Harbour Bay Ferry Terminal,"Perjalanan singkat ke Batam (pijat, belanja, makan) dan naik feri kembali ke Singapura!",3 bintang,8 tahun lalu,perjalanan singkat ke batam pijat belanja makan dan naik feri kembali ke singapura,perjalanan singkat ke batam pijat belanja makan dan naik feri kembali ke singapura,jalan singkat batam pijat belanja makan naik feri ke singapura,LABEL_1
Harbour Bay Ferry Terminal,"Salah satu pelabuhan penyeberangan utama di Batam selain pelabuhan Sekupang. Sebelum pandemi, pelabuhan ini sangat ramai baik oleh penumpang maupu  oleh aktivitas bisnis dan wisata.

Namun setelah pandemi, layanan pelabuhan ini sepeti kolaps, servis tetap berjalan namun sangat minim. Penerangan kurang, eskalator mati (mgkin utk penghematan) and the worse is toilet, jorok, rusak & tidak ada petugas yg membersihkan (yes, the 3 star is for the toilet).

Oh ya..selama pandemi jadwal penyeberangan ke TBK menjadi 3 kali sehari yaitu jam 09.00, 15.00 dan 17.00.",3 bintang,5 tahun lalu,"salah satu pelabuhan penyeberangan utama di batam selain pelabuhan sekupang sebelum pandemi pelabuhan ini sangat ramai baik oleh penumpang maupu  oleh aktivitas bisnis dan wisata

namun setelah pandemi layanan pelabuhan ini sepeti kolaps servis tetap berjalan namun sangat minim penerangan kurang eskalator mati mgkin utk penghematan and the worse is toilet jorok rusak  tidak ada petugas yg membersihkan yes the  star is for the toilet

oh yaselama pandemi jadwal penyeberangan ke tbk menjadi  kali sehari yaitu jam   dan","salah satu pelabuhan penyeberangan utama di batam selain pelabuhan sekupang sebelum pandemi pelabuhan ini sangat ramai baik oleh penumpang maupu  oleh aktivitas bisnis dan wisata

namun setelah pandemi layanan pelabuhan ini sepeti kolaps servis tetap berjalan namun sangat minim penerangan kurang eskalator mati mgkin utk penghematan and the worse is toilet jorok rusak  tidak ada petugas yg membersihkan yes the  star is for the toilet

oh yaselama pandemi jadwal penyeberangan ke tbk menjadi  kali sehari yaitu jam   dan",salah satu labuh seberang utama batam labuh kupang pandemi labuh sangat ramai baik tumpang maupu aktivitas bisnis wisata namun pandemi layan labuh sepet kolaps servis tetap jalan sangat minim terang kurang eskalator mati mgkin utk hemat and the worse is toilet jorok rusak ada tugas yg bersih yes the star is for the toilet oh yaselama pandemi jadwal seberang tbk jadi kali hari jam,LABEL_2
Harbour Bay Ferry Terminal,"Pertama kalinya saya ke pelabuhan ini, saat akan berpergian ke kabupaten Karimun Kepri, pelabuhan nya bagus bersih",5 bintang,3 tahun lalu,pertama kalinya saya ke pelabuhan ini saat akan berpergian ke kabupaten karimun kepri pelabuhan nya bagus bersih,pertama kalinya saya ke pelabuhan ini saat akan berpergian ke kabupaten karimun kepri pelabuhan nya bagus bersih,pertama kali labuh saat pergi ke kabupaten karimun kepri labuh nya bagus bersih,LABEL_0
Harbour Bay Ferry Terminal,"Lumayan bersih dan besar. Bagian depannya jg mulai ditata bagus. Cari taxi gampang, hotel bisa lsg jalan kaki.",4 bintang,8 tahun lalu,lumayan bersih dan besar bagian depannya jg mulai ditata bagus cari taxi gampang hotel bisa lsg jalan kaki,lumayan bersih dan besar bagian depannya jg mulai ditata bagus cari taxi gampang hotel bisa lsg jalan kaki,lumayan bersih besar bagi depan jg mulai tata bagus cari taxi gampang hotel lsg jalan kaki,LABEL_0
Harbour Bay Ferry Terminal,Tempat yang bagus untuk melihat matahari terbenam ✨,4 bintang,5 tahun lalu,tempat yang bagus untuk melihat matahari terbenam,tempat yang bagus untuk melihat matahari terbenam,tempat bagus lihat matahari benam,LABEL_0
Harbour Bay Ferry Terminal,"Tidak terlalu ramai. Saya sangat menyukai Roti'O di sana. Setelah keluar dari feri, ada banyak warung makan yang menjual berbagai macam makanan. Banyak hotel di dekatnya, banyak pilihan yang bisa dijangkau dengan berjalan kaki.",5 bintang,7 tahun lalu,tidak terlalu ramai saya sangat menyukai rotio di sana setelah keluar dari feri ada banyak warung makan yang menjual berbagai macam makanan banyak hotel di dekatnya banyak pilihan yang bisa dijangkau dengan berjalan kaki,tidak terlalu ramai saya sangat menyukai rotio di sana setelah keluar dari feri ada banyak warung makan yang menjual berbagai macam makanan banyak hotel di dekatnya banyak pilihan yang bisa dijangkau dengan berjalan kaki,terlalu ramai sangat suka rotio sana keluar feri banyak warung makan jual bagai macam makan banyak hotel dekat banyak pilih bisa jangkau jalan kaki,LABEL_0
Harbour Bay Ferry Terminal,pelabuah  international dekat dengan hotel,5 bintang,4 tahun lalu,pelabuah  international dekat dengan hotel,pelabuah  international dekat dengan hotel,pelabuah international dekat hotel,LABEL_1
Harbour Bay Ferry Terminal,"Pelayanannya kurang.

Tgl 9 Maret 2025, pukul 12.30 tujuan tanjung balai Karimun. Saya ada minta tolong kepada petugas penjaga X-ray untuk angkut koper saya, karena keadaan saya lagi hamil dan koper saya berat. Tapi responnya malah menyuruh saya tarok hp. Maksudnya gimana? Kan tas kecil pun udah masuk ke X-Ray, baju atau celana saya ga ada koceknya. Misal saya tarok hp pun, apakah saya bisa angkut koper saya yg lumayan berat itu untuk di X-RAY?.

Padahal petugasnya laki2. Apa karena saya hamil muda dan perut saya ga keliatan besar? Atau karena petugas, bukan tukang angkut?

Karena masnya, saya lemes dan mau jatuh saat masuk kapal. Untuk crew kapalnya baik mau bantuin saya.

Buat masnya semoga nanti istrimu diperlakukan hal yang serupa di transportasi umum yaa 😊",1 bintang,4 bulan lalu,"pelayanannya kurang

tgl  maret  pukul  tujuan tanjung balai karimun saya ada minta tolong kepada petugas penjaga xray untuk angkut koper saya karena keadaan saya lagi hamil dan koper saya berat tapi responnya malah menyuruh saya tarok hp maksudnya gimana kan tas kecil pun udah masuk ke xray baju atau celana saya ga ada koceknya misal saya tarok hp pun apakah saya bisa angkut koper saya yg lumayan berat itu untuk di xray

padahal petugasnya laki apa karena saya hamil muda dan perut saya ga keliatan besar atau karena petugas bukan tukang angkut

karena masnya saya lemes dan mau jatuh saat masuk kapal untuk crew kapalnya baik mau bantuin saya

buat masnya semoga nanti istrimu diperlakukan hal yang serupa di transportasi umum yaa","pelayanannya kurang

tgl  maret  pukul  tujuan tanjung balai karimun saya ada minta tolong kepada petugas penjaga xray untuk angkut koper saya karena keadaan saya lagi hamil dan koper saya berat tapi responnya malah menyuruh saya tarok hp maksudnya gimana kan tas kecil pun udah masuk ke xray baju atau celana saya ga ada koceknya misal saya tarok hp pun apakah saya bisa angkut koper saya yg lumayan berat itu untuk di xray

padahal petugasnya laki apa karena saya hamil muda dan perut saya ga keliatan besar atau karena petugas bukan tukang angkut

karena masnya saya lemes dan mau jatuh saat masuk kapal untuk crew kapalnya baik mau bantuin saya

buat masnya semoga nanti istrimu diperlakukan hal yang serupa di transportasi umum yaa",layan kurang tgl maret pukul tuju tanjung balai karimun minta kepada tugas jaga xray angkut koper ada lagi hamil koper berat responnya malah suruh tarok hp maksud gimana kan tas kecil udah masuk xray baju celana ga ada kocek misal tarok hp apakah bisa angkut koper yg lumayan berat xray padahal tugas laki apa karena hamil muda perut ga liat besar karena tugas bukan tukang angkut karena mas saya lemes mau jatuh masuk kapal untuk crew kapal baik mau bantuin saya buat mas moga istri laku yang rupa transportasi umum yaa,LABEL_2
Harbour Bay Ferry Terminal,Keren banget deket ama Singapur,5 bintang,5 tahun lalu,keren banget deket ama singapur,keren banget deket ama singapur,keren banget deket ama singapur,LABEL_0
Harbour Bay Ferry Terminal,"Pelabuhan sekaligus tempat belanja oleh2
Ngga perlu keliling mall u cari souvenir
Pelayanan di harbour bay ferry juga ramah",5 bintang,3 tahun lalu,"pelabuhan sekaligus tempat belanja oleh
ngga perlu keliling mall u cari souvenir
pelayanan di harbour bay ferry juga ramah","pelabuhan sekaligus tempat belanja oleh
ngga perlu keliling mall u cari souvenir
pelayanan di harbour bay ferry juga ramah",labuh sekaligus tempat belanja oleh ngga perlu keliling mall u cari souvenir layan harbour bay ferry ramah,LABEL_0
Harbour Bay Ferry Terminal,Karena covid dan penyebrangan ke Malaysia dan Singapura ditutup jadi sepi,4 bintang,5 tahun lalu,karena covid dan penyebrangan ke malaysia dan singapura ditutup jadi sepi,karena covid dan penyebrangan ke malaysia dan singapura ditutup jadi sepi,covid penyebrangan malaysia singapura tutup jadi sepi,LABEL_2
Harbour Bay Ferry Terminal,"Tongkrongan baru favorite nya anak Batam.
Saya lebih suka kesini saat malam, Karna Kalau sore masih panas cuacanya",4 bintang,3 tahun lalu,"tongkrongan baru favorite nya anak batam
saya lebih suka kesini saat malam karna kalau sore masih panas cuacanya","tongkrongan baru favorite nya anak batam
saya lebih suka kesini saat malam karna kalau sore masih panas cuacanya",tongkrong baru favorite nya anak batam saya lebih suka kesini malam karna kalau sore panas cuaca,LABEL_0
Harbour Bay Ferry Terminal,Pelayanan kurang ramah,1 bintang,8 tahun lalu,pelayanan kurang ramah,pelayanan kurang ramah,layan kurang ramah,LABEL_2
Sekupang Ferry Terminal,Sangat bagus sekali,5 bintang,7 bulan lalu,sangat bagus sekali,sangat bagus sekali,sangat bagus sekali,LABEL_0
Sekupang Ferry Terminal,"pelayanan yang baik dan cepat, semoga tidak berubah selamanya",5 bintang,7 bulan lalu,pelayanan yang baik dan cepat semoga tidak berubah selamanya,pelayanan yang baik dan cepat semoga tidak berubah selamanya,layan baik cepat moga ubah lama,LABEL_2
Sekupang Ferry Terminal,Paling cocok klo mau ke SG dri batam,5 bintang,7 bulan lalu,paling cocok klo mau ke sg dri batam,paling cocok klo mau ke sg dri batam,paling cocok klo mau sg dri batam,LABEL_0
Sekupang Ferry Terminal,"bagus banget, suka deh",5 bintang,7 bulan lalu,bagus banget suka deh,bagus banget suka deh,bagus banget suka deh,LABEL_0
Sekupang Ferry Terminal,Pelabuhan terburukdi tiket tertera jam 04:00 otw sampe jam 06:30 blm jga berangkat kta karyawan nya nunggu penuhpelanggan disuruh bersabar sementara pihak pelabuhan nya gak mikirin org udh nunggu lama lama gk berangkat jga..,1 bintang,4 bulan lalu,pelabuhan terburukdi tiket tertera jam  otw sampe jam  blm jga berangkat kta karyawan nya nunggu penuhpelanggan disuruh bersabar sementara pihak pelabuhan nya gak mikirin org udh nunggu lama lama gk berangkat jga,pelabuhan terburukdi tiket tertera jam  otw sampe jam  blm jga berangkat kta karyawan nya nunggu penuhpelanggan disuruh bersabar sementara pihak pelabuhan nya gak mikirin org udh nunggu lama lama gk berangkat jga,labuh terburukdi tiket tera jam otw sampe jam blm jga berangkat kta karyawan nya nunggu penuhpelanggan suruh sabar pihak labuh nya gak mikirin org udh nunggu lama lama gk berangkat jga,LABEL_2
Sekupang Ferry Terminal,👍🏻👍🏻👍🏻 …,5 bintang,7 bulan lalu,,,,LABEL_0
Sekupang Ferry Terminal,Luar biasa!!! ❤️,5 bintang,7 bulan lalu,luar biasa,luar biasa,luar biasa,LABEL_0
Sekupang Ferry Terminal,tempatnya bagus dan bersih banget,5 bintang,7 bulan lalu,tempatnya bagus dan bersih banget,tempatnya bagus dan bersih banget,tempat bagus bersih banget,LABEL_0
Sekupang Ferry Terminal,tempat nya bagus,5 bintang,7 bulan lalu,tempat nya bagus,tempat nya bagus,tempat nya bagus,LABEL_0
Sekupang Ferry Terminal,Baguss tempat ferrynya,5 bintang,7 bulan lalu,baguss tempat ferrynya,baguss tempat ferrynya,baguss tempat ferrynya,LABEL_0
Sekupang Ferry Terminal,Pelayanan sangat baik dan tertata rapi. petugas ramah dan informatif. Fasilitas memadai dan area cukup bersih. Pengalaman yang nyaman,5 bintang,7 bulan lalu,pelayanan sangat baik dan tertata rapi petugas ramah dan informatif fasilitas memadai dan area cukup bersih pengalaman yang nyaman,pelayanan sangat baik dan tertata rapi petugas ramah dan informatif fasilitas memadai dan area cukup bersih pengalaman yang nyaman,layan sangat baik tata rapi tugas ramah informatif fasilitas pada area cukup bersih alam nyaman,LABEL_0
Sekupang Ferry Terminal,"Gak ada u-turn , ditutup semua u turnnya
Jadi kalau parkir
Mau pick up di depan pelabuhan
Harus keluar pelabuhan dulu
Baru masuk lagi",1 bintang,3 bulan lalu,"gak ada uturn  ditutup semua u turnnya
jadi kalau parkir
mau pick up di depan pelabuhan
harus keluar pelabuhan dulu
baru masuk lagi","gak ada uturn  ditutup semua u turnnya
jadi kalau parkir
mau pick up di depan pelabuhan
harus keluar pelabuhan dulu
baru masuk lagi",gak uturn tutup semua u turnnya jadi kalau parkir mau pick up depan labuh harus keluar labuh dulu baru masuk,LABEL_1
Sekupang Ferry Terminal,tempat nya bagussss ✨ saya sukaa 👍 …,5 bintang,7 bulan lalu,tempat nya bagussss  saya sukaa,tempat nya bagussss  saya sukaa,tempat nya bagussss sukaa,LABEL_0
Sekupang Ferry Terminal,"sangat baik,dan juga nyaman",5 bintang,7 bulan lalu,sangat baikdan juga nyaman,sangat baikdan juga nyaman,sangat baikdan nyaman,LABEL_0
Sekupang Ferry Terminal,Puas banget,5 bintang,7 bulan lalu,puas banget,puas banget,puas banget,LABEL_0
Sekupang Ferry Terminal,"Ruangan kedatangan berbau rokok
Seharusnya Pelabuhan itu wilayah KTR (Kawasan Tanpa Rokok)
PELABUHAN ini harus berbenah",1 bintang,3 bulan lalu,"ruangan kedatangan berbau rokok
seharusnya pelabuhan itu wilayah ktr kawasan tanpa rokok
pelabuhan ini harus berbenah","ruangan kedatangan berbau rokok
seharusnya pelabuhan itu wilayah ktr kawasan tanpa rokok
pelabuhan ini harus berbenah",ruang datang bau rokok harus labuh wilayah ktr kawasan rokok labuh harus benah,LABEL_2
Sekupang Ferry Terminal,"Pelayanannya sangat bagus, memang cocok untuk dikasih bintang 5",5 bintang,7 bulan lalu,pelayanannya sangat bagus memang cocok untuk dikasih bintang,pelayanannya sangat bagus memang cocok untuk dikasih bintang,layan sangat bagus memang cocok kasih bintang,LABEL_0
Sekupang Ferry Terminal,Bawa kucing boleh gak ya d kapal?,5 bintang,4 bulan lalu,bawa kucing boleh gak ya d kapal,bawa kucing boleh gak ya d kapal,bawa kucing gak d kapal,LABEL_1
Sekupang Ferry Terminal,"Tempat nya nyaman, bersih, Pelayanan nya Top banget",5 bintang,7 bulan lalu,tempat nya nyaman bersih pelayanan nya top banget,tempat nya nyaman bersih pelayanan nya top banget,tempat nya nyaman bersih layan nya top banget,LABEL_0
Sekupang Ferry Terminal,"Sekupang International Ferry Terimal , Terbaik",5 bintang,7 bulan lalu,sekupang international ferry terimal  terbaik,sekupang international ferry terimal  terbaik,kupang international ferry terimal baik,LABEL_1
Sekupang Ferry Terminal,"Layanan pelabuhan yang bersih, aman, dan efisien. Pengalaman yang sangat memuaskan.",5 bintang,7 bulan lalu,layanan pelabuhan yang bersih aman dan efisien pengalaman yang sangat memuaskan,layanan pelabuhan yang bersih aman dan efisien pengalaman yang sangat memuaskan,layan labuh bersih aman efisien alam sangat muas,LABEL_0
Sekupang Ferry Terminal,tempatnya indah luas dengan view laut yang indah,5 bintang,7 bulan lalu,tempatnya indah luas dengan view laut yang indah,tempatnya indah luas dengan view laut yang indah,tempat indah luas view laut indah,LABEL_0
Sekupang Ferry Terminal,"menurut saya nyaman dan cukup rapi. Proses masuknya tertib, petugasnya membantu, dan area tunggunya bersih. Aksesnya juga mudah, jadi tidak ribet kalau mau naik atau turun ferry. Cocok buat yang sering bepergian ke luar Batam karena suasananya tenang dan pelayanannya oke👍. …",5 bintang,7 bulan lalu,menurut saya nyaman dan cukup rapi proses masuknya tertib petugasnya membantu dan area tunggunya bersih aksesnya juga mudah jadi tidak ribet kalau mau naik atau turun ferry cocok buat yang sering bepergian ke luar batam karena suasananya tenang dan pelayanannya oke,menurut saya nyaman dan cukup rapi proses masuknya tertib petugasnya membantu dan area tunggunya bersih aksesnya juga mudah jadi tidak ribet kalau mau naik atau turun ferry cocok buat yang sering bepergian ke luar batam karena suasananya tenang dan pelayanannya oke,saya nyaman cukup rapi proses masuk tertib tugas bantu area tunggu bersih akses mudah jadi ribet kalau mau naik turun ferry cocok buat sering pergi luar batam suasana tenang layan oke,LABEL_0
Sekupang Ferry Terminal,Kerenn banget,5 bintang,7 bulan lalu,kerenn banget,kerenn banget,kerenn banget,LABEL_0
Sekupang Ferry Terminal,Mudah dan Praktis,5 bintang,7 bulan lalu,mudah dan praktis,mudah dan praktis,mudah praktis,LABEL_0
Sekupang Ferry Terminal,bagus bgt pelayanan ny,5 bintang,7 bulan lalu,bagus bgt pelayanan ny,bagus bgt pelayanan ny,bagus bgt layan ny,LABEL_0
Sekupang Ferry Terminal,"Ruangan tmpt cap paspornya bau rokok
Setahu saya harusnya pelabuhan itu tampa rokok",1 bintang,5 bulan lalu,"ruangan tmpt cap paspornya bau rokok
setahu saya harusnya pelabuhan itu tampa rokok","ruangan tmpt cap paspornya bau rokok
setahu saya harusnya pelabuhan itu tampa rokok",ruang tmpt cap paspor bau rokok tahu harus labuh tampa rokok,LABEL_2
Sekupang Ferry Terminal,"Pelabuhan tidak ramah anak dan lansia
Orang-orang pada merokok sembarangan
Dalam ruangannya pun tercium residu asap rokok
Parah sih ini
Sekelas internasional port",1 bintang,4 bulan lalu,"pelabuhan tidak ramah anak dan lansia
orangorang pada merokok sembarangan
dalam ruangannya pun tercium residu asap rokok
parah sih ini
sekelas internasional port","pelabuhan tidak ramah anak dan lansia
orangorang pada merokok sembarangan
dalam ruangannya pun tercium residu asap rokok
parah sih ini
sekelas internasional port",labuh ramah anak lansia orangorang rokok sembarang dalam ruang cium residu asap rokok parah sih ini kelas internasional port,LABEL_2
Sekupang Ferry Terminal,tempat nya bagus juga nyaman,5 bintang,7 bulan lalu,tempat nya bagus juga nyaman,tempat nya bagus juga nyaman,tempat nya bagus nyaman,LABEL_0
Sekupang Ferry Terminal,Tempatnya sangat nyaman sebelum pergi menyebrang,5 bintang,7 bulan lalu,tempatnya sangat nyaman sebelum pergi menyebrang,tempatnya sangat nyaman sebelum pergi menyebrang,tempat sangat nyaman pergi menyebrang,LABEL_0
Sekupang Ferry Terminal,sangat bagus,5 bintang,7 bulan lalu,sangat bagus,sangat bagus,sangat bagus,LABEL_0
Sekupang Ferry Terminal,"Pelayanannya bagus, ramah, mantap",5 bintang,7 bulan lalu,pelayanannya bagus ramah mantap,pelayanannya bagus ramah mantap,layan bagus ramah mantap,LABEL_0
Sekupang Ferry Terminal,Bagus banget tempat nya,5 bintang,7 bulan lalu,bagus banget tempat nya,bagus banget tempat nya,bagus banget tempat nya,LABEL_0
Sekupang Ferry Terminal,Bagus,5 bintang,7 bulan lalu,bagus,bagus,bagus,LABEL_0
Sekupang Ferry Terminal,tempatnya nyaman dan banyak pilihan oleh oleh untuk buah tangan,5 bintang,7 bulan lalu,tempatnya nyaman dan banyak pilihan oleh oleh untuk buah tangan,tempatnya nyaman dan banyak pilihan oleh oleh untuk buah tangan,tempat nyaman banyak pilih oleh buah tangan,LABEL_0
Sekupang Ferry Terminal,tempatnya bersih,5 bintang,7 bulan lalu,tempatnya bersih,tempatnya bersih,tempat bersih,LABEL_0
Sekupang Ferry Terminal,kereeenn,5 bintang,7 bulan lalu,kereeenn,kereeenn,kereeenn,LABEL_0
Sekupang Ferry Terminal,"Terminal feri internasional Sekupang telah berubah menjadi tempat yang suram. Hampir tidak ada layanan yang tersedia, pedagang telah tutup, karena kenaikan sewa sebesar 30%.

Ini bukan cara untuk menarik penumpang yang membayar.
Lebih baik berjalan kaki 3 menit ke terminal domestik untuk mendapatkan lebih banyak pilihan yang masuk akal.
Langkah pertama adalah mengurangi harga tiket feri ke Singapura, 50 dolar AS per orang akan masuk akal. Pastikan Anda memiliki cukup pedagang yang menawarkan makanan atau barang menarik dengan harga yang wajar, bukan harga Singapura, ingat ini Batam.
Manajemen terminal baru benar-benar perlu memiliki ide yang lebih baik daripada hanya menaikkan sewa dan mengusir pedagang.",2 bintang,3 bulan lalu,"terminal feri internasional sekupang telah berubah menjadi tempat yang suram hampir tidak ada layanan yang tersedia pedagang telah tutup karena kenaikan sewa sebesar 

ini bukan cara untuk menarik penumpang yang membayar
lebih baik berjalan kaki  menit ke terminal domestik untuk mendapatkan lebih banyak pilihan yang masuk akal
langkah pertama adalah mengurangi harga tiket feri ke singapura  dolar as per orang akan masuk akal pastikan anda memiliki cukup pedagang yang menawarkan makanan atau barang menarik dengan harga yang wajar bukan harga singapura ingat ini batam
manajemen terminal baru benarbenar perlu memiliki ide yang lebih baik daripada hanya menaikkan sewa dan mengusir pedagang","terminal feri internasional sekupang telah berubah menjadi tempat yang suram hampir tidak ada layanan yang tersedia pedagang telah tutup karena kenaikan sewa sebesar 

ini bukan cara untuk menarik penumpang yang membayar
lebih baik berjalan kaki  menit ke terminal domestik untuk mendapatkan lebih banyak pilihan yang masuk akal
langkah pertama adalah mengurangi harga tiket feri ke singapura  dolar as per orang akan masuk akal pastikan anda memiliki cukup pedagang yang menawarkan makanan atau barang menarik dengan harga yang wajar bukan harga singapura ingat ini batam
manajemen terminal baru benarbenar perlu memiliki ide yang lebih baik daripada hanya menaikkan sewa dan mengusir pedagang",terminal feri internasional kupang ubah jadi tempat suram hampir ada layan sedia dagang tutup naik sewa besar ini bukan cara tarik tumpang bayar lebih baik jalan kaki menit terminal domestik dapat lebih banyak pilih masuk akal langkah pertama kurang harga tiket feri singapura dolar as per orang masuk akal pasti milik cukup dagang tawar makan barang tarik harga wajar bukan harga singapura ingat batam manajemen terminal baru benarbenar perlu milik ide lebih baik hanya naik sewa usir dagang,LABEL_2
Sekupang Ferry Terminal,"Terminal kedatangan tercium bau asap rokok
Sepertinya petugasnya tidak tertib dalam menjalankan KTR (Kawasan Tanpa Rokok) untuk wilayah publik/umum seperti pelabuhan
Kasihan sekali penumpang seperti saya jadi korban keegoisan orang2 tidak bertanggung jawab",1 bintang,3 bulan lalu,"terminal kedatangan tercium bau asap rokok
sepertinya petugasnya tidak tertib dalam menjalankan ktr kawasan tanpa rokok untuk wilayah publikumum seperti pelabuhan
kasihan sekali penumpang seperti saya jadi korban keegoisan orang tidak bertanggung jawab","terminal kedatangan tercium bau asap rokok
sepertinya petugasnya tidak tertib dalam menjalankan ktr kawasan tanpa rokok untuk wilayah publikumum seperti pelabuhan
kasihan sekali penumpang seperti saya jadi korban keegoisan orang tidak bertanggung jawab",terminal datang cium bau asap rokok seperti tugas tertib jalan ktr kawasan rokok wilayah publikumum labuh kasihan sekali tumpang saya jadi korban egois orang tanggung jawab,LABEL_2
Sekupang Ferry Terminal,Indah dan matahari terbenam,5 bintang,7 bulan lalu,indah dan matahari terbenam,indah dan matahari terbenam,indah matahari benam,LABEL_0
Sekupang Ferry Terminal,"PELAYANAN NYA MANTAPP, KAPAN KAPAN KESINI LAGI",5 bintang,7 bulan lalu,pelayanan nya mantapp kapan kapan kesini lagi,pelayanan nya mantapp kapan kapan kesini lagi,layan nya mantapp kapan kapan kesini,LABEL_0
Sekupang Ferry Terminal,"Tempat nya adem banget dan bagus, cocok buat foto foto",5 bintang,7 bulan lalu,tempat nya adem banget dan bagus cocok buat foto foto,tempat nya adem banget dan bagus cocok buat foto foto,tempat nya adem banget bagus cocok buat foto foto,LABEL_0
Sekupang Ferry Terminal,"Nyaman, asri. Dan ini adalah pelabuhan internasional pertama di kota batam",5 bintang,7 bulan lalu,nyaman asri dan ini adalah pelabuhan internasional pertama di kota batam,nyaman asri dan ini adalah pelabuhan internasional pertama di kota batam,nyaman asri ini labuh internasional pertama kota batam,LABEL_0
Sekupang Ferry Terminal,tempatnya sangat memukau,5 bintang,7 bulan lalu,tempatnya sangat memukau,tempatnya sangat memukau,tempat sangat pukau,LABEL_0
Sekupang Ferry Terminal,Tempat yang cukup bagus,5 bintang,7 bulan lalu,tempat yang cukup bagus,tempat yang cukup bagus,tempat cukup bagus,LABEL_0
Sekupang Ferry Terminal,"Keren banget, kapan kapan kesini lagi hehe",5 bintang,7 bulan lalu,keren banget kapan kapan kesini lagi hehe,keren banget kapan kapan kesini lagi hehe,keren banget kapan kapan kesini hehe,LABEL_0
Sekupang Ferry Terminal,Sekupang ferry terbaik,5 bintang,7 bulan lalu,sekupang ferry terbaik,sekupang ferry terbaik,kupang ferry baik,LABEL_0
Telaga Punggur Ferry Terminal,"Pick up sangat terbatas,sempit, rawan kendaraan lalu lalang dekat calon penumpang",2 bintang,Diedit setahun lalu,pick up sangat terbatassempit rawan kendaraan lalu lalang dekat calon penumpang,pick up sangat terbatassempit rawan kendaraan lalu lalang dekat calon penumpang,pick up sangat terbatassempit rawan kendara lalu lalang dekat calon tumpang,LABEL_1
Telaga Punggur Ferry Terminal,"Saya apresiasi dengan kapal tapi tidak dengan semua petugasnya, judes ngomongnya ga sopan belum lagi ketika kita bertanya ke petugas malah mukannya kayak mesem mesem padahal ini first time saya naik kapal roro, jadi bertanya gimna attitude pelayananya di training atau tidak ada trainingnya",1 bintang,setahun lalu,saya apresiasi dengan kapal tapi tidak dengan semua petugasnya judes ngomongnya ga sopan belum lagi ketika kita bertanya ke petugas malah mukannya kayak mesem mesem padahal ini first time saya naik kapal roro jadi bertanya gimna attitude pelayananya di training atau tidak ada trainingnya,saya apresiasi dengan kapal tapi tidak dengan semua petugasnya judes ngomongnya ga sopan belum lagi ketika kita bertanya ke petugas malah mukannya kayak mesem mesem padahal ini first time saya naik kapal roro jadi bertanya gimna attitude pelayananya di training atau tidak ada trainingnya,apresiasi kapal tidak semua tugas judes ngomongnya ga sopan lagi kita tanya tugas malah mu kayak mesem mesem padahal first time naik kapal roro jadi tanya gimna attitude pelayananya training tidak trainingnya,LABEL_2
Telaga Punggur Ferry Terminal,Apakah tangal 15 ada kapal feri dari pungut ke pelabuhan tanjung buton,1 bintang,4 bulan lalu,apakah tangal  ada kapal feri dari pungut ke pelabuhan tanjung buton,apakah tangal  ada kapal feri dari pungut ke pelabuhan tanjung buton,tangal kapal feri pungut labuh tanjung buton,LABEL_1
Telaga Punggur Ferry Terminal,"Salah satu pelabuhan di Pulau Batam, penghubung antar pulau di KEPRI. salah satu rutenya yaitu tujuan tanjung uban & tanjung pinang",5 bintang,3 tahun lalu,salah satu pelabuhan di pulau batam penghubung antar pulau di kepri salah satu rutenya yaitu tujuan tanjung uban  tanjung pinang,salah satu pelabuhan di pulau batam penghubung antar pulau di kepri salah satu rutenya yaitu tujuan tanjung uban  tanjung pinang,salah satu labuh pulau batam hubung antar pulau kepri salah satu rute tuju tanjung uban tanjung pinang,LABEL_1
Telaga Punggur Ferry Terminal,"Bagus tempatnya, bersih, luas.. Pelayanannya juga bagus banget.. Kapal kapalnya juga bagus, modern. Sepanjang perjalanan di kasi tontonan film gtu jd gak bosen.. Kmren perjalanan batam-karimun ombaknya tenang bgt",5 bintang,2 tahun lalu,bagus tempatnya bersih luas pelayanannya juga bagus banget kapal kapalnya juga bagus modern sepanjang perjalanan di kasi tontonan film gtu jd gak bosen kmren perjalanan batamkarimun ombaknya tenang bgt,bagus tempatnya bersih luas pelayanannya juga bagus banget kapal kapalnya juga bagus modern sepanjang perjalanan di kasi tontonan film gtu jd gak bosen kmren perjalanan batamkarimun ombaknya tenang bgt,bagus tempat bersih luas layan bagus banget kapal kapal bagus modern panjang jalan kasi tonton film gtu jd gak bosen kmren jalan batamkarimun ombak tenang bgt,LABEL_0
Telaga Punggur Ferry Terminal,"Setelah renovasi, ruang tiket, lobby dan lainnya terasa nyaman...
pelabuhan serasa bandara",4 bintang,Diedit 7 tahun lalu,"setelah renovasi ruang tiket lobby dan lainnya terasa nyaman
pelabuhan serasa bandara","setelah renovasi ruang tiket lobby dan lainnya terasa nyaman
pelabuhan serasa bandara",renovasi ruang tiket lobby lain asa nyaman labuh serasa bandara,LABEL_2
Telaga Punggur Ferry Terminal,"Pelabuhan laut ke Tg Pinang dan Tg Uban. Penempatan loket, ruang tunggu, ruang check in, jalur boarding masih bisa dibuat lebih baik",4 bintang,Diedit 5 tahun lalu,pelabuhan laut ke tg pinang dan tg uban penempatan loket ruang tunggu ruang check in jalur boarding masih bisa dibuat lebih baik,pelabuhan laut ke tg pinang dan tg uban penempatan loket ruang tunggu ruang check in jalur boarding masih bisa dibuat lebih baik,labuh laut tg pinang tg uban tempat loket ruang tunggu ruang check in jalur boarding bisa buat lebih baik,LABEL_0
Telaga Punggur Ferry Terminal,"Pelabuhan penumpang yang ada di pulau batam, tujuan utama adalah ke pulau Tanjungpinang.
Untuk tujuan Tanjungpinang tersedia kapal setiap 1 jam sekali.
Tempatnya luas dan nyaman, parkiran luas sehingga mudah untuk mencari parkiran mobil. Tersedia konter tiket kapal untuk keberangkatan ke berbagai tujuan",4 bintang,3 tahun lalu,"pelabuhan penumpang yang ada di pulau batam tujuan utama adalah ke pulau tanjungpinang
untuk tujuan tanjungpinang tersedia kapal setiap  jam sekali
tempatnya luas dan nyaman parkiran luas sehingga mudah untuk mencari parkiran mobil tersedia konter tiket kapal untuk keberangkatan ke berbagai tujuan","pelabuhan penumpang yang ada di pulau batam tujuan utama adalah ke pulau tanjungpinang
untuk tujuan tanjungpinang tersedia kapal setiap  jam sekali
tempatnya luas dan nyaman parkiran luas sehingga mudah untuk mencari parkiran mobil tersedia konter tiket kapal untuk keberangkatan ke berbagai tujuan",labuh tumpang ada pulau batam tuju utama pulau tanjungpinang untuk tuju tanjungpinang sedia kapal jam sekali tempat luas nyaman parkir luas mudah cari parkir mobil sedia konter tiket kapal berangkat ke bagai tuju,LABEL_0
Telaga Punggur Ferry Terminal,"Sudah lebih baik dari sebelumnya, hanya tempat parkir saja yg msh harus dibenahi klo hujan becek dan berlumpur.",4 bintang,6 tahun lalu,sudah lebih baik dari sebelumnya hanya tempat parkir saja yg msh harus dibenahi klo hujan becek dan berlumpur,sudah lebih baik dari sebelumnya hanya tempat parkir saja yg msh harus dibenahi klo hujan becek dan berlumpur,lebih baik belum tempat parkir yg msh benah klo hujan becek lumpur,LABEL_2
Telaga Punggur Ferry Terminal,"Aku pas kesini kebetulan pagi-pagi banget, waktu itu mau nyebrang naik kapal pertama ke Pulau Bintan, dan beruntungnya aku bisa melihat sunrise.",4 bintang,Diedit 3 tahun lalu,aku pas kesini kebetulan pagipagi banget waktu itu mau nyebrang naik kapal pertama ke pulau bintan dan beruntungnya aku bisa melihat sunrise,aku pas kesini kebetulan pagipagi banget waktu itu mau nyebrang naik kapal pertama ke pulau bintan dan beruntungnya aku bisa melihat sunrise,aku pas kesini betul pagipagi banget waktu mau nyebrang naik kapal pertama pulau bintan untung aku lihat sunrise,LABEL_0
Telaga Punggur Ferry Terminal,"Pelabuhan Domestik Punggur
Trmpat Menunggu yg Nyaman dan Full Ac",5 bintang,7 tahun lalu,"pelabuhan domestik punggur
trmpat menunggu yg nyaman dan full ac","pelabuhan domestik punggur
trmpat menunggu yg nyaman dan full ac",labuh domestik punggur trmpat tunggu yg nyaman full ac,LABEL_0
Telaga Punggur Ferry Terminal,"Salah satu pelabuhan yang ada di tanjungpinang. Yang mana tujuan kapalnya ada ke berbagai lokasi dikepri dan keluar kepri seperti batam, bengkalis, dan lingga. Untuk yang ke tanjungpinang kapalnya ada setiap jam mulai dari jm 8 sampai jm 17 kalau tidak salah. Dan untuk kebengkalis setiap hari jam 6 pagi. Biaya untuk  Bording pass pelabuhannya sebesar 10k",5 bintang,3 tahun lalu,salah satu pelabuhan yang ada di tanjungpinang yang mana tujuan kapalnya ada ke berbagai lokasi dikepri dan keluar kepri seperti batam bengkalis dan lingga untuk yang ke tanjungpinang kapalnya ada setiap jam mulai dari jm  sampai jm  kalau tidak salah dan untuk kebengkalis setiap hari jam  pagi biaya untuk  bording pass pelabuhannya sebesar k,salah satu pelabuhan yang ada di tanjungpinang yang mana tujuan kapalnya ada ke berbagai lokasi dikepri dan keluar kepri seperti batam bengkalis dan lingga untuk yang ke tanjungpinang kapalnya ada setiap jam mulai dari jm  sampai jm  kalau tidak salah dan untuk kebengkalis setiap hari jam  pagi biaya untuk  bording pass pelabuhannya sebesar k,salah satu labuh tanjungpinang mana tuju kapal bagai lokasi dikepri keluar kepri batam bengkal lingga yang ke tanjungpinang kapal ada jam mulai jm jm kalau salah bengkal tiap hari jam pagi biaya untuk bording pass labuh besar k,LABEL_1
Telaga Punggur Ferry Terminal,Pengalaman pertama di pelabuhan batam menuju tanjung pinang,5 bintang,setahun lalu,pengalaman pertama di pelabuhan batam menuju tanjung pinang,pengalaman pertama di pelabuhan batam menuju tanjung pinang,alam pertama labuh batam tuju tanjung pinang,LABEL_1
Telaga Punggur Ferry Terminal,"Pelayanan baik,bersih dan keberangkatan speedboat tepat waktu",5 bintang,setahun lalu,pelayanan baikbersih dan keberangkatan speedboat tepat waktu,pelayanan baikbersih dan keberangkatan speedboat tepat waktu,layan baikbersih berangkat speedboat tepat waktu,LABEL_0
Telaga Punggur Ferry Terminal,"Fasilitas lengkap, proses chek in mudah, keberangkatan tepat waktu. Hanya saja kapal yg fasilitasnya harus dimaksimalkan lagi, karena AC sempat sedikit panas.",3 bintang,3 tahun lalu,fasilitas lengkap proses chek in mudah keberangkatan tepat waktu hanya saja kapal yg fasilitasnya harus dimaksimalkan lagi karena ac sempat sedikit panas,fasilitas lengkap proses chek in mudah keberangkatan tepat waktu hanya saja kapal yg fasilitasnya harus dimaksimalkan lagi karena ac sempat sedikit panas,fasilitas lengkap proses chek in mudah berangkat tepat waktu saja kapal yg fasilitas maksimal karena ac sempat sedikit panas,LABEL_0
Telaga Punggur Ferry Terminal,Tempat penyebrangan dari batam. Kebetulan saya kemarin ke tj. Pinang.,5 bintang,Diedit 7 tahun lalu,tempat penyebrangan dari batam kebetulan saya kemarin ke tj pinang,tempat penyebrangan dari batam kebetulan saya kemarin ke tj pinang,tempat penyebrangan batam betul kemarin tj pinang,LABEL_1
Telaga Punggur Ferry Terminal,"hmmm pelayanan cukup, not good but not bad. yg paling mengganggu di sini, mungkin di setiap pelabuhan juga sama, adalah harus menemui sopir taksi yg terus saja nanya2 kau mau ke mana di setiap langkah. iya, di setiap langkah, oleh orang yang berbeda2. kalau baru tiba di pelabuhan dan ingin ke pusat kota, aku bisa sarankan naik trans batam saja. keluar dari pintu masuk pelabuhan tinggal belok kiri lalu jalan sedikit sampai ketemu halte bus. tarifnya cuma 5 ribu, setahuku kalau naik taksi harus bayar setidaknya 100 ribu. tapi kalau naik trans batam, harus tau mau berhenti di halte mana, kalau perlu blg dr awal ke sopir busnya, krn jalannya laju sekali.",5 bintang,Diedit setahun lalu,hmmm pelayanan cukup not good but not bad yg paling mengganggu di sini mungkin di setiap pelabuhan juga sama adalah harus menemui sopir taksi yg terus saja nanya kau mau ke mana di setiap langkah iya di setiap langkah oleh orang yang berbeda kalau baru tiba di pelabuhan dan ingin ke pusat kota aku bisa sarankan naik trans batam saja keluar dari pintu masuk pelabuhan tinggal belok kiri lalu jalan sedikit sampai ketemu halte bus tarifnya cuma  ribu setahuku kalau naik taksi harus bayar setidaknya  ribu tapi kalau naik trans batam harus tau mau berhenti di halte mana kalau perlu blg dr awal ke sopir busnya krn jalannya laju sekali,hmmm pelayanan cukup not good but not bad yg paling mengganggu di sini mungkin di setiap pelabuhan juga sama adalah harus menemui sopir taksi yg terus saja nanya kau mau ke mana di setiap langkah iya di setiap langkah oleh orang yang berbeda kalau baru tiba di pelabuhan dan ingin ke pusat kota aku bisa sarankan naik trans batam saja keluar dari pintu masuk pelabuhan tinggal belok kiri lalu jalan sedikit sampai ketemu halte bus tarifnya cuma  ribu setahuku kalau naik taksi harus bayar setidaknya  ribu tapi kalau naik trans batam harus tau mau berhenti di halte mana kalau perlu blg dr awal ke sopir busnya krn jalannya laju sekali,hmmm layan cukup not good but not bad yg paling ganggu sini mungkin tiap labuh sama temu sopir taksi yg terus nanya kau mau mana tiap langkah iya tiap langkah orang beda kalau baru tiba labuh ingin pusat kota aku saran naik trans batam keluar pintu masuk labuh tinggal belok kiri lalu jalan sedikit ketemu halte bus tarif cuma ribu tahu kalau naik taksi bayar ribu kalau naik trans batam harus tau mau henti halte mana kalau perlu blg dr awal sopir bus krn jalan laju sekali,LABEL_2
Telaga Punggur Ferry Terminal,Utk yg nunggu dipelabuhn roro kurang tmpt duduknya... Mau duduk kursi kosong pegawai tak ijinkan tp ttp ada org lain yg duduk g jelas pegawainya!!! Klu bs tambh lg kursi utk nunggu kapal yg lm bgt! Udah gt utk apa beli online jam nya blh milih tp tdk diterapkan... Bt aap cb??? G jelas pokoknya.. Udh online ttp aja pelayanannya sm dgn  yg biasa!  Mendg beli tiket manual aja seklian!,1 bintang,setahun lalu,utk yg nunggu dipelabuhn roro kurang tmpt duduknya mau duduk kursi kosong pegawai tak ijinkan tp ttp ada org lain yg duduk g jelas pegawainya klu bs tambh lg kursi utk nunggu kapal yg lm bgt udah gt utk apa beli online jam nya blh milih tp tdk diterapkan bt aap cb g jelas pokoknya udh online ttp aja pelayanannya sm dgn  yg biasa  mendg beli tiket manual aja seklian,utk yg nunggu dipelabuhn roro kurang tmpt duduknya mau duduk kursi kosong pegawai tak ijinkan tp ttp ada org lain yg duduk g jelas pegawainya klu bs tambh lg kursi utk nunggu kapal yg lm bgt udah gt utk apa beli online jam nya blh milih tp tdk diterapkan bt aap cb g jelas pokoknya udh online ttp aja pelayanannya sm dgn  yg biasa  mendg beli tiket manual aja seklian,utk yg nunggu dipelabuhn roro kurang tmpt duduk mau duduk kursi kosong pegawai tak ijinkan tp ttp org yg duduk g jelas pegawai klu bs tambh lg kursi utk nunggu kapal yg lm bgt udah gt utk apa beli online jam nya blh milih tp tdk terap bt aap cb g jelas pokok udh online ttp aja layan sm dgn yg biasa mendg beli tiket manual aja seklian,LABEL_2
Telaga Punggur Ferry Terminal,"Ferry ke tj uban bintan start dari jam 7-18:00 wib. Harga dari punggur 53rb, dari uban 42rb. Perjalanan dengan speed boat sekitar 15-20 menit, transportasi masuk dan keluar punggur yang agak susah. Jika dengan taxi suka digetok sekitar 100-150rb dengan tujuan batam centre",3 bintang,7 tahun lalu,ferry ke tj uban bintan start dari jam  wib harga dari punggur rb dari uban rb perjalanan dengan speed boat sekitar  menit transportasi masuk dan keluar punggur yang agak susah jika dengan taxi suka digetok sekitar rb dengan tujuan batam centre,ferry ke tj uban bintan start dari jam  wib harga dari punggur rb dari uban rb perjalanan dengan speed boat sekitar  menit transportasi masuk dan keluar punggur yang agak susah jika dengan taxi suka digetok sekitar rb dengan tujuan batam centre,ferry tj uban bintan start jam wib harga punggur rb uban rb jalan speed boat menit transportasi masuk keluar punggur agak susah taxi suka getok rb dengan tuju batam centre,LABEL_1
Telaga Punggur Ferry Terminal,"Menunggu kapal SATRIA PRATAMA , pengangkut mobil-mobil yang sempat terjebak berhari-hari di pelabuhan Buton.",4 bintang,Diedit 7 tahun lalu,menunggu kapal satria pratama  pengangkut mobilmobil yang sempat terjebak berharihari di pelabuhan buton,menunggu kapal satria pratama  pengangkut mobilmobil yang sempat terjebak berharihari di pelabuhan buton,tunggu kapal satria pratama angkut mobilmobil sempat jebak berharihari labuh buton,LABEL_1
Telaga Punggur Ferry Terminal,"Tempat berangkatnya kapal ke beberapa pulau, banyak spot untuk foto2.",5 bintang,3 tahun lalu,tempat berangkatnya kapal ke beberapa pulau banyak spot untuk foto,tempat berangkatnya kapal ke beberapa pulau banyak spot untuk foto,tempat berangkat kapal beberapa pulau banyak spot foto,LABEL_1
Telaga Punggur Ferry Terminal,Pelabuhan penyeberangan domestik yg berada di pulau batam kepulauan riau,5 bintang,6 tahun lalu,pelabuhan penyeberangan domestik yg berada di pulau batam kepulauan riau,pelabuhan penyeberangan domestik yg berada di pulau batam kepulauan riau,labuh seberang domestik yg ada pulau batam pulau riau,LABEL_1
Telaga Punggur Ferry Terminal,"Selalu overload saat musim liburan, dg kursi ruang tunggu terbatas dan ruangan yg panas..seharusnya dg PAD yg ada bisa utk diprioritaskan kenyamanan penumpang mengingat pelabuhan utama dr batam ke tanjungpinang",1 bintang,4 bulan lalu,selalu overload saat musim liburan dg kursi ruang tunggu terbatas dan ruangan yg panasseharusnya dg pad yg ada bisa utk diprioritaskan kenyamanan penumpang mengingat pelabuhan utama dr batam ke tanjungpinang,selalu overload saat musim liburan dg kursi ruang tunggu terbatas dan ruangan yg panasseharusnya dg pad yg ada bisa utk diprioritaskan kenyamanan penumpang mengingat pelabuhan utama dr batam ke tanjungpinang,selalu overload musim libur dg kursi ruang tunggu batas ruang yg panasseharusnya dg pad yg bisa utk prioritas nyaman tumpang ingat labuh utama dr batam tanjungpinang,LABEL_0
Telaga Punggur Ferry Terminal,"Fasilitas cukup baik..
Pelayanan Lumayanlah..
Berbagai Tujuan Kepulau-pulau di Kepri..",5 bintang,setahun lalu,"fasilitas cukup baik
pelayanan lumayanlah
berbagai tujuan kepulaupulau di kepri","fasilitas cukup baik
pelayanan lumayanlah
berbagai tujuan kepulaupulau di kepri",fasilitas cukup baik layan lumayan bagai tuju kepulaupulau kepri,LABEL_0
Telaga Punggur Ferry Terminal,"tempat yg bikin haru setelah bandara!

fasum seperti toilet nya bersih, jadi nyaman bgt!",4 bintang,4 tahun lalu,"tempat yg bikin haru setelah bandara

fasum seperti toilet nya bersih jadi nyaman bgt","tempat yg bikin haru setelah bandara

fasum seperti toilet nya bersih jadi nyaman bgt",tempat yg bikin haru bandara fasum toilet nya bersih jadi nyaman bgt,LABEL_0
Telaga Punggur Ferry Terminal,"Turun dari bandara kami langsung ke sini. Karna mau menyeberang ke Tanjung Pinang. Karna kami tibanya tengah hari, jadi lapar, makan dulu. Baru berangkat.",4 bintang,3 tahun lalu,turun dari bandara kami langsung ke sini karna mau menyeberang ke tanjung pinang karna kami tibanya tengah hari jadi lapar makan dulu baru berangkat,turun dari bandara kami langsung ke sini karna mau menyeberang ke tanjung pinang karna kami tibanya tengah hari jadi lapar makan dulu baru berangkat,turun bandara langsung sini karna mau seberang tanjung pinang karna tiba tengah hari jadi lapar makan dulu baru berangkat,LABEL_0
Telaga Punggur Ferry Terminal,"Hati2 dalam pembelian tiket.. jangan percaya dengan jam keberangkatan  yang di tempel di loket.pastikan jangan terkecoh. Tanyakan jam keberangkatan., Lihat kapalnya terlebih dahulu.
*Pengalaman pribadi..",3 bintang,8 tahun lalu,"hati dalam pembelian tiket jangan percaya dengan jam keberangkatan  yang di tempel di loketpastikan jangan terkecoh tanyakan jam keberangkatan lihat kapalnya terlebih dahulu
pengalaman pribadi","hati dalam pembelian tiket jangan percaya dengan jam keberangkatan  yang di tempel di loketpastikan jangan terkecoh tanyakan jam keberangkatan lihat kapalnya terlebih dahulu
pengalaman pribadi",hati beli tiket jangan percaya jam berangkat tempel di loketpastikan jangan kecoh tanya jam berangkat lihat kapal lebih dahulu alam pribadi,LABEL_1
Telaga Punggur Ferry Terminal,"Lumayan ribet dengan rute boarding nya, naik turun puter puter namun menarik untuk pengalaman pertama kali, fasilitas lengkap dan yg penting harga normal",4 bintang,9 bulan lalu,lumayan ribet dengan rute boarding nya naik turun puter puter namun menarik untuk pengalaman pertama kali fasilitas lengkap dan yg penting harga normal,lumayan ribet dengan rute boarding nya naik turun puter puter namun menarik untuk pengalaman pertama kali fasilitas lengkap dan yg penting harga normal,lumayan ribet rute boarding nya naik turun puter puter tarik alam pertama kali fasilitas lengkap yg penting harga normal,LABEL_0
Telaga Punggur Ferry Terminal,Cemana lah ya.. Perlu adanya petugas yg bersifat komunikatif.. Buat apa klian rame2 tegak dstu klo apda cuek,4 bintang,3 bulan lalu,cemana lah ya perlu adanya petugas yg bersifat komunikatif buat apa klian rame tegak dstu klo apda cuek,cemana lah ya perlu adanya petugas yg bersifat komunikatif buat apa klian rame tegak dstu klo apda cuek,cemana lah perlu ada tugas yg sifat komunikatif buat apa klian rame tegak dstu klo apda cuek,LABEL_2
Telaga Punggur Ferry Terminal,"Pelayanan petugas nya baik, ramah  dan murah senyum, terminal ferry terkeren yang pernah ada",5 bintang,3 tahun lalu,pelayanan petugas nya baik ramah  dan murah senyum terminal ferry terkeren yang pernah ada,pelayanan petugas nya baik ramah  dan murah senyum terminal ferry terkeren yang pernah ada,layan tugas nya baik ramah murah senyum terminal ferry keren pernah,LABEL_0
Telaga Punggur Ferry Terminal,"Masukan untuk prlabuhan Telaga Punggur, agar ada dan di mudahkan transportasi onlaine masuk dan mengambil penumpang di sekitar pelabuhan, karena pelabuhan milik seluruh warga indonesia. Sehingga bisa memudahkan kami yg datang ke batam dgn biaya yg murah.",5 bintang,3 tahun lalu,masukan untuk prlabuhan telaga punggur agar ada dan di mudahkan transportasi onlaine masuk dan mengambil penumpang di sekitar pelabuhan karena pelabuhan milik seluruh warga indonesia sehingga bisa memudahkan kami yg datang ke batam dgn biaya yg murah,masukan untuk prlabuhan telaga punggur agar ada dan di mudahkan transportasi onlaine masuk dan mengambil penumpang di sekitar pelabuhan karena pelabuhan milik seluruh warga indonesia sehingga bisa memudahkan kami yg datang ke batam dgn biaya yg murah,masuk prlabuhan telaga punggur ada mudah transportasi onlaine masuk ambil tumpang di sekitar labuh labuh milik seluruh warga indonesia bisa mudah yg datang batam dgn biaya yg murah,LABEL_0
Telaga Punggur Ferry Terminal,"Jetty to Bintan/Tanjungpinang
Pelabuhan ferry jurusan tanjungpinang speedboat jurusan tanjung uban",5 bintang,Diedit 2 tahun lalu,"jetty to bintantanjungpinang
pelabuhan ferry jurusan tanjungpinang speedboat jurusan tanjung uban","jetty to bintantanjungpinang
pelabuhan ferry jurusan tanjungpinang speedboat jurusan tanjung uban",jetty to bintantanjungpinang labuh ferry jurus tanjungpinang speedboat jurus tanjung uban,LABEL_1
Telaga Punggur Ferry Terminal,"Kondisi pelabuhan masih dalam tahap pengembangan pembangunan, tapi terlihat mangkrak karena proyek belum dilanjutkan. Beberapa bagian seperti eskalator juga sudah tidak berfungsi. AC kurang memenuhi untuk mendinginkan ruangan. Terlihat seperti perencanaan yang kurang matang. Semoga bisa menjadi masukan yang baik untuk pengembangan dermaga punggur.",3 bintang,8 tahun lalu,kondisi pelabuhan masih dalam tahap pengembangan pembangunan tapi terlihat mangkrak karena proyek belum dilanjutkan beberapa bagian seperti eskalator juga sudah tidak berfungsi ac kurang memenuhi untuk mendinginkan ruangan terlihat seperti perencanaan yang kurang matang semoga bisa menjadi masukan yang baik untuk pengembangan dermaga punggur,kondisi pelabuhan masih dalam tahap pengembangan pembangunan tapi terlihat mangkrak karena proyek belum dilanjutkan beberapa bagian seperti eskalator juga sudah tidak berfungsi ac kurang memenuhi untuk mendinginkan ruangan terlihat seperti perencanaan yang kurang matang semoga bisa menjadi masukan yang baik untuk pengembangan dermaga punggur,kondisi labuh dalam tahap kembang bangun lihat mangkrak proyek lanjut beberapa bagi eskalator sudah fungsi ac kurang penuh dingin ruang lihat rencana kurang matang moga jadi masuk baik kembang dermaga punggur,LABEL_2
Telaga Punggur Ferry Terminal,"Fasilitas umum yang sangat membantu penyebrangan antar pulau. Dari Batam menuju Tanjung Pinang, atau ke tempat tujuan lain. Dengan akses yang memudahkan dan pelayanan yang cukup baik.",5 bintang,7 tahun lalu,fasilitas umum yang sangat membantu penyebrangan antar pulau dari batam menuju tanjung pinang atau ke tempat tujuan lain dengan akses yang memudahkan dan pelayanan yang cukup baik,fasilitas umum yang sangat membantu penyebrangan antar pulau dari batam menuju tanjung pinang atau ke tempat tujuan lain dengan akses yang memudahkan dan pelayanan yang cukup baik,fasilitas umum sangat bantu penyebrangan antar pulau batam tuju tanjung pinang ke tempat tuju dengan akses mudah layan cukup baik,LABEL_0
Telaga Punggur Ferry Terminal,"Pelabuhan kapal Ferry untuk angkutan penumpang saja,  yang menghubungkan kota Batam dengan kota-kota lain di wilayah provinsi kepulauan Riau. Baru direnovasi jadi lebih megah, namun proyeknya belum 100% selesai, malah terhenti.",5 bintang,8 tahun lalu,pelabuhan kapal ferry untuk angkutan penumpang saja  yang menghubungkan kota batam dengan kotakota lain di wilayah provinsi kepulauan riau baru direnovasi jadi lebih megah namun proyeknya belum  selesai malah terhenti,pelabuhan kapal ferry untuk angkutan penumpang saja  yang menghubungkan kota batam dengan kotakota lain di wilayah provinsi kepulauan riau baru direnovasi jadi lebih megah namun proyeknya belum  selesai malah terhenti,labuh kapal ferry angkut tumpang hubung kota batam kotakota di wilayah provinsi pulau riau baru renovasi jadi lebih megah proyek selesai malah henti,LABEL_1
Telaga Punggur Ferry Terminal,Pelabuhan fery antar pulau khusus dari pulau Bintan dan sekitar menuju ke pulau Batam.. Cukup ramai dan tersedia Area parkir yang luas.. Juga pelayanan yang tertib,4 bintang,5 tahun lalu,pelabuhan fery antar pulau khusus dari pulau bintan dan sekitar menuju ke pulau batam cukup ramai dan tersedia area parkir yang luas juga pelayanan yang tertib,pelabuhan fery antar pulau khusus dari pulau bintan dan sekitar menuju ke pulau batam cukup ramai dan tersedia area parkir yang luas juga pelayanan yang tertib,labuh fery antar pulau khusus pulau bintan sekitar tuju pulau batam cukup ramai sedia area parkir luas layan tertib,LABEL_0
Telaga Punggur Ferry Terminal,Biasa aja tapi kurang petunjuk arah untuk kapal kedatangan kemana kemana. Harus bertanya ke petugas,4 bintang,setahun lalu,biasa aja tapi kurang petunjuk arah untuk kapal kedatangan kemana kemana harus bertanya ke petugas,biasa aja tapi kurang petunjuk arah untuk kapal kedatangan kemana kemana harus bertanya ke petugas,biasa aja kurang tunjuk arah kapal datang mana tanya tugas,LABEL_2
Telaga Punggur Ferry Terminal,"Tolong BP Batam atau petugas siapa saja yang bertanggung jawab sama pelabuhan ini, tolong diperbaiki kualitas taksinya. Sangat tidak ramah.

Saya naik satu taksi berdua dengan penumpang lain, dan supir taksi menembak harga tambahan dengan alasan merugikan supir lain jika naiknya berbarengan.

Saya sudah pernah ke banyak pelabuhan, sampai ke daerah terluar pun sudah pernah. Ini jasa taksi pelabuhannya kelewatan sekali.

Tolong diperbaiki, kalau saya bisa naik jasa taksi lain atau online, saya bakalan tidak mungkin memilih taksi pelabuhannya kalau tahu seperti itu.",1 bintang,setahun lalu,"tolong bp batam atau petugas siapa saja yang bertanggung jawab sama pelabuhan ini tolong diperbaiki kualitas taksinya sangat tidak ramah

saya naik satu taksi berdua dengan penumpang lain dan supir taksi menembak harga tambahan dengan alasan merugikan supir lain jika naiknya berbarengan

saya sudah pernah ke banyak pelabuhan sampai ke daerah terluar pun sudah pernah ini jasa taksi pelabuhannya kelewatan sekali

tolong diperbaiki kalau saya bisa naik jasa taksi lain atau online saya bakalan tidak mungkin memilih taksi pelabuhannya kalau tahu seperti itu","tolong bp batam atau petugas siapa saja yang bertanggung jawab sama pelabuhan ini tolong diperbaiki kualitas taksinya sangat tidak ramah

saya naik satu taksi berdua dengan penumpang lain dan supir taksi menembak harga tambahan dengan alasan merugikan supir lain jika naiknya berbarengan

saya sudah pernah ke banyak pelabuhan sampai ke daerah terluar pun sudah pernah ini jasa taksi pelabuhannya kelewatan sekali

tolong diperbaiki kalau saya bisa naik jasa taksi lain atau online saya bakalan tidak mungkin memilih taksi pelabuhannya kalau tahu seperti itu",bp batam tugas siapa yang tanggung jawab sama labuh tolong baik kualitas taksi sangat ramah saya naik satu taksi dua tumpang dan supir taksi tembak harga tambah alas rugi supir jika naik bareng saya pernah banyak labuh ke daerah luar sudah pernah jasa taksi labuh lewat sekali tolong baik kalau bisa naik jasa taksi atau online bakal mungkin pilih taksi labuh kalau tahu itu,LABEL_2
Telaga Punggur Ferry Terminal,"Pelabuhan penyeberangan dari Batam Ke tanjung pinang, Tanjung Uban, dan pulau² lainnya.

Yang disayangkan, tempat turun dan naiknya hanya di 1 pintu, jadi kalau musim liburan penuh sesak berdesak²an. Harusnya pihak tiketing dan pihak kapal komunikasi dg baik, sehingga tidak ada penumpukan penumpang. Pengalaman libur seblum idul fitri kmren, sampe tergencet² karna terjadi penumpukan baik di ruang tunggu maupun antri sebelum masuk kapal. Penuh sesak.

Semoga sistemnya lebih dibenahi lagi kedepannya. Selebihnya oke aja sih, kalau dihari² biasa ya ga penuh dan ga berdesakan.",5 bintang,4 tahun lalu,"pelabuhan penyeberangan dari batam ke tanjung pinang tanjung uban dan pulau lainnya

yang disayangkan tempat turun dan naiknya hanya di  pintu jadi kalau musim liburan penuh sesak berdesakan harusnya pihak tiketing dan pihak kapal komunikasi dg baik sehingga tidak ada penumpukan penumpang pengalaman libur seblum idul fitri kmren sampe tergencet karna terjadi penumpukan baik di ruang tunggu maupun antri sebelum masuk kapal penuh sesak

semoga sistemnya lebih dibenahi lagi kedepannya selebihnya oke aja sih kalau dihari biasa ya ga penuh dan ga berdesakan","pelabuhan penyeberangan dari batam ke tanjung pinang tanjung uban dan pulau lainnya

yang disayangkan tempat turun dan naiknya hanya di  pintu jadi kalau musim liburan penuh sesak berdesakan harusnya pihak tiketing dan pihak kapal komunikasi dg baik sehingga tidak ada penumpukan penumpang pengalaman libur seblum idul fitri kmren sampe tergencet karna terjadi penumpukan baik di ruang tunggu maupun antri sebelum masuk kapal penuh sesak

semoga sistemnya lebih dibenahi lagi kedepannya selebihnya oke aja sih kalau dihari biasa ya ga penuh dan ga berdesakan",labuh seberang batam tanjung pinang tanjung uban pulau lain yang sayang tempat turun naik pintu jadi kalau musim libur penuh sesak desa harus pihak tiketing pihak kapal komunikasi dg baik tidak tumpu tumpang alam libur seblum idul fitri kmren sampe gencet karna jadi tumpu baik di ruang tunggu maupun antri masuk kapal penuh sesak moga sistem lebih benah depan lebih oke aja sih kalau hari biasa ga penuh ga desa,LABEL_0
Telaga Punggur Ferry Terminal,Ruang tunggunya nyaman banget apa lagi sekarang banyak tempat tongkrongan kalau nunggu kenrangkatan bisa sambil ngopi cantik di MB,5 bintang,Diedit 5 tahun lalu,ruang tunggunya nyaman banget apa lagi sekarang banyak tempat tongkrongan kalau nunggu kenrangkatan bisa sambil ngopi cantik di mb,ruang tunggunya nyaman banget apa lagi sekarang banyak tempat tongkrongan kalau nunggu kenrangkatan bisa sambil ngopi cantik di mb,ruang tunggu nyaman banget apa sekarang banyak tempat tongkrong kalau nunggu kenrangkatan sambil ngopi cantik mb,LABEL_0
Telaga Punggur Ferry Terminal,Tempatnya hampir menyamai bandara. Cuma sekarang kan lagi perbaikan ataupun renovasi jadi tempat parkir masih becek dan kotor. Jadi kalau kita parkir motor di pelabuhan dan naik pas ketemu hari abis hujan sendal ataupun sepatu kita akan kotor.  Itu aja sih. Kalau ada yang salah tolong di maafkan. Maav cuma itu foymtonya. Hehehe,4 bintang,8 tahun lalu,tempatnya hampir menyamai bandara cuma sekarang kan lagi perbaikan ataupun renovasi jadi tempat parkir masih becek dan kotor jadi kalau kita parkir motor di pelabuhan dan naik pas ketemu hari abis hujan sendal ataupun sepatu kita akan kotor  itu aja sih kalau ada yang salah tolong di maafkan maav cuma itu foymtonya hehehe,tempatnya hampir menyamai bandara cuma sekarang kan lagi perbaikan ataupun renovasi jadi tempat parkir masih becek dan kotor jadi kalau kita parkir motor di pelabuhan dan naik pas ketemu hari abis hujan sendal ataupun sepatu kita akan kotor  itu aja sih kalau ada yang salah tolong di maafkan maav cuma itu foymtonya hehehe,tempat hampir sama bandara cuma sekarang kan baik atau renovasi jadi tempat parkir becek kotor jadi kalau parkir motor labuh naik pas ketemu hari abis hujan sendal atau sepatu akan kotor aja sih kalau yang salah di maaf maav cuma foymtonya hehehe,LABEL_2
Telaga Punggur Ferry Terminal,"keberangkatan ga tepat waktu pls, pas sy telat 10 menit kapal dh berangkat , terus sy ikut di kapal brkutnya dh lewat 20 menit dari jam keberangkatan ga ada jalan-jalan , astaga kesel bgt",1 bintang,11 bulan lalu,keberangkatan ga tepat waktu pls pas sy telat  menit kapal dh berangkat  terus sy ikut di kapal brkutnya dh lewat  menit dari jam keberangkatan ga ada jalanjalan  astaga kesel bgt,keberangkatan ga tepat waktu pls pas sy telat  menit kapal dh berangkat  terus sy ikut di kapal brkutnya dh lewat  menit dari jam keberangkatan ga ada jalanjalan  astaga kesel bgt,berangkat ga tepat waktu pls pas sy telat menit kapal dh berangkat terus sy ikut kapal brkutnya dh lewat menit jam berangkat ga jalanjalan astaga kesel bgt,LABEL_2
Telaga Punggur Ferry Terminal,"Rapih terminalnya, bersih. Pelabuhan kelas bandara nih.
Iya lah internasionaal.
Setiap hari kedatangan arrival,siapa soh arival tuh?",5 bintang,6 tahun lalu,"rapih terminalnya bersih pelabuhan kelas bandara nih
iya lah internasionaal
setiap hari kedatangan arrivalsiapa soh arival tuh","rapih terminalnya bersih pelabuhan kelas bandara nih
iya lah internasionaal
setiap hari kedatangan arrivalsiapa soh arival tuh",rapih terminal bersih labuh kelas bandara nih iya lah internasionaal tiap hari datang arrivalsiapa soh arival tuh,LABEL_0
Telaga Punggur Ferry Terminal,"Pelabuhannya jika ingin ke Tanjung Pinang. Harganya cukup murah, jadwal setiap 30 menit ada, ruangannya cukup luas. Jika ingin naik RORO ada di sebelah terminal ferry ini.",4 bintang,6 bulan lalu,pelabuhannya jika ingin ke tanjung pinang harganya cukup murah jadwal setiap  menit ada ruangannya cukup luas jika ingin naik roro ada di sebelah terminal ferry ini,pelabuhannya jika ingin ke tanjung pinang harganya cukup murah jadwal setiap  menit ada ruangannya cukup luas jika ingin naik roro ada di sebelah terminal ferry ini,labuh ingin tanjung pinang harga cukup murah jadwal menit ruang cukup luas ingin naik roro di belah terminal ferry,LABEL_0
Telaga Punggur Ferry Terminal,"Salah satu terminal penghubung antara pulau Batam dan Bintan, tempatnya lumayan ramai tapi damai.",5 bintang,6 tahun lalu,salah satu terminal penghubung antara pulau batam dan bintan tempatnya lumayan ramai tapi damai,salah satu terminal penghubung antara pulau batam dan bintan tempatnya lumayan ramai tapi damai,salah satu terminal hubung pulau batam bintan tempat lumayan ramai damai,LABEL_0
Telaga Punggur Ferry Terminal,"Tempat parkir luas, tiket bisa dibeli kapan saja & bisa menunggu keberangkatan sambil ngopi cantik di morning bakery-nya",5 bintang,4 tahun lalu,tempat parkir luas tiket bisa dibeli kapan saja  bisa menunggu keberangkatan sambil ngopi cantik di morning bakerynya,tempat parkir luas tiket bisa dibeli kapan saja  bisa menunggu keberangkatan sambil ngopi cantik di morning bakerynya,tempat parkir luas tiket beli kapan tunggu berangkat ngopi cantik morning bakerynya,LABEL_0
Telaga Punggur Ferry Terminal,"akses taksi/taksi online sulit
kurang palang petunjuk jalan untuk akses masuk bagi motor",2 bintang,setahun lalu,"akses taksitaksi online sulit
kurang palang petunjuk jalan untuk akses masuk bagi motor","akses taksitaksi online sulit
kurang palang petunjuk jalan untuk akses masuk bagi motor",akses taksitaksi online sulit kurang palang tunjuk jalan akses masuk motor,LABEL_1
Telaga Punggur Ferry Terminal,"Terminal Fery khusus penumpang ke Tanjung pinang, sebelumnya sempat kesasar ke terminal Fery khusus kendaraan 😄😁

Terminal Fery bersih dan lapangan parkir yg luas, hanya pas ke toilet kotor mungkin masih pagi petugas mengerjakan hal yg lain, overall informasi dan signage sangat membantu

Kalo pagi masih bisa lihat sunrise yg bagus disini",4 bintang,setahun lalu,"terminal fery khusus penumpang ke tanjung pinang sebelumnya sempat kesasar ke terminal fery khusus kendaraan 

terminal fery bersih dan lapangan parkir yg luas hanya pas ke toilet kotor mungkin masih pagi petugas mengerjakan hal yg lain overall informasi dan signage sangat membantu

kalo pagi masih bisa lihat sunrise yg bagus disini","terminal fery khusus penumpang ke tanjung pinang sebelumnya sempat kesasar ke terminal fery khusus kendaraan 

terminal fery bersih dan lapangan parkir yg luas hanya pas ke toilet kotor mungkin masih pagi petugas mengerjakan hal yg lain overall informasi dan signage sangat membantu

kalo pagi masih bisa lihat sunrise yg bagus disini",terminal fery khusus tumpang tanjung pinang belum sempat kesasar terminal fery khusus kendara terminal fery bersih lapang parkir yg luas pas toilet kotor mungkin pagi tugas kerja yg overall informasi signage sangat bantu kalo pagi bisa lihat sunrise yg bagus sini,LABEL_0
Telaga Punggur Ferry Terminal,"Terminalnya bersih dan rapi. Proses drop off penumpang, pembelian tiket dan masuk ke kapal sangat mudah. Harga tiket nyeberang ke Tanjung Pinang Rp. 79rb  per org (2023). Tersedia eskalator dan lift utk penyandang disabilitas. Utk urusan perut juga banyak sekali makanan pilihan (bahkan ada resto nasi padang 😁).

Kalau dinding interiornya bisa dipasang seni instalasi dan warna catnya tidak cream akan lebih terlihat cozy tapi dan modern lagi dermaganya.",4 bintang,2 tahun lalu,"terminalnya bersih dan rapi proses drop off penumpang pembelian tiket dan masuk ke kapal sangat mudah harga tiket nyeberang ke tanjung pinang rp rb  per org  tersedia eskalator dan lift utk penyandang disabilitas utk urusan perut juga banyak sekali makanan pilihan bahkan ada resto nasi padang 

kalau dinding interiornya bisa dipasang seni instalasi dan warna catnya tidak cream akan lebih terlihat cozy tapi dan modern lagi dermaganya","terminalnya bersih dan rapi proses drop off penumpang pembelian tiket dan masuk ke kapal sangat mudah harga tiket nyeberang ke tanjung pinang rp rb  per org  tersedia eskalator dan lift utk penyandang disabilitas utk urusan perut juga banyak sekali makanan pilihan bahkan ada resto nasi padang 

kalau dinding interiornya bisa dipasang seni instalasi dan warna catnya tidak cream akan lebih terlihat cozy tapi dan modern lagi dermaganya",terminal bersih rapi proses drop off tumpang beli tiket masuk kapal sangat mudah harga tiket nyeberang tanjung pinang rp rb per org sedia eskalator lift utk sandang disabilitas utk urus perut banyak sekali makan pilih bahkan resto nasi padang kalau dinding interior pasang seni instalasi warna cat cream lebih lihat cozy dan modern dermaga,LABEL_0
Telaga Punggur Ferry Terminal,semoga pihak pemerintah menertibkan parkir2 disekitar terminal dan taxi di pelabuhan. karena membuat tidak nyaman,5 bintang,7 tahun lalu,semoga pihak pemerintah menertibkan parkir disekitar terminal dan taxi di pelabuhan karena membuat tidak nyaman,semoga pihak pemerintah menertibkan parkir disekitar terminal dan taxi di pelabuhan karena membuat tidak nyaman,moga pihak perintah tertib parkir sekitar terminal taxi labuh buat nyaman,LABEL_0
Telaga Punggur Ferry Terminal,"Pelayanan nya sangat khas Indonesia sekali. Pelabuhan nya bagus. Tertib. SDM nya sudah bagus tapi perlu ditingkatkan supaya semakin baik pelayanan nya. Kebersihan nya juga bagus dan perlu ditingkatkan. Berkali kali menggunakan jasa penyeberangan Telaga Punggur ini baik dengan Ro-ro maupun Ferry dengan bermacam pengalaman yang berbeda2 setiap kalinya. Overall berkesan semoga semakin baik kedepannya.
untuk menggunakan transportasi umum via online yg notabene nya sangat digandrungi anak zaman now agak susah disini mesti jalan jauh banget dr area pelabuhan ke halte atas. Jadi ga berfungsi samsek area drop off penumpang. Malah JD t4 Pemaksaan dari driver2 offline nya lumayan mengerikan bagi orang yang baru pertama kali.",4 bintang,setahun lalu,"pelayanan nya sangat khas indonesia sekali pelabuhan nya bagus tertib sdm nya sudah bagus tapi perlu ditingkatkan supaya semakin baik pelayanan nya kebersihan nya juga bagus dan perlu ditingkatkan berkali kali menggunakan jasa penyeberangan telaga punggur ini baik dengan roro maupun ferry dengan bermacam pengalaman yang berbeda setiap kalinya overall berkesan semoga semakin baik kedepannya
untuk menggunakan transportasi umum via online yg notabene nya sangat digandrungi anak zaman now agak susah disini mesti jalan jauh banget dr area pelabuhan ke halte atas jadi ga berfungsi samsek area drop off penumpang malah jd t pemaksaan dari driver offline nya lumayan mengerikan bagi orang yang baru pertama kali","pelayanan nya sangat khas indonesia sekali pelabuhan nya bagus tertib sdm nya sudah bagus tapi perlu ditingkatkan supaya semakin baik pelayanan nya kebersihan nya juga bagus dan perlu ditingkatkan berkali kali menggunakan jasa penyeberangan telaga punggur ini baik dengan roro maupun ferry dengan bermacam pengalaman yang berbeda setiap kalinya overall berkesan semoga semakin baik kedepannya
untuk menggunakan transportasi umum via online yg notabene nya sangat digandrungi anak zaman now agak susah disini mesti jalan jauh banget dr area pelabuhan ke halte atas jadi ga berfungsi samsek area drop off penumpang malah jd t pemaksaan dari driver offline nya lumayan mengerikan bagi orang yang baru pertama kali",layan nya sangat khas indonesia sekali labuh nya bagus tertib sdm nya bagus perlu tingkat makin baik layan nya bersih nya bagus perlu tingkat kali kali guna jasa seberang telaga punggur baik roro maupun ferry macam alam beda kali overall kesan moga makin baik depan untuk guna transportasi umum via online yg notabene nya sangat gandrung anak zaman now susah sini mesti jalan jauh banget dr area labuh halte atas jadi ga fungsi samsek area drop off tumpang malah jd t paksa driver offline nya lumayan keri orang baru pertama kali,LABEL_0
Telaga Punggur Ferry Terminal,"Ruang tunggunya nyaman, fasilitas toilet juga bersih, lebih tertib dan rapi dari sebelumnya. Dengan sistem pelayanan yang baru bagi yg ingin berpergian harus sudah stand by 30 menit sebeljm jadwal keberangkatan karena jarak tempuh dari tempat pembelian tiket ke ponton kapal lumayan jauh, sekitar 15-20 menit berjalan kaki.",5 bintang,Diedit 8 tahun lalu,ruang tunggunya nyaman fasilitas toilet juga bersih lebih tertib dan rapi dari sebelumnya dengan sistem pelayanan yang baru bagi yg ingin berpergian harus sudah stand by  menit sebeljm jadwal keberangkatan karena jarak tempuh dari tempat pembelian tiket ke ponton kapal lumayan jauh sekitar  menit berjalan kaki,ruang tunggunya nyaman fasilitas toilet juga bersih lebih tertib dan rapi dari sebelumnya dengan sistem pelayanan yang baru bagi yg ingin berpergian harus sudah stand by  menit sebeljm jadwal keberangkatan karena jarak tempuh dari tempat pembelian tiket ke ponton kapal lumayan jauh sekitar  menit berjalan kaki,ruang tunggu nyaman fasilitas toilet bersih lebih tertib rapi belum sistem layan baru yg pergi sudah stand by menit sebeljm jadwal berangkat jarak tempuh tempat beli tiket ponton kapal lumayan jauh menit jalan kaki,LABEL_0
Telaga Punggur Ferry Terminal,"terminal penyebrangan ke pulau bintan, tersedia kapal roro dan speed.",5 bintang,setahun lalu,terminal penyebrangan ke pulau bintan tersedia kapal roro dan speed,terminal penyebrangan ke pulau bintan tersedia kapal roro dan speed,terminal penyebrangan pulau bintan sedia kapal roro speed,LABEL_1
Telaga Punggur Ferry Terminal,"Tempat pulang pergi nya penumpang kapal atau pun roro terbaik di batam....

Terkadang juga sering dijadikan tmpt transaksi kirim barang luar pulau, sudah jarang terjadinya keributan antar pangkalan ojek didaerah tersebut...",5 bintang,6 bulan lalu,"tempat pulang pergi nya penumpang kapal atau pun roro terbaik di batam

terkadang juga sering dijadikan tmpt transaksi kirim barang luar pulau sudah jarang terjadinya keributan antar pangkalan ojek didaerah tersebut","tempat pulang pergi nya penumpang kapal atau pun roro terbaik di batam

terkadang juga sering dijadikan tmpt transaksi kirim barang luar pulau sudah jarang terjadinya keributan antar pangkalan ojek didaerah tersebut",tempat pulang pergi nya tumpang kapal pun roro baik batam terkadang sering jadi tmpt transaksi kirim barang luar pulau jarang jadi ribut antar pangkal ojek daerah sebut,LABEL_2
Telaga Punggur Ferry Terminal,Dermaga yang selalu bikin happy kalau sudah otw ke kampung Dabo Singkep dengan misi ketemu Nyokap kesayangan🥰 …,5 bintang,setahun lalu,dermaga yang selalu bikin happy kalau sudah otw ke kampung dabo singkep dengan misi ketemu nyokap kesayangan,dermaga yang selalu bikin happy kalau sudah otw ke kampung dabo singkep dengan misi ketemu nyokap kesayangan,dermaga selalu bikin happy kalau otw kampung dabo singkep misi ketemu nyokap sayang,LABEL_0
Telaga Punggur Ferry Terminal,Naik kapal Ferry disini kita akan disuguhkan dengan pemandangan laut nan indah.. angin yg kencang.. dan Singapura pun terlihat tidak jauh dari mata.. sungguh Indonesia yang mempesona,5 bintang,7 tahun lalu,naik kapal ferry disini kita akan disuguhkan dengan pemandangan laut nan indah angin yg kencang dan singapura pun terlihat tidak jauh dari mata sungguh indonesia yang mempesona,naik kapal ferry disini kita akan disuguhkan dengan pemandangan laut nan indah angin yg kencang dan singapura pun terlihat tidak jauh dari mata sungguh indonesia yang mempesona,naik kapal ferry sini akan suguh pandang laut nan indah angin yg kencang singapura lihat jauh mata sungguh indonesia pesona,LABEL_0
Telaga Punggur Ferry Terminal,"Pertama ke sini karena pindah tugas, bawa barang pindahan, jelas banyak.  Dari depan sampe kapal sejauh itu gak ada troli sebiji biji. Padahal itu  hal utama dalam sebuah layanan transportasi publik seperti pelabuhan kapal penumpang.  Toilet cukup bersih tapi gak ada tissue. Pas mau masuk ruang tunggu diburu buru udah kayak ngantri sembako. Jeda antara masuk ruang tunggu dan ke kapal serta kapal berangkat terlalu mepet. Entah karena ini long weekend mungkin. Padahal ini sumber income daerah yg besar tapi kurang maksimal dikelola. Mudah2n bisa lebih baik.",2 bintang,5 bulan lalu,pertama ke sini karena pindah tugas bawa barang pindahan jelas banyak  dari depan sampe kapal sejauh itu gak ada troli sebiji biji padahal itu  hal utama dalam sebuah layanan transportasi publik seperti pelabuhan kapal penumpang  toilet cukup bersih tapi gak ada tissue pas mau masuk ruang tunggu diburu buru udah kayak ngantri sembako jeda antara masuk ruang tunggu dan ke kapal serta kapal berangkat terlalu mepet entah karena ini long weekend mungkin padahal ini sumber income daerah yg besar tapi kurang maksimal dikelola mudahn bisa lebih baik,pertama ke sini karena pindah tugas bawa barang pindahan jelas banyak  dari depan sampe kapal sejauh itu gak ada troli sebiji biji padahal itu  hal utama dalam sebuah layanan transportasi publik seperti pelabuhan kapal penumpang  toilet cukup bersih tapi gak ada tissue pas mau masuk ruang tunggu diburu buru udah kayak ngantri sembako jeda antara masuk ruang tunggu dan ke kapal serta kapal berangkat terlalu mepet entah karena ini long weekend mungkin padahal ini sumber income daerah yg besar tapi kurang maksimal dikelola mudahn bisa lebih baik,pertama sini pindah tugas bawa barang pindah jelas banyak depan sampe kapal jauh gak troli biji biji padahal utama buah layan transportasi publik labuh kapal tumpang toilet cukup bersih gak tissue pas mau masuk ruang tunggu buru buru udah kayak ngantri sembako jeda masuk ruang tunggu ke kapal kapal berangkat terlalu mepet entah long weekend mungkin padahal ini sumber income daerah yg besar kurang maksimal kelola mudahn lebih baik,LABEL_2
Telaga Punggur Ferry Terminal,Pelabuah telaga punggu sudah lumayan bagus,5 bintang,10 bulan lalu,pelabuah telaga punggu sudah lumayan bagus,pelabuah telaga punggu sudah lumayan bagus,pelabuah telaga punggu lumayan bagus,LABEL_0
Telaga Punggur Ferry Terminal,Lumayan bagus. Tapi ya gitu² aja modelnya. Kalo dari loket tiket mau ke dermaga ferry harus tawaf dulu. Muter² melewati dua eskalator. Padahal ada shortcut yg bisa langsung ke gate boarding pass.,3 bintang,Diedit setahun lalu,lumayan bagus tapi ya gitu aja modelnya kalo dari loket tiket mau ke dermaga ferry harus tawaf dulu muter melewati dua eskalator padahal ada shortcut yg bisa langsung ke gate boarding pass,lumayan bagus tapi ya gitu aja modelnya kalo dari loket tiket mau ke dermaga ferry harus tawaf dulu muter melewati dua eskalator padahal ada shortcut yg bisa langsung ke gate boarding pass,lumayan bagus ya gitu aja model kalo loket tiket mau dermaga ferry tawaf dulu muter lewat eskalator padahal shortcut yg langsung gate boarding pass,LABEL_0
Telaga Punggur Ferry Terminal,"Parkir kacau balau, sistem tiketing tidak berjalan baik, masih banyak penumpang membayar tiket di dalam speedboat",1 bintang,setahun lalu,parkir kacau balau sistem tiketing tidak berjalan baik masih banyak penumpang membayar tiket di dalam speedboat,parkir kacau balau sistem tiketing tidak berjalan baik masih banyak penumpang membayar tiket di dalam speedboat,parkir kacau balau sistem tiketing jalan baik banyak tumpang bayar tiket dalam speedboat,LABEL_2
Telaga Punggur Ferry Terminal,"Bakalan keren nih, sedang dalam proses pengerjaan.",4 bintang,8 tahun lalu,bakalan keren nih sedang dalam proses pengerjaan,bakalan keren nih sedang dalam proses pengerjaan,bakal keren nih sedang proses kerja,LABEL_0
Telaga Punggur Ferry Terminal,"kurang profesional dalam masalah antrian penumpang saat mau boarding dan masuk ke kapal, diharapkan kepada operator kapal ferry dapat menerapkan kembali no kursi penumpang sesuai yg tertera pada tiket penumpang saat pembelian tiket",3 bintang,3 bulan lalu,kurang profesional dalam masalah antrian penumpang saat mau boarding dan masuk ke kapal diharapkan kepada operator kapal ferry dapat menerapkan kembali no kursi penumpang sesuai yg tertera pada tiket penumpang saat pembelian tiket,kurang profesional dalam masalah antrian penumpang saat mau boarding dan masuk ke kapal diharapkan kepada operator kapal ferry dapat menerapkan kembali no kursi penumpang sesuai yg tertera pada tiket penumpang saat pembelian tiket,kurang profesional masalah antri tumpang mau boarding masuk kapal harap operator kapal ferry terap no kursi tumpang sesuai yg tera tiket tumpang beli tiket,LABEL_1
Telaga Punggur Ferry Terminal,Pelayanan dari kru kapal ramah... Dan pelayanan penjual tiket dan bapak pas masuk boarding pas ramah.sampai saya salah jalan pun ditunjukkan jalan oleh bapak nya disana karna masih bingung. Alhamdulillah,5 bintang,3 tahun lalu,pelayanan dari kru kapal ramah dan pelayanan penjual tiket dan bapak pas masuk boarding pas ramahsampai saya salah jalan pun ditunjukkan jalan oleh bapak nya disana karna masih bingung alhamdulillah,pelayanan dari kru kapal ramah dan pelayanan penjual tiket dan bapak pas masuk boarding pas ramahsampai saya salah jalan pun ditunjukkan jalan oleh bapak nya disana karna masih bingung alhamdulillah,layan kru kapal ramah layan jual tiket bapak pas masuk boarding pas ramahsampai salah jalan tunjuk jalan bapak nya sana karna bingung alhamdulillah,LABEL_2
Telaga Punggur Ferry Terminal,"Nyeberang kali ini dari Batam ke Tanjung Uban dapat Ferry Roro yang ada Ruang VIPnya, bayar sih Rp. 25.000/orang. Konpensasi dari bayar ini Kita dapat Snack box ( berisi wafer, crakers, snack snack product Malay ), dan ada tersedia air panas termasuk disediakan kopi sachet, teh, gula. Dispensernya tersedia air normal dan air panas. Tidak semua Roro ferry Penyeberangan dari Batam ke Tanjung Uban maupun sebaliknya ada ruangan VIP ini.",3 bintang,setahun lalu,nyeberang kali ini dari batam ke tanjung uban dapat ferry roro yang ada ruang vipnya bayar sih rp orang konpensasi dari bayar ini kita dapat snack box  berisi wafer crakers snack snack product malay  dan ada tersedia air panas termasuk disediakan kopi sachet teh gula dispensernya tersedia air normal dan air panas tidak semua roro ferry penyeberangan dari batam ke tanjung uban maupun sebaliknya ada ruangan vip ini,nyeberang kali ini dari batam ke tanjung uban dapat ferry roro yang ada ruang vipnya bayar sih rp orang konpensasi dari bayar ini kita dapat snack box  berisi wafer crakers snack snack product malay  dan ada tersedia air panas termasuk disediakan kopi sachet teh gula dispensernya tersedia air normal dan air panas tidak semua roro ferry penyeberangan dari batam ke tanjung uban maupun sebaliknya ada ruangan vip ini,nyeberang kali batam tanjung uban ferry roro ruang vipnya bayar sih rp orang konpensasi bayar kita snack box isi wafer crakers snack snack product malay ada sedia air panas masuk sedia kopi sachet teh gula dispenser sedia air normal air panas semua roro ferry seberang dari batam tanjung uban maupun balik ada ruang vip,LABEL_1
Telaga Punggur Ferry Terminal,"Pelabuhan kapal Fery antar pulau kabupaten/kota di Pulau Batam ini sudah cukup bagus dan memadai serta sudah dapat beroperasi sebagaimana biasanya. Ada lift juga, cuma agak bingung untuk naik turun. Ha ha ha..😂😂 …",5 bintang,Diedit 4 bulan lalu,pelabuhan kapal fery antar pulau kabupatenkota di pulau batam ini sudah cukup bagus dan memadai serta sudah dapat beroperasi sebagaimana biasanya ada lift juga cuma agak bingung untuk naik turun ha ha ha,pelabuhan kapal fery antar pulau kabupatenkota di pulau batam ini sudah cukup bagus dan memadai serta sudah dapat beroperasi sebagaimana biasanya ada lift juga cuma agak bingung untuk naik turun ha ha ha,labuh kapal fery antar pulau kabupatenkota pulau batam sudah cukup bagus pada sudah operasi bagaimana biasa lift cuma bingung naik turun ha ha ha,LABEL_2
Telaga Punggur Ferry Terminal,"Pelabuhan ini menghubungkan Pulau Batam- Tanjung Uban -Tanjung Pinang, Kepulau Riau.

Naik speed dari Pelabuhan Ferry Telaga Punggur menuju Tanjung Uban hanya 10 menit. Hati-hati untuk pengguna jasa laut.",5 bintang,5 tahun lalu,"pelabuhan ini menghubungkan pulau batam tanjung uban tanjung pinang kepulau riau

naik speed dari pelabuhan ferry telaga punggur menuju tanjung uban hanya  menit hatihati untuk pengguna jasa laut","pelabuhan ini menghubungkan pulau batam tanjung uban tanjung pinang kepulau riau

naik speed dari pelabuhan ferry telaga punggur menuju tanjung uban hanya  menit hatihati untuk pengguna jasa laut",labuh hubung pulau batam tanjung uban tanjung pinang pulau riau naik speed labuh ferry telaga punggur tuju tanjung uban menit hatihati guna jasa laut,LABEL_1
Telaga Punggur Ferry Terminal,"Tahun 2016 terakhir saya ke batam, tahun 2024, saya kesini lagi, saya sampai lupa dengan banyaknya perubahan pada terminalnya... semua sudah berubah, dan modren, sudah lebih baik....semoga pelayanannya juga lebih profesional...👍👍👍👍 …",5 bintang,2 tahun lalu,tahun  terakhir saya ke batam tahun  saya kesini lagi saya sampai lupa dengan banyaknya perubahan pada terminalnya semua sudah berubah dan modren sudah lebih baiksemoga pelayanannya juga lebih profesional,tahun  terakhir saya ke batam tahun  saya kesini lagi saya sampai lupa dengan banyaknya perubahan pada terminalnya semua sudah berubah dan modren sudah lebih baiksemoga pelayanannya juga lebih profesional,tahun akhir ke batam tahun kesini saya lupa banyak ubah terminal semua ubah modren lebih baiksemoga layan lebih profesional,LABEL_0
Telaga Punggur Ferry Terminal,"Pelabuhan Punggur salah satu pelabuhan domestik yang ada di Kota Batam. Letaknya kurang lebih 40 menit dari pusat kota Batam di Nagoya. Untuk pergi ke pelabuhan anda bisa menggunakan taksi atau ojek online. Estimasi harga 150-200 ribu jika menggunakan ojek online dari nagoya, tergantung lokasi masing - masing. Fasilitas yang ada disana berupa tempat parkir mobil dan motor, jajanan juga banyak di dalamnya, ada minimarket, bakery dan kue untuk oleh2. Kalo yang belum sempat sarapan juga tersedia warung nasi di dalamnya di dekat tempat penjualan tiket dan morning bakery. Pemberangkatan skitar tiap 30 menit sekali ya, mohon dapat di koreksi jika ada yang salah. Harga tiket ke Tj pinang 80ribuan bgitu sebaliknya dari Tj pinang ke punggur Batam.
Smoga layanan yg ada di pelabuhan semakin bagus sehingga pengunjung merasa nyaman dan aman.",5 bintang,2 tahun lalu,"pelabuhan punggur salah satu pelabuhan domestik yang ada di kota batam letaknya kurang lebih  menit dari pusat kota batam di nagoya untuk pergi ke pelabuhan anda bisa menggunakan taksi atau ojek online estimasi harga  ribu jika menggunakan ojek online dari nagoya tergantung lokasi masing  masing fasilitas yang ada disana berupa tempat parkir mobil dan motor jajanan juga banyak di dalamnya ada minimarket bakery dan kue untuk oleh kalo yang belum sempat sarapan juga tersedia warung nasi di dalamnya di dekat tempat penjualan tiket dan morning bakery pemberangkatan skitar tiap  menit sekali ya mohon dapat di koreksi jika ada yang salah harga tiket ke tj pinang ribuan bgitu sebaliknya dari tj pinang ke punggur batam
smoga layanan yg ada di pelabuhan semakin bagus sehingga pengunjung merasa nyaman dan aman","pelabuhan punggur salah satu pelabuhan domestik yang ada di kota batam letaknya kurang lebih  menit dari pusat kota batam di nagoya untuk pergi ke pelabuhan anda bisa menggunakan taksi atau ojek online estimasi harga  ribu jika menggunakan ojek online dari nagoya tergantung lokasi masing  masing fasilitas yang ada disana berupa tempat parkir mobil dan motor jajanan juga banyak di dalamnya ada minimarket bakery dan kue untuk oleh kalo yang belum sempat sarapan juga tersedia warung nasi di dalamnya di dekat tempat penjualan tiket dan morning bakery pemberangkatan skitar tiap  menit sekali ya mohon dapat di koreksi jika ada yang salah harga tiket ke tj pinang ribuan bgitu sebaliknya dari tj pinang ke punggur batam
smoga layanan yg ada di pelabuhan semakin bagus sehingga pengunjung merasa nyaman dan aman",labuh punggur salah satu labuh domestik kota batam letak kurang lebih menit pusat kota batam nagoya pergi labuh bisa guna taksi ojek online estimasi harga ribu guna ojek online nagoya gantung lokasi masing masing fasilitas sana upa tempat parkir mobil motor jajan banyak dalam ada minimarket bakery kue oleh kalo belum sempat sarap sedia warung nasi dalam dekat tempat jual tiket morning bakery berangkat skitar tiap menit sekali mohon di koreksi ada salah harga tiket tj pinang ribu bgitu balik tj pinang punggur batam smoga layan yg ada di labuh makin bagus unjung rasa nyaman aman,LABEL_0
Telaga Punggur Ferry Terminal,"Terminalnya sdh bagus. Kapal Roro Ferrynya yang harus dimaintenance lagi biar Penumpangnya nyaman.
Meski penyeberangan Batam Tanjung Uban kali ini dapat yang ada ruangan VIPnya berbayar, masuk harus lepas sepatu/sandal, namun lantainya kurang bersih, berpasir. Terasa tidak enak dikaki, apalagi Kita dirumah juga terbiasa pakai sandal khusus dalam rumah, harus lepas alas kaki sangat tidak nyaman. Fasilitas selain AC ada TV, ada tempat untuk ngecas HP juga. Ada beberapa Bean Bag, tapi sepertinya sdh kempot harus diisi lagi, dan mungkin perlu dibersihkan.
Ada toilet juga diruangan ini.
Ada beberapa kursi sofa dengan mejanya. Kondisi ini masih lebih baik dari pada Roro Ferry yang tidak ada ruangan VIPnya. Terbuka tanpa AC, malah kadang banyak Orang merokok sembarangan.",3 bintang,setahun lalu,"terminalnya sdh bagus kapal roro ferrynya yang harus dimaintenance lagi biar penumpangnya nyaman
meski penyeberangan batam tanjung uban kali ini dapat yang ada ruangan vipnya berbayar masuk harus lepas sepatusandal namun lantainya kurang bersih berpasir terasa tidak enak dikaki apalagi kita dirumah juga terbiasa pakai sandal khusus dalam rumah harus lepas alas kaki sangat tidak nyaman fasilitas selain ac ada tv ada tempat untuk ngecas hp juga ada beberapa bean bag tapi sepertinya sdh kempot harus diisi lagi dan mungkin perlu dibersihkan
ada toilet juga diruangan ini
ada beberapa kursi sofa dengan mejanya kondisi ini masih lebih baik dari pada roro ferry yang tidak ada ruangan vipnya terbuka tanpa ac malah kadang banyak orang merokok sembarangan","terminalnya sdh bagus kapal roro ferrynya yang harus dimaintenance lagi biar penumpangnya nyaman
meski penyeberangan batam tanjung uban kali ini dapat yang ada ruangan vipnya berbayar masuk harus lepas sepatusandal namun lantainya kurang bersih berpasir terasa tidak enak dikaki apalagi kita dirumah juga terbiasa pakai sandal khusus dalam rumah harus lepas alas kaki sangat tidak nyaman fasilitas selain ac ada tv ada tempat untuk ngecas hp juga ada beberapa bean bag tapi sepertinya sdh kempot harus diisi lagi dan mungkin perlu dibersihkan
ada toilet juga diruangan ini
ada beberapa kursi sofa dengan mejanya kondisi ini masih lebih baik dari pada roro ferry yang tidak ada ruangan vipnya terbuka tanpa ac malah kadang banyak orang merokok sembarangan",terminal sdh bagus kapal roro ferrynya dimaintenance biar tumpang nyaman meski seberang batam tanjung uban kali dapat ruang vipnya bayar masuk lepas sepatusandal lantai kurang bersih pasir asa enak kaki kita rumah biasa pakai sandal khusus rumah lepas alas kaki sangat nyaman fasilitas ac tv tempat ngecas hp ada beberapa bean bag seperti sdh kempot harus isi dan mungkin perlu bersih ada toilet ruang ini ada beberapa kursi sofa meja kondisi masih lebih baik pada roro ferry tidak ada ruang vipnya buka ac malah kadang banyak orang rokok sembarang,LABEL_0
Telaga Punggur Ferry Terminal,"Menyeberang di Jumat pagi, suasana kondusif, tidak antri, cukup teratur.",4 bintang,3 tahun lalu,menyeberang di jumat pagi suasana kondusif tidak antri cukup teratur,menyeberang di jumat pagi suasana kondusif tidak antri cukup teratur,seberang jumat pagi suasana kondusif antri cukup atur,LABEL_1
Telaga Punggur Ferry Terminal,"Selama pengalaman naik Ferry atau Kapal Roro, Terminal ini yang aku suka, bukan cuma karena pelayanan bagus, tapi tempatnya yang dekat dengan posisi warung makan & pedagang roti, yang tidak jauh dari pelabuhan.",5 bintang,3 bulan lalu,selama pengalaman naik ferry atau kapal roro terminal ini yang aku suka bukan cuma karena pelayanan bagus tapi tempatnya yang dekat dengan posisi warung makan  pedagang roti yang tidak jauh dari pelabuhan,selama pengalaman naik ferry atau kapal roro terminal ini yang aku suka bukan cuma karena pelayanan bagus tapi tempatnya yang dekat dengan posisi warung makan  pedagang roti yang tidak jauh dari pelabuhan,lama alam naik ferry kapal roro terminal aku suka bukan cuma layan bagus tempat dekat posisi warung makan dagang roti yang tidak jauh labuh,LABEL_0
Telaga Punggur Ferry Terminal,"Semakin oke.
Damai dan tentram.
Semoga kedepan akan lebih indah dan khusus bagi penumpang merasakan kan keaman yg lebih baik lagi🤲
Kepri damai... …",5 bintang,setahun lalu,"semakin oke
damai dan tentram
semoga kedepan akan lebih indah dan khusus bagi penumpang merasakan kan keaman yg lebih baik lagi
kepri damai","semakin oke
damai dan tentram
semoga kedepan akan lebih indah dan khusus bagi penumpang merasakan kan keaman yg lebih baik lagi
kepri damai",makin oke damai tentram moga depan lebih indah khusus tumpang rasa kan aman yg lebih baik lagi kepri damai,LABEL_0
Telaga Punggur Ferry Terminal,"Mantap, Ferry nya tepat waktu, nyaman dan bersih. Tapi kalau penuh bisa ga dapat tempat duduk",5 bintang,Diedit 5 bulan lalu,mantap ferry nya tepat waktu nyaman dan bersih tapi kalau penuh bisa ga dapat tempat duduk,mantap ferry nya tepat waktu nyaman dan bersih tapi kalau penuh bisa ga dapat tempat duduk,mantap ferry nya tepat waktu nyaman bersih kalau penuh ga tempat duduk,LABEL_0
Telaga Punggur Ferry Terminal,"Secara umum sudah ok, lengkap petunjuk nya, sip sih",4 bintang,2 bulan lalu,secara umum sudah ok lengkap petunjuk nya sip sih,secara umum sudah ok lengkap petunjuk nya sip sih,umum ok lengkap tunjuk nya sip sih,LABEL_0
Telaga Punggur Ferry Terminal,"Luas, bersih, dan nyaman. Melayani penyeberangan ke Bintan, Dabo, dan lain-lain. Terminal keberangkatan lebih rapi dibandingkan terminal kedatangan yang terlihat agak semrawut, perlu ditingkatkan pelayanannya.",5 bintang,setahun lalu,luas bersih dan nyaman melayani penyeberangan ke bintan dabo dan lainlain terminal keberangkatan lebih rapi dibandingkan terminal kedatangan yang terlihat agak semrawut perlu ditingkatkan pelayanannya,luas bersih dan nyaman melayani penyeberangan ke bintan dabo dan lainlain terminal keberangkatan lebih rapi dibandingkan terminal kedatangan yang terlihat agak semrawut perlu ditingkatkan pelayanannya,luas bersih nyaman layan seberang bintan dabo lainlain terminal berangkat lebih rapi banding terminal datang lihat semrawut perlu tingkat layan,LABEL_0
Telaga Punggur Ferry Terminal,"pelabuhan di batam, sangat baik, pelayanan dna kenyamanan penumpang terjamin",4 bintang,10 bulan lalu,pelabuhan di batam sangat baik pelayanan dna kenyamanan penumpang terjamin,pelabuhan di batam sangat baik pelayanan dna kenyamanan penumpang terjamin,labuh batam sangat baik layan dna nyaman tumpang jamin,LABEL_0
Telaga Punggur Ferry Terminal,2018 Pernah nyebrang dari tanjung pinang ke telaga punggur batam... kurang lebih 1 jam perjalanan laut dengan ferry cepat,5 bintang,9 bulan lalu,pernah nyebrang dari tanjung pinang ke telaga punggur batam kurang lebih  jam perjalanan laut dengan ferry cepat,pernah nyebrang dari tanjung pinang ke telaga punggur batam kurang lebih  jam perjalanan laut dengan ferry cepat,pernah nyebrang tanjung pinang telaga punggur batam kurang lebih jam jalan laut ferry cepat,LABEL_1
Telaga Punggur Ferry Terminal,"Diluar expektasi fasilitas terminal, loket, jalur antrian, food court, ruang tunggu nya bagus, tinggal akses transportasi nya agar lebih lengkap yg bisa akses masuk dan dan fair terutama jika berurusan dng taxi..(taxi on line biar bagaimanapun adalah pilihan yg pantas)  visitor yg belum biasa perlu pelajari dulu sbl  sampai, kalem, pelajari dulu setelah sampai dan jangan segan banyak tanya dan konfirmasi tarif dsb.",4 bintang,setahun lalu,diluar expektasi fasilitas terminal loket jalur antrian food court ruang tunggu nya bagus tinggal akses transportasi nya agar lebih lengkap yg bisa akses masuk dan dan fair terutama jika berurusan dng taxitaxi on line biar bagaimanapun adalah pilihan yg pantas  visitor yg belum biasa perlu pelajari dulu sbl  sampai kalem pelajari dulu setelah sampai dan jangan segan banyak tanya dan konfirmasi tarif dsb,diluar expektasi fasilitas terminal loket jalur antrian food court ruang tunggu nya bagus tinggal akses transportasi nya agar lebih lengkap yg bisa akses masuk dan dan fair terutama jika berurusan dng taxitaxi on line biar bagaimanapun adalah pilihan yg pantas  visitor yg belum biasa perlu pelajari dulu sbl  sampai kalem pelajari dulu setelah sampai dan jangan segan banyak tanya dan konfirmasi tarif dsb,luar expektasi fasilitas terminal loket jalur antri food court ruang tunggu nya bagus tinggal akses transportasi nya lebih lengkap yg akses masuk fair utama urus dng taxitaxi on line biar adalah pilih yg pantas visitor yg biasa perlu ajar dulu sbl kalem ajar dulu sampai jangan segan banyak tanya dan konfirmasi tarif,LABEL_0
Telaga Punggur Ferry Terminal,"Pelabuhan yang melayani tujuan rute Bintan (Tanjung Uban) naik speedboat harga tidak sampai 60 ribu lama perjalanan 20 menit dan tujuan Tanjungpinang (Sri Bintan Pura) naik Ferry dengan harga tiket 80.500, lama perjalanan 1,5 jam.",5 bintang,2 bulan lalu,pelabuhan yang melayani tujuan rute bintan tanjung uban naik speedboat harga tidak sampai  ribu lama perjalanan  menit dan tujuan tanjungpinang sri bintan pura naik ferry dengan harga tiket  lama perjalanan  jam,pelabuhan yang melayani tujuan rute bintan tanjung uban naik speedboat harga tidak sampai  ribu lama perjalanan  menit dan tujuan tanjungpinang sri bintan pura naik ferry dengan harga tiket  lama perjalanan  jam,labuh layan tuju rute bintan tanjung uban naik speedboat harga sampai ribu lama jalan menit tuju tanjungpinang sri bintan pura naik ferry harga tiket lama jalan jam,LABEL_1
Telaga Punggur Ferry Terminal,"Terminal Ferry Telaga Punggur berlokasi di daerah Kabil Batam, pelabuhan domestik ini bersebelahan dengan pelabuhan kapal Roro.",5 bintang,6 tahun lalu,terminal ferry telaga punggur berlokasi di daerah kabil batam pelabuhan domestik ini bersebelahan dengan pelabuhan kapal roro,terminal ferry telaga punggur berlokasi di daerah kabil batam pelabuhan domestik ini bersebelahan dengan pelabuhan kapal roro,terminal ferry telaga punggur lokasi daerah kabil batam labuh domestik bahan labuh kapal roro,LABEL_1
Telaga Punggur Ferry Terminal,Pelabuhan Ferry antar pulau.. bersih dan nyaman,5 bintang,setahun lalu,pelabuhan ferry antar pulau bersih dan nyaman,pelabuhan ferry antar pulau bersih dan nyaman,labuh ferry antar pulau bersih nyaman,LABEL_0
Telaga Punggur Ferry Terminal,Pelabuhan nya sudah bagus beda dengan yg dulu2,4 bintang,5 tahun lalu,pelabuhan nya sudah bagus beda dengan yg dulu,pelabuhan nya sudah bagus beda dengan yg dulu,labuh nya bagus beda yg dulu,LABEL_0
Telaga Punggur Ferry Terminal,"Parkirny selalu padat, hari minggu full, harap bersabar cari parkiran",5 bintang,Diedit 2 tahun lalu,parkirny selalu padat hari minggu full harap bersabar cari parkiran,parkirny selalu padat hari minggu full harap bersabar cari parkiran,parkirny selalu padat hari minggu full harap sabar cari parkir,LABEL_0
Telaga Punggur Ferry Terminal,Bagus dan tertip. Toilet nya sidikit lebih di perhatikan kebersihan nya,5 bintang,sebulan lalu,bagus dan tertip toilet nya sidikit lebih di perhatikan kebersihan nya,bagus dan tertip toilet nya sidikit lebih di perhatikan kebersihan nya,bagus tip toilet nya sidikit lebih perhati bersih nya,LABEL_0
Telaga Punggur Ferry Terminal,"New info buat yang mau ke Sri Tenam Lingga via Punggur Batam.
Ada jadwal baru yak.
Jadi jadwal.dari Batam ke Sri Temam itu tiap.tanggal GANJIL.
dan Jadwal dari Segi Tenam ke Batam itu tiap tanggal GENAP.
Jangan lupa cek tanggal ya gaes",5 bintang,5 tahun lalu,"new info buat yang mau ke sri tenam lingga via punggur batam
ada jadwal baru yak
jadi jadwaldari batam ke sri temam itu tiaptanggal ganjil
dan jadwal dari segi tenam ke batam itu tiap tanggal genap
jangan lupa cek tanggal ya gaes","new info buat yang mau ke sri tenam lingga via punggur batam
ada jadwal baru yak
jadi jadwaldari batam ke sri temam itu tiaptanggal ganjil
dan jadwal dari segi tenam ke batam itu tiap tanggal genap
jangan lupa cek tanggal ya gaes",new info buat mau sri tenam lingga via punggur batam ada jadwal baru yak jadi jadwaldari batam sri tam tiaptanggal ganjil dan jadwal segi tenam batam tiap tanggal genap jangan lupa cek tanggal gaes,LABEL_1
Telaga Punggur Ferry Terminal,"Sistem onboarding Aneh, Udah tau kapasitas kursi kapal terbatas masih maksa Sampai Gak ada tempat duduk yang tersisa",2 bintang,5 bulan lalu,sistem onboarding aneh udah tau kapasitas kursi kapal terbatas masih maksa sampai gak ada tempat duduk yang tersisa,sistem onboarding aneh udah tau kapasitas kursi kapal terbatas masih maksa sampai gak ada tempat duduk yang tersisa,sistem onboarding aneh udah tau kapasitas kursi kapal batas maksa gak tempat duduk sisa,LABEL_2
Telaga Punggur Ferry Terminal,Jemput buah hati dari Tanjung uban 😍 …,5 bintang,7 bulan lalu,jemput buah hati dari tanjung uban,jemput buah hati dari tanjung uban,jemput buah hati tanjung uban,LABEL_1
Telaga Punggur Ferry Terminal,"Kondisi bangunan semakin membaik,
Ruang  tnunggu lumayan nyaman,
Dan dengan berbagai stand makanan dan oleh""",4 bintang,3 tahun lalu,"kondisi bangunan semakin membaik
ruang  tnunggu lumayan nyaman
dan dengan berbagai stand makanan dan oleh","kondisi bangunan semakin membaik
ruang  tnunggu lumayan nyaman
dan dengan berbagai stand makanan dan oleh",kondisi bangun makin baik ruang tnunggu lumayan nyaman dan bagai stand makan oleh,LABEL_0
Telaga Punggur Ferry Terminal,"Sudah tuambah keren, aman dan nyaman.. 😎👌👍 …",4 bintang,5 tahun lalu,sudah tuambah keren aman dan nyaman,sudah tuambah keren aman dan nyaman,tuambah keren aman nyaman,LABEL_0
Telaga Punggur Ferry Terminal,Sudah lebih baik. Tapi pengelola tidak bijak dalam mengatur arus masuk dan keluar kendaraan yg mengakibatkan antri TERLALU LAMA. Tidak profesional.,5 bintang,Diedit 3 tahun lalu,sudah lebih baik tapi pengelola tidak bijak dalam mengatur arus masuk dan keluar kendaraan yg mengakibatkan antri terlalu lama tidak profesional,sudah lebih baik tapi pengelola tidak bijak dalam mengatur arus masuk dan keluar kendaraan yg mengakibatkan antri terlalu lama tidak profesional,lebih baik kelola bijak atur arus masuk keluar kendara yg akibat antri terlalu lama profesional,LABEL_2
Telaga Punggur Ferry Terminal,"Ditempat kedatanga disediakan kursi roda

Hanya saja untuk mencari parkir mobil susah banget, dan posisi pintu masuk setelah keluar harus kelilimg jauh karena jalannya searah mungkin jaraknya ada 2 s.d 3km",4 bintang,2 tahun lalu,"ditempat kedatanga disediakan kursi roda

hanya saja untuk mencari parkir mobil susah banget dan posisi pintu masuk setelah keluar harus kelilimg jauh karena jalannya searah mungkin jaraknya ada  sd km","ditempat kedatanga disediakan kursi roda

hanya saja untuk mencari parkir mobil susah banget dan posisi pintu masuk setelah keluar harus kelilimg jauh karena jalannya searah mungkin jaraknya ada  sd km",tempat kedatanga sedia kursi roda hanya untuk cari parkir mobil susah banget posisi pintu masuk keluar kelilimg jauh jalan arah mungkin jarak sd km,LABEL_1
Telaga Punggur Ferry Terminal,"Pelabuhan penyebrangan antara batam dan tg. Pinang.
Pelabuhan yg bagus prlayanan ramah. Fasilitas lengkap seperti tempat ibadah. Tempat makan dan parkir inap.",5 bintang,4 tahun lalu,"pelabuhan penyebrangan antara batam dan tg pinang
pelabuhan yg bagus prlayanan ramah fasilitas lengkap seperti tempat ibadah tempat makan dan parkir inap","pelabuhan penyebrangan antara batam dan tg pinang
pelabuhan yg bagus prlayanan ramah fasilitas lengkap seperti tempat ibadah tempat makan dan parkir inap",labuh penyebrangan batam tg pinang labuh yg bagus prlayanan ramah fasilitas lengkap tempat ibadah tempat makan parkir inap,LABEL_0
Telaga Punggur Ferry Terminal,"Pelabuhan penyebrangan utk pulang kampung (Tg.Pinang) dgn naik kapal yg mengasikkan.
Trimks.",5 bintang,3 tahun lalu,"pelabuhan penyebrangan utk pulang kampung tgpinang dgn naik kapal yg mengasikkan
trimks","pelabuhan penyebrangan utk pulang kampung tgpinang dgn naik kapal yg mengasikkan
trimks",labuh penyebrangan utk pulang kampung tgpinang dgn naik kapal yg mengasikkan trimks,LABEL_0
Telaga Punggur Ferry Terminal,Viewnya bagus banget di ruang tunggu dan pembelian tiket.,5 bintang,2 tahun lalu,viewnya bagus banget di ruang tunggu dan pembelian tiket,viewnya bagus banget di ruang tunggu dan pembelian tiket,viewnya bagus banget ruang tunggu beli tiket,LABEL_0
Telaga Punggur Ferry Terminal,"Bersih... nyaman....
Musim libur kantong parkir kurang.",5 bintang,2 tahun lalu,"bersih nyaman
musim libur kantong parkir kurang","bersih nyaman
musim libur kantong parkir kurang",bersih nyaman musim libur kantong parkir kurang,LABEL_0
Telaga Punggur Ferry Terminal,"Baru pertama kesini dan baru tau proses di pelabuhan sudah sebaik ini, harga juga oke dengan mangkas waktu yang jauh banget kalau ferry 1 jam lebih speed boat cuma 10 menit",5 bintang,3 minggu lalu,baru pertama kesini dan baru tau proses di pelabuhan sudah sebaik ini harga juga oke dengan mangkas waktu yang jauh banget kalau ferry  jam lebih speed boat cuma  menit,baru pertama kesini dan baru tau proses di pelabuhan sudah sebaik ini harga juga oke dengan mangkas waktu yang jauh banget kalau ferry  jam lebih speed boat cuma  menit,baru pertama kesini baru tau proses labuh baik harga oke mangkas waktu jauh banget kalau ferry jam lebih speed boat cuma menit,LABEL_2
Telaga Punggur Ferry Terminal,"Penyeberangan ke Tanjung Pinang, ke Tanjung Uban ( dng kapal Roro unt yg bawa kendaraan butuh waktu 1 jam tiket mobil Rp. 227rb ). Dan bisa naik sped yg hanya 15 menit dng kapasitas 40 orang. Tiket 47rb per orang.",4 bintang,8 tahun lalu,penyeberangan ke tanjung pinang ke tanjung uban  dng kapal roro unt yg bawa kendaraan butuh waktu  jam tiket mobil rp rb  dan bisa naik sped yg hanya  menit dng kapasitas  orang tiket rb per orang,penyeberangan ke tanjung pinang ke tanjung uban  dng kapal roro unt yg bawa kendaraan butuh waktu  jam tiket mobil rp rb  dan bisa naik sped yg hanya  menit dng kapasitas  orang tiket rb per orang,seberang tanjung pinang tanjung uban dng kapal roro unt yg bawa kendara butuh waktu jam tiket mobil rp rb bisa naik sped yg menit dng kapasitas orang tiket rb per orang,LABEL_1
Telaga Punggur Ferry Terminal,"Terminal super sibuk di Batam...
Yang melayani penyebrangan antar pulau...

Padat lalu lalang",5 bintang,4 bulan lalu,"terminal super sibuk di batam
yang melayani penyebrangan antar pulau

padat lalu lalang","terminal super sibuk di batam
yang melayani penyebrangan antar pulau

padat lalu lalang",terminal super sibuk batam yang layan penyebrangan antar pulau padat lalu lalang,LABEL_1
Telaga Punggur Ferry Terminal,"Pertama ke Tanjungpinang ,pelabuhan bersih ,tertib dan rapi",5 bintang,11 bulan lalu,pertama ke tanjungpinang pelabuhan bersih tertib dan rapi,pertama ke tanjungpinang pelabuhan bersih tertib dan rapi,pertama tanjungpinang labuh bersih tertib rapi,LABEL_1
Telaga Punggur Ferry Terminal,"Lumayan bagus, arus mudik tidak ribet, tidak ngantri, minus ruang kurang pelabuhan pendinginan, terasa sedikit panas",4 bintang,3 bulan lalu,lumayan bagus arus mudik tidak ribet tidak ngantri minus ruang kurang pelabuhan pendinginan terasa sedikit panas,lumayan bagus arus mudik tidak ribet tidak ngantri minus ruang kurang pelabuhan pendinginan terasa sedikit panas,lumayan bagus arus mudik ribet ngantri minus ruang kurang labuh dingin asa sedikit panas,LABEL_0
Telaga Punggur Ferry Terminal,"bersih, dan kapal berangkat sangat on time. kapal pertama lumayan sepi jam 07.30 kapal berangkat 07.31. kapal dari pinang lebih cepat dari tiket harusnya jam 15.00 tapi jam 14.45 sudah berangkat tapi lumayan full",5 bintang,2 tahun lalu,bersih dan kapal berangkat sangat on time kapal pertama lumayan sepi jam  kapal berangkat  kapal dari pinang lebih cepat dari tiket harusnya jam  tapi jam  sudah berangkat tapi lumayan full,bersih dan kapal berangkat sangat on time kapal pertama lumayan sepi jam  kapal berangkat  kapal dari pinang lebih cepat dari tiket harusnya jam  tapi jam  sudah berangkat tapi lumayan full,bersih kapal berangkat sangat on time kapal pertama lumayan sepi jam kapal berangkat kapal pinang lebih cepat tiket harus jam jam berangkat lumayan full,LABEL_0
Telaga Punggur Ferry Terminal,"Bersih dan teratur, X-Ray nya blm jalan",5 bintang,8 tahun lalu,bersih dan teratur xray nya blm jalan,bersih dan teratur xray nya blm jalan,bersih atur xray nya blm jalan,LABEL_2
Telaga Punggur Ferry Terminal,"Semenjak sudah renov parkiran jadi lebih lapang. Lantai 3 penjualan tiket panas, AC gak sejuk WC-nya gak ada tisu dan sabun cuci tangan. Ruang tunggu lantai 2 lumayan sejuk dan WC-nya ada tisu serta sabun cuci tangan. Kapal Ferry kayak keong semenjak tak pakai solar subsidi.",3 bintang,2 tahun lalu,semenjak sudah renov parkiran jadi lebih lapang lantai  penjualan tiket panas ac gak sejuk wcnya gak ada tisu dan sabun cuci tangan ruang tunggu lantai  lumayan sejuk dan wcnya ada tisu serta sabun cuci tangan kapal ferry kayak keong semenjak tak pakai solar subsidi,semenjak sudah renov parkiran jadi lebih lapang lantai  penjualan tiket panas ac gak sejuk wcnya gak ada tisu dan sabun cuci tangan ruang tunggu lantai  lumayan sejuk dan wcnya ada tisu serta sabun cuci tangan kapal ferry kayak keong semenjak tak pakai solar subsidi,semenjak renov parkir jadi lebih lapang lantai jual tiket panas ac gak sejuk wcnya gak tisu sabun cuci tangan ruang tunggu lantai lumayan sejuk wcnya tisu sabun cuci tangan kapal ferry kayak keong semenjak tak pakai solar subsidi,LABEL_0
Telaga Punggur Ferry Terminal,"Aturan kurang ketat dalam pembelian tiket,, masih banyak calo yg dpt membuat kapal over kapasitas.. semoga kedepannya lebih baik dan teratur..",3 bintang,setahun lalu,aturan kurang ketat dalam pembelian tiket masih banyak calo yg dpt membuat kapal over kapasitas semoga kedepannya lebih baik dan teratur,aturan kurang ketat dalam pembelian tiket masih banyak calo yg dpt membuat kapal over kapasitas semoga kedepannya lebih baik dan teratur,atur kurang ketat beli tiket banyak calo yg dpt buat kapal over kapasitas moga depan lebih baik atur,LABEL_2
Telaga Punggur Ferry Terminal,sampai sat ini pelayanan di segala bidang sudah lumayan dan bersih itulah hasil keputusan gubernur kepri walikota batam dan berjalan dengan dukungan masyarakat dan pelaksana pelabuhan Ferry,5 bintang,setahun lalu,sampai sat ini pelayanan di segala bidang sudah lumayan dan bersih itulah hasil keputusan gubernur kepri walikota batam dan berjalan dengan dukungan masyarakat dan pelaksana pelabuhan ferry,sampai sat ini pelayanan di segala bidang sudah lumayan dan bersih itulah hasil keputusan gubernur kepri walikota batam dan berjalan dengan dukungan masyarakat dan pelaksana pelabuhan ferry,sat layan segala bidang lumayan bersih hasil putus gubernur kepri walikota batam jalan dukung masyarakat laksana labuh ferry,LABEL_0
Telaga Punggur Ferry Terminal,"Salah satu pelabuhan tersibuk di Batam. Disebelahnya pelabuhan Roro yang mau bawa kendaraan ke Bintan lewat tanjung uban..
Video yang saya unggah ketika cuaca buruk pada awal tahun baru Januari 2023, angin kencang memicu ombak yang tinggi sehingga penumpang dibatasi...
Yang dari pinang, harus jauh menuju pintu keluar, kecuali mau naik taksi, pintu keluar sudah disambut taksi, namun bagi yang tidak ingin naik taksi harus berjalan, naik tangga ke lantai 3 (klo tidak salah), ada lift tersedia namun cuma satu unit, kalau menunggu antrian lift sangat lama.. semoga makin berbenah jangan tarif aja yg naik, pelayanan juga harus lebih baik.",5 bintang,3 tahun lalu,"salah satu pelabuhan tersibuk di batam disebelahnya pelabuhan roro yang mau bawa kendaraan ke bintan lewat tanjung uban
video yang saya unggah ketika cuaca buruk pada awal tahun baru januari  angin kencang memicu ombak yang tinggi sehingga penumpang dibatasi
yang dari pinang harus jauh menuju pintu keluar kecuali mau naik taksi pintu keluar sudah disambut taksi namun bagi yang tidak ingin naik taksi harus berjalan naik tangga ke lantai  klo tidak salah ada lift tersedia namun cuma satu unit kalau menunggu antrian lift sangat lama semoga makin berbenah jangan tarif aja yg naik pelayanan juga harus lebih baik","salah satu pelabuhan tersibuk di batam disebelahnya pelabuhan roro yang mau bawa kendaraan ke bintan lewat tanjung uban
video yang saya unggah ketika cuaca buruk pada awal tahun baru januari  angin kencang memicu ombak yang tinggi sehingga penumpang dibatasi
yang dari pinang harus jauh menuju pintu keluar kecuali mau naik taksi pintu keluar sudah disambut taksi namun bagi yang tidak ingin naik taksi harus berjalan naik tangga ke lantai  klo tidak salah ada lift tersedia namun cuma satu unit kalau menunggu antrian lift sangat lama semoga makin berbenah jangan tarif aja yg naik pelayanan juga harus lebih baik",salah satu labuh sibuk batam belah labuh roro mau bawa kendara bintan lewat tanjung uban video saya unggah cuaca buruk awal tahun baru januari angin kencang picu ombak tinggi tumpang batas yang pinang jauh tuju pintu keluar mau naik taksi pintu keluar sambut taksi bagi naik taksi jalan naik tangga lantai klo tidak salah lift sedia cuma satu unit kalau tunggu antri lift sangat lama moga makin benah jangan tarif aja yg naik layan harus lebih baik,LABEL_2
Telaga Punggur Ferry Terminal,"Secara keseluruhan bagus, hanya posisi turun penumpang dengan pintu masuk jaraknya cukup jauh. Apabila keadaan ramai, maka para penumpang harus menaiki anak tangga dan cukup menguras tenaga. Ada gerai Indomaret dekat area parkiran kendaraan roda 4. Pelabuhannya sangat ramai meski tidak di saat jam sibuk.

Airnya biru dan sangat jernih, sehingga sangat memanjakan mata...",5 bintang,setahun lalu,"secara keseluruhan bagus hanya posisi turun penumpang dengan pintu masuk jaraknya cukup jauh apabila keadaan ramai maka para penumpang harus menaiki anak tangga dan cukup menguras tenaga ada gerai indomaret dekat area parkiran kendaraan roda  pelabuhannya sangat ramai meski tidak di saat jam sibuk

airnya biru dan sangat jernih sehingga sangat memanjakan mata","secara keseluruhan bagus hanya posisi turun penumpang dengan pintu masuk jaraknya cukup jauh apabila keadaan ramai maka para penumpang harus menaiki anak tangga dan cukup menguras tenaga ada gerai indomaret dekat area parkiran kendaraan roda  pelabuhannya sangat ramai meski tidak di saat jam sibuk

airnya biru dan sangat jernih sehingga sangat memanjakan mata",seluruh bagus posisi turun tumpang pintu masuk jarak cukup jauh apabila ada ramai para tumpang naik anak tangga cukup uras tenaga gerai indomaret dekat area parkir kendara roda labuh sangat ramai meski di jam sibuk air biru sangat jernih sangat manja mata,LABEL_0
Telaga Punggur Ferry Terminal,"Mungkin untuk fasilitas dilengkapi lagi ,dan akses dari mulai masuk sampai ke perahu aga lumayan jauh juga naik turun ...",5 bintang,6 tahun lalu,mungkin untuk fasilitas dilengkapi lagi dan akses dari mulai masuk sampai ke perahu aga lumayan jauh juga naik turun,mungkin untuk fasilitas dilengkapi lagi dan akses dari mulai masuk sampai ke perahu aga lumayan jauh juga naik turun,mungkin fasilitas lengkap dan akses mulai masuk ke perahu aga lumayan jauh naik turun,LABEL_0
Telaga Punggur Ferry Terminal,"Tempatnya rame....hilir mudik penumpang
Tujuan Tanjung Pinang (PP), Tanjung Pandan, Jagoh Dabo Singkep & Daek Lingga

Tiket PP lebih murah daripada one way, selisih 15ribu (sudah termasuk boarding -10rb)

Akses dari batam gampang, bs order driver online dari hotel

Akses keluarnya yg susah, harus ada jemputan ato akan berurusan dengan driver taksi yang berisik. Kayak diterminal-terminal Besar dijawa tahun 2000-an (secara sekarang hampir semua terminal Besar dijawa sudah cukup nyaman)

Hehe pastikan punya kenalan yang jemput ato punya nomer driver online biar bisa kontak offline (pst....rahasia y 😅)",5 bintang,Diedit 7 tahun lalu,"tempatnya ramehilir mudik penumpang
tujuan tanjung pinang pp tanjung pandan jagoh dabo singkep  daek lingga

tiket pp lebih murah daripada one way selisih ribu sudah termasuk boarding rb

akses dari batam gampang bs order driver online dari hotel

akses keluarnya yg susah harus ada jemputan ato akan berurusan dengan driver taksi yang berisik kayak diterminalterminal besar dijawa tahun an secara sekarang hampir semua terminal besar dijawa sudah cukup nyaman

hehe pastikan punya kenalan yang jemput ato punya nomer driver online biar bisa kontak offline pstrahasia y","tempatnya ramehilir mudik penumpang
tujuan tanjung pinang pp tanjung pandan jagoh dabo singkep  daek lingga

tiket pp lebih murah daripada one way selisih ribu sudah termasuk boarding rb

akses dari batam gampang bs order driver online dari hotel

akses keluarnya yg susah harus ada jemputan ato akan berurusan dengan driver taksi yang berisik kayak diterminalterminal besar dijawa tahun an secara sekarang hampir semua terminal besar dijawa sudah cukup nyaman

hehe pastikan punya kenalan yang jemput ato punya nomer driver online biar bisa kontak offline pstrahasia y",tempat ramehilir mudik tumpang tuju tanjung pinang pp tanjung pandan jagoh dabo singkep daek lingga tiket pp lebih murah one way selisih ribu masuk boarding rb akses batam gampang bs order driver online hotel akses keluar yg susah ada jemput ato urus driver taksi berisik kayak diterminalterminal besar dijawa tahun an sekarang hampir semua terminal besar dijawa cukup nyaman hehe pasti punya kenal jemput ato punya nomer driver online biar kontak offline pstrahasia y,LABEL_0
Telaga Punggur Ferry Terminal,"Pelabuhan Roro, melayani perjalanan menggunakan kendaraan pribadi untuk di bawa ke pelabuhan tanjung uban dari pulau batam.  Perjalan ditempuh dalam waktu kurang lebih 1 jam, dengan jadual mulai jam 07.00 sampai dengan 18.00",5 bintang,5 tahun lalu,pelabuhan roro melayani perjalanan menggunakan kendaraan pribadi untuk di bawa ke pelabuhan tanjung uban dari pulau batam  perjalan ditempuh dalam waktu kurang lebih  jam dengan jadual mulai jam  sampai dengan,pelabuhan roro melayani perjalanan menggunakan kendaraan pribadi untuk di bawa ke pelabuhan tanjung uban dari pulau batam  perjalan ditempuh dalam waktu kurang lebih  jam dengan jadual mulai jam  sampai dengan,labuh roro layan jalan guna kendara pribadi di bawa labuh tanjung uban pulau batam jalan tempuh waktu kurang lebih jam jadual mulai jam dengan,LABEL_1
Telaga Punggur Ferry Terminal,Semakin apdate tmpat ny.mantap.,5 bintang,6 tahun lalu,semakin apdate tmpat nymantap,semakin apdate tmpat nymantap,makin apdate tmpat nymantap,LABEL_0
Telaga Punggur Ferry Terminal,Trmpatnya nyaman dan bersih tersedia ruang tunggu dan tmpat ngopi,5 bintang,2 tahun lalu,trmpatnya nyaman dan bersih tersedia ruang tunggu dan tmpat ngopi,trmpatnya nyaman dan bersih tersedia ruang tunggu dan tmpat ngopi,trmpatnya nyaman bersih sedia ruang tunggu tmpat ngopi,LABEL_0
Telaga Punggur Ferry Terminal,Pelabuhannya bersih. Luas. Nyaman. Aman. Banyak stand penjual makanan dan minuman. Ada kopi O dan Morning Bakery juga.,5 bintang,2 tahun lalu,pelabuhannya bersih luas nyaman aman banyak stand penjual makanan dan minuman ada kopi o dan morning bakery juga,pelabuhannya bersih luas nyaman aman banyak stand penjual makanan dan minuman ada kopi o dan morning bakery juga,labuh bersih luas nyaman aman banyak stand jual makan minum kopi o morning bakery,LABEL_0
Telaga Punggur Ferry Terminal,"Pelabuhan domestik.. sy sendiri melakukan penyebrangan ke Tanjungpinang untuk pertama kalinya..
Tiket kapal nya murah hanya 54rb..
semua ok..👍 …",5 bintang,6 tahun lalu,"pelabuhan domestik sy sendiri melakukan penyebrangan ke tanjungpinang untuk pertama kalinya
tiket kapal nya murah hanya rb
semua ok","pelabuhan domestik sy sendiri melakukan penyebrangan ke tanjungpinang untuk pertama kalinya
tiket kapal nya murah hanya rb
semua ok",labuh domestik sy sendiri laku penyebrangan tanjungpinang pertama kali tiket kapal nya murah rb semua,LABEL_0
Telaga Punggur Ferry Terminal,Penumpang Kapal Roro pada lebaran ke 5 tahun 2024. Sangat menarik. Saya sangat menikmati perjalanan.,5 bintang,2 tahun lalu,penumpang kapal roro pada lebaran ke  tahun  sangat menarik saya sangat menikmati perjalanan,penumpang kapal roro pada lebaran ke  tahun  sangat menarik saya sangat menikmati perjalanan,tumpang kapal roro lebaran tahun sangat tarik sangat nikmat jalan,LABEL_0
Telaga Punggur Ferry Terminal,"Terminal punggur sekarang sudah tambah bagus rapi dan bersih...semoga kedepannya tambah bagus..saran saya untuk ke tanjung pinang gunakan kapal oceana selain tiketnya murah, kapal on time didalam kapal ada yang jual aqua, teh botol dan mie gelas..perjalanan nyaman dan waktu tempuh antara 45 menit sampai 1 jam perjalanan.",5 bintang,7 tahun lalu,terminal punggur sekarang sudah tambah bagus rapi dan bersihsemoga kedepannya tambah bagussaran saya untuk ke tanjung pinang gunakan kapal oceana selain tiketnya murah kapal on time didalam kapal ada yang jual aqua teh botol dan mie gelasperjalanan nyaman dan waktu tempuh antara  menit sampai  jam perjalanan,terminal punggur sekarang sudah tambah bagus rapi dan bersihsemoga kedepannya tambah bagussaran saya untuk ke tanjung pinang gunakan kapal oceana selain tiketnya murah kapal on time didalam kapal ada yang jual aqua teh botol dan mie gelasperjalanan nyaman dan waktu tempuh antara  menit sampai  jam perjalanan,terminal punggur sekarang tambah bagus rapi bersihsemoga depan tambah bagussaran untuk tanjung pinang guna kapal oceana tiket murah kapal on time dalam kapal yang jual aqua teh botol mie gelasperjalanan nyaman waktu tempuh menit jam jalan,LABEL_0
Telaga Punggur Ferry Terminal,"Layanan mulai dari penjualan tiket, pemeriksaan penumpang sampai masuk kapal cukup bagus.
Hanya usul, pengelola perlu punya media sosial (minimal Instagram) yang memberi info up-to-date jam berangkat, dll. Sehingga penumpang bisa memastikan jenis kapal dan jam keberangkatannya.",5 bintang,3 tahun lalu,"layanan mulai dari penjualan tiket pemeriksaan penumpang sampai masuk kapal cukup bagus
hanya usul pengelola perlu punya media sosial minimal instagram yang memberi info uptodate jam berangkat dll sehingga penumpang bisa memastikan jenis kapal dan jam keberangkatannya","layanan mulai dari penjualan tiket pemeriksaan penumpang sampai masuk kapal cukup bagus
hanya usul pengelola perlu punya media sosial minimal instagram yang memberi info uptodate jam berangkat dll sehingga penumpang bisa memastikan jenis kapal dan jam keberangkatannya",layan mulai jual tiket periksa tumpang masuk kapal cukup bagus hanya usul kelola perlu punya media sosial minimal instagram beri info uptodate jam berangkat sehingga tumpang pasti jenis kapal jam berangkat,LABEL_1
Telaga Punggur Ferry Terminal,Cukup bagus dan perku sikit improp,4 bintang,4 bulan lalu,cukup bagus dan perku sikit improp,cukup bagus dan perku sikit improp,cukup bagus per sikit improp,LABEL_0
Telaga Punggur Ferry Terminal,Halte  dibikin tempat parkir  jadi kakau kita menurunkan penumpang susah dan halte terlalu dekat dengan gate keluar mobil dari pelabuhan mohon ditertipkan mobil yg parkir trmks,4 bintang,Diedit 4 bulan lalu,halte  dibikin tempat parkir  jadi kakau kita menurunkan penumpang susah dan halte terlalu dekat dengan gate keluar mobil dari pelabuhan mohon ditertipkan mobil yg parkir trmks,halte  dibikin tempat parkir  jadi kakau kita menurunkan penumpang susah dan halte terlalu dekat dengan gate keluar mobil dari pelabuhan mohon ditertipkan mobil yg parkir trmks,halte bikin tempat parkir jadi kakau turun tumpang susah halte terlalu dekat gate keluar mobil labuh mohon tip mobil yg parkir trmks,LABEL_1
Telaga Punggur Ferry Terminal,"Pelabuhan Punggur di Batam adalah salah satu pelabuhan penting yang melayani transportasi penumpang dan barang, khususnya untuk rute Batam–Tanjung Pinang dan Batam–Pulau-pulau di sekitar Kepulauan Riau. Terletak di bagian timur Pulau Batam, pelabuhan ini menjadi pusat konektivitas bagi masyarakat yang bepergian antar-pulau menggunakan kapal feri dan speedboat",4 bintang,setahun lalu,pelabuhan punggur di batam adalah salah satu pelabuhan penting yang melayani transportasi penumpang dan barang khususnya untuk rute batamtanjung pinang dan batampulaupulau di sekitar kepulauan riau terletak di bagian timur pulau batam pelabuhan ini menjadi pusat konektivitas bagi masyarakat yang bepergian antarpulau menggunakan kapal feri dan speedboat,pelabuhan punggur di batam adalah salah satu pelabuhan penting yang melayani transportasi penumpang dan barang khususnya untuk rute batamtanjung pinang dan batampulaupulau di sekitar kepulauan riau terletak di bagian timur pulau batam pelabuhan ini menjadi pusat konektivitas bagi masyarakat yang bepergian antarpulau menggunakan kapal feri dan speedboat,labuh punggur batam salah satu labuh penting layan transportasi tumpang barang khusus rute batamtanjung pinang batampulaupulau sekitar pulau riau letak bagi timur pulau batam labuh jadi pusat konektivitas masyarakat pergi antarpulau guna kapal feri speedboat,LABEL_0
Telaga Punggur Ferry Terminal,Masih belum selesai pembangunannya sehingga masih belum tertata rapi...,4 bintang,Diedit 7 tahun lalu,masih belum selesai pembangunannya sehingga masih belum tertata rapi,masih belum selesai pembangunannya sehingga masih belum tertata rapi,selesai bangun masih belum tata rapi,LABEL_1
Telaga Punggur Ferry Terminal,Tryout local ferry MV OCEANNA from Tanjung Pinang (Bintan) local ferry terminal to Telaga Pungur Ferry,4 bintang,5 bulan lalu,tryout local ferry mv oceanna from tanjung pinang bintan local ferry terminal to telaga pungur ferry,tryout local ferry mv oceanna from tanjung pinang bintan local ferry terminal to telaga pungur ferry,tryout local ferry mv oceanna from tanjung pinang bintan local ferry terminal to telaga pungur ferry,LABEL_1
Telaga Punggur Ferry Terminal,Terminal ferry penyebrangan ke Tanjung Pinang. Fasilitasnya lengkap. Lokasinya bersih.,5 bintang,setahun lalu,terminal ferry penyebrangan ke tanjung pinang fasilitasnya lengkap lokasinya bersih,terminal ferry penyebrangan ke tanjung pinang fasilitasnya lengkap lokasinya bersih,terminal ferry penyebrangan tanjung pinang fasilitas lengkap lokasi bersih,LABEL_0
Telaga Punggur Ferry Terminal,Tempat penyeberangan dari Batam  ke Pulau Singkep   lumayan rame jika hari raya. Hanya fasilitas kurang luas ruang tunggunya. Tapi pemandangan sekitar sangat bagus lautnya tenang pokoke ok lah,5 bintang,4 bulan lalu,tempat penyeberangan dari batam  ke pulau singkep   lumayan rame jika hari raya hanya fasilitas kurang luas ruang tunggunya tapi pemandangan sekitar sangat bagus lautnya tenang pokoke ok lah,tempat penyeberangan dari batam  ke pulau singkep   lumayan rame jika hari raya hanya fasilitas kurang luas ruang tunggunya tapi pemandangan sekitar sangat bagus lautnya tenang pokoke ok lah,tempat seberang batam pulau singkep lumayan rame hari raya fasilitas kurang luas ruang tunggu pandang sangat bagus laut tenang pokoke lah,LABEL_0
Telaga Punggur Ferry Terminal,"Ke pulau Bintan kalau mau cepat , bagusnya naik speed, beli tiketnya di situ loket",4 bintang,Diedit setahun lalu,ke pulau bintan kalau mau cepat  bagusnya naik speed beli tiketnya di situ loket,ke pulau bintan kalau mau cepat  bagusnya naik speed beli tiketnya di situ loket,pulau bintan kalau mau cepat bagus naik speed beli tiket situ loket,LABEL_0
Telaga Punggur Ferry Terminal,"TERMINAL FERRY TELAGA PUNGGUR melayani pemberangkatan/kedatangan ferry dan kapal roro ke beberapa jurusan seperti Tanjung Pinang, Pulau Singkep, Pulau Lingga atau Pelabuhan Tanjung Uban.

Destinasi Pulau Batam - Tanjungpinang (Pulau Bintan) PP waktunya hampir setiap jam. Sedangkan destinasi yang lain terdapat jadwalnya yang ditentukan.

Terminalnya baik, teratur, ramai, loket tiket, kedai kuliner dan transportasi publik seperti Bus Trans Batam atau taksi tersedia di sekitar sini",4 bintang,8 bulan lalu,"terminal ferry telaga punggur melayani pemberangkatankedatangan ferry dan kapal roro ke beberapa jurusan seperti tanjung pinang pulau singkep pulau lingga atau pelabuhan tanjung uban

destinasi pulau batam  tanjungpinang pulau bintan pp waktunya hampir setiap jam sedangkan destinasi yang lain terdapat jadwalnya yang ditentukan

terminalnya baik teratur ramai loket tiket kedai kuliner dan transportasi publik seperti bus trans batam atau taksi tersedia di sekitar sini","terminal ferry telaga punggur melayani pemberangkatankedatangan ferry dan kapal roro ke beberapa jurusan seperti tanjung pinang pulau singkep pulau lingga atau pelabuhan tanjung uban

destinasi pulau batam  tanjungpinang pulau bintan pp waktunya hampir setiap jam sedangkan destinasi yang lain terdapat jadwalnya yang ditentukan

terminalnya baik teratur ramai loket tiket kedai kuliner dan transportasi publik seperti bus trans batam atau taksi tersedia di sekitar sini",terminal ferry telaga punggur layan pemberangkatankedatangan ferry kapal roro beberapa jurus tanjung pinang pulau singkep pulau lingga labuh tanjung uban destinasi pulau batam tanjungpinang pulau bintan pp waktu hampir jam destinasi lain dapat jadwal tentu terminal baik atur ramai loket tiket kedai kuliner transportasi publik bus trans batam taksi sedia sekitar sini,LABEL_1
Telaga Punggur Ferry Terminal,Mantaap penyebrangan antar pulau ke Tanjung Pinang.,5 bintang,4 tahun lalu,mantaap penyebrangan antar pulau ke tanjung pinang,mantaap penyebrangan antar pulau ke tanjung pinang,mantaap penyebrangan antar pulau tanjung pinang,LABEL_0
Telaga Punggur Ferry Terminal,"Kebersihan Pelayanan Dan keramahtamahan cukup. Fasilitas sarana Dan prasarana baik. Sewaktu disini menyeberang dengan Ferry cepat seharga Rp 80.000,- an. Berangkat satu jam sekali ke Tanjung Pinang, durasi sekitar satu jam kurang.",4 bintang,10 bulan lalu,kebersihan pelayanan dan keramahtamahan cukup fasilitas sarana dan prasarana baik sewaktu disini menyeberang dengan ferry cepat seharga rp  an berangkat satu jam sekali ke tanjung pinang durasi sekitar satu jam kurang,kebersihan pelayanan dan keramahtamahan cukup fasilitas sarana dan prasarana baik sewaktu disini menyeberang dengan ferry cepat seharga rp  an berangkat satu jam sekali ke tanjung pinang durasi sekitar satu jam kurang,bersih layan keramahtamahan cukup fasilitas sarana prasarana baik waktu sini seberang ferry cepat harga rp an berangkat satu jam sekali tanjung pinang durasi satu jam kurang,LABEL_0
Telaga Punggur Ferry Terminal,Terminal penyebrangan lumayan cakep dan bersih 👍 …,5 bintang,7 tahun lalu,terminal penyebrangan lumayan cakep dan bersih,terminal penyebrangan lumayan cakep dan bersih,terminal penyebrangan lumayan cakep bersih,LABEL_0
Telaga Punggur Ferry Terminal,"Bersihh selaluu, no comment hehe
untuk harga tiket rasanya setahun udah naik 😂 .. lumayan juga kalo batam pp tanjungpinang
tiketnya 69k + 10k …",5 bintang,Diedit 3 tahun lalu,"bersihh selaluu no comment hehe
untuk harga tiket rasanya setahun udah naik   lumayan juga kalo batam pp tanjungpinang
tiketnya k  k","bersihh selaluu no comment hehe
untuk harga tiket rasanya setahun udah naik   lumayan juga kalo batam pp tanjungpinang
tiketnya k  k",bersihh selaluu no comment hehe untuk harga tiket rasa tahun udah naik lumayan kalo batam pp tanjungpinang tiket k k,LABEL_0
Telaga Punggur Ferry Terminal,"Tempat pelabuan domestik batam.. Tanjung Pinang, uban, dabok, anambas dan wilayah kepri lainnya",2 bintang,8 tahun lalu,tempat pelabuan domestik batam tanjung pinang uban dabok anambas dan wilayah kepri lainnya,tempat pelabuan domestik batam tanjung pinang uban dabok anambas dan wilayah kepri lainnya,tempat labu domestik batam tanjung pinang uban dabok anambas wilayah kepri lain,LABEL_1
Telaga Punggur Ferry Terminal,"Kurang teratur dan kurang rapi.

Baiknya disediakan lift untuk mempermudah dan membuat nyaman pengunjung karena lelah dengan perjalanan jauh.

Terjadi dua kali pembelian tiket. Membuat pengunjung baru ribet.

Studi banding lagi ke pelayanan taraf nasional yang bagus. Kalau bisa internasional. Karena merupakan daerah wisata manca negara.",3 bintang,3 tahun lalu,"kurang teratur dan kurang rapi

baiknya disediakan lift untuk mempermudah dan membuat nyaman pengunjung karena lelah dengan perjalanan jauh

terjadi dua kali pembelian tiket membuat pengunjung baru ribet

studi banding lagi ke pelayanan taraf nasional yang bagus kalau bisa internasional karena merupakan daerah wisata manca negara","kurang teratur dan kurang rapi

baiknya disediakan lift untuk mempermudah dan membuat nyaman pengunjung karena lelah dengan perjalanan jauh

terjadi dua kali pembelian tiket membuat pengunjung baru ribet

studi banding lagi ke pelayanan taraf nasional yang bagus kalau bisa internasional karena merupakan daerah wisata manca negara",kurang atur kurang rapi baik sedia lift mudah buat nyaman unjung lelah jalan jauh jadi kali beli tiket buat unjung baru ribet studi banding ke layan taraf nasional bagus kalau internasional rupa daerah wisata manca negara,LABEL_0
Telaga Punggur Ferry Terminal,"Pelabuhan jurusan Tanjung Pinang. Ada dua jenis kapal: kapal penumpang dan kapal Roro harga 150 ribu utk yg bawa kendaraan. Yg kapal Roro, pelabuhannya terpisah agak naik ke atas. Yg di sini kapal penumpang, berangkat tiap 15 menit, bergantian antara dua maskapai: MV Marina, 52.500 rupiah dan MV Oceanna, 57.500. Marina kapalnya lebih jadul, tapi bagusnya pelampung ditaruh di rak atas kepala. Harga belum termasuk pass terminal 10.000. Ada yg jual nasi bungkus dan air botolan, tapi sedikit.
Di luar ada halte Trans Batam jurusan Punggur-Jodoh, ongkos jauh dekat 4 ribu, beroperasi dari pukul 6.00-17.00, lewat Kepri Mall, BCS, DC Mall. Cuma sabar aja, karena berangkatnya per 40 menit dan suka molor.",3 bintang,7 tahun lalu,"pelabuhan jurusan tanjung pinang ada dua jenis kapal kapal penumpang dan kapal roro harga  ribu utk yg bawa kendaraan yg kapal roro pelabuhannya terpisah agak naik ke atas yg di sini kapal penumpang berangkat tiap  menit bergantian antara dua maskapai mv marina  rupiah dan mv oceanna  marina kapalnya lebih jadul tapi bagusnya pelampung ditaruh di rak atas kepala harga belum termasuk pass terminal  ada yg jual nasi bungkus dan air botolan tapi sedikit
di luar ada halte trans batam jurusan punggurjodoh ongkos jauh dekat  ribu beroperasi dari pukul  lewat kepri mall bcs dc mall cuma sabar aja karena berangkatnya per  menit dan suka molor","pelabuhan jurusan tanjung pinang ada dua jenis kapal kapal penumpang dan kapal roro harga  ribu utk yg bawa kendaraan yg kapal roro pelabuhannya terpisah agak naik ke atas yg di sini kapal penumpang berangkat tiap  menit bergantian antara dua maskapai mv marina  rupiah dan mv oceanna  marina kapalnya lebih jadul tapi bagusnya pelampung ditaruh di rak atas kepala harga belum termasuk pass terminal  ada yg jual nasi bungkus dan air botolan tapi sedikit
di luar ada halte trans batam jurusan punggurjodoh ongkos jauh dekat  ribu beroperasi dari pukul  lewat kepri mall bcs dc mall cuma sabar aja karena berangkatnya per  menit dan suka molor",labuh jurus tanjung pinang dua jenis kapal kapal tumpang kapal roro harga ribu utk yg bawa kendara yg kapal roro labuh pisah naik atas yg sini kapal tumpang berangkat tiap menit ganti dua maskapai mv marina rupiah mv oceanna marina kapal lebih jadul bagus pelampung taruh rak atas kepala harga masuk pass terminal yg jual nasi bungkus air botol sedikit di luar halte trans batam jurus punggurjodoh ongkos jauh dekat ribu operasi pukul lewat kepri mall bcs dc mall cuma sabar aja berangkat per menit suka molor,LABEL_0
Telaga Punggur Ferry Terminal,Bagus cuma sayang tempat roronya nyandar 1,5 bintang,Diedit 3 tahun lalu,bagus cuma sayang tempat roronya nyandar,bagus cuma sayang tempat roronya nyandar,bagus cuma sayang tempat roronya nyandar,LABEL_0
Telaga Punggur Ferry Terminal,"Ya namanya juga pelabuhan , tempat singgah banyak oranh, dan dr 2012 sampe sekarang Punggur selalu berkembembang jadi ga bisa berkata apa2 untuk yg sekarang karena masih ada renovasi",5 bintang,3 tahun lalu,ya namanya juga pelabuhan  tempat singgah banyak oranh dan dr  sampe sekarang punggur selalu berkembembang jadi ga bisa berkata apa untuk yg sekarang karena masih ada renovasi,ya namanya juga pelabuhan  tempat singgah banyak oranh dan dr  sampe sekarang punggur selalu berkembembang jadi ga bisa berkata apa untuk yg sekarang karena masih ada renovasi,nama labuh tempat singgah banyak oranh dr sampe sekarang punggur selalu berkembembang jadi ga kata apa yg sekarang masih renovasi,LABEL_0
Telaga Punggur Ferry Terminal,"Dua bulan yang lalu, ...menyeberang ke Tanjung Pinang dari Terminal Ferry Telaga Punggur ...waktu tempuh sekitar 1 jam",4 bintang,7 tahun lalu,dua bulan yang lalu menyeberang ke tanjung pinang dari terminal ferry telaga punggur waktu tempuh sekitar  jam,dua bulan yang lalu menyeberang ke tanjung pinang dari terminal ferry telaga punggur waktu tempuh sekitar  jam,bulan lalu seberang tanjung pinang terminal ferry telaga punggur waktu tempuh jam,LABEL_1
Telaga Punggur Ferry Terminal,"Kemanan penumpang sangat bagus .
Dan transportasi online cukup memadai buat passenger yg dtng dr luar Batam. Lokasinya / area pelabuhan terjaga kerbrsihan dan estetika bangun tertata rapi",5 bintang,8 bulan lalu,"kemanan penumpang sangat bagus 
dan transportasi online cukup memadai buat passenger yg dtng dr luar batam lokasinya  area pelabuhan terjaga kerbrsihan dan estetika bangun tertata rapi","kemanan penumpang sangat bagus 
dan transportasi online cukup memadai buat passenger yg dtng dr luar batam lokasinya  area pelabuhan terjaga kerbrsihan dan estetika bangun tertata rapi",keman tumpang sangat bagus dan transportasi online cukup pada buat passenger yg dtng dr luar batam lokasi area labuh jaga kerbrsihan estetika bangun tata rapi,LABEL_0
Telaga Punggur Ferry Terminal,"Bagus,dan beli tiket sudah pakai online,petugas nya ramah ramah.",4 bintang,6 bulan lalu,bagusdan beli tiket sudah pakai onlinepetugas nya ramah ramah,bagusdan beli tiket sudah pakai onlinepetugas nya ramah ramah,bagusdan beli tiket pakai onlinepetugas nya ramah ramah,LABEL_0
Telaga Punggur Ferry Terminal,"Pelabuhan Yang sangat besar
Ada beberapa Kapal yang bisa kita naiki
seperti Kapal Ferry, Kapal Roro, Dan Kapal Speed boat
untuk fasilitas pelabuhan sangat baik
pelabihan Juga sangat bersih dan mempunyai lahan parkir yang sangat luas
bintang 5 buat Pelabuhan ini",5 bintang,setahun lalu,"pelabuhan yang sangat besar
ada beberapa kapal yang bisa kita naiki
seperti kapal ferry kapal roro dan kapal speed boat
untuk fasilitas pelabuhan sangat baik
pelabihan juga sangat bersih dan mempunyai lahan parkir yang sangat luas
bintang  buat pelabuhan ini","pelabuhan yang sangat besar
ada beberapa kapal yang bisa kita naiki
seperti kapal ferry kapal roro dan kapal speed boat
untuk fasilitas pelabuhan sangat baik
pelabihan juga sangat bersih dan mempunyai lahan parkir yang sangat luas
bintang  buat pelabuhan ini",labuh sangat besar ada beberapa kapal bisa naik seperti kapal ferry kapal roro kapal speed boat untuk fasilitas labuh sangat baik pelabihan sangat bersih punya lahan parkir sangat luas bintang buat labuh,LABEL_0
Telaga Punggur Ferry Terminal,"Kalau mau ke batam-tanjung pinang bisa lewat pelabuhan ini. Bisa ke tanjung uban atau pelabuhan sri bintan

Pelayanan nya baik",5 bintang,2 tahun lalu,"kalau mau ke batamtanjung pinang bisa lewat pelabuhan ini bisa ke tanjung uban atau pelabuhan sri bintan

pelayanan nya baik","kalau mau ke batamtanjung pinang bisa lewat pelabuhan ini bisa ke tanjung uban atau pelabuhan sri bintan

pelayanan nya baik",kalau mau batamtanjung pinang lewat labuh bisa tanjung uban labuh sri bintan layan nya baik,LABEL_1
Telaga Punggur Ferry Terminal,"Tiba di Terminal Feri Telaga Punggur di Batam setelah melalui perjalanan 1 jam dari Terminal Feri Sri Bintan Pura, Tanjung Pinang dengan Kapal Oceanna 7. Terminal tidak terlalu besar & untuk ke daerah Nagoya Batam memerlukan waktu 30 menit dengan taksi offline seharga 130.000 yang mudah ditemui di luar pintu kedatangan.",3 bintang,11 bulan lalu,tiba di terminal feri telaga punggur di batam setelah melalui perjalanan  jam dari terminal feri sri bintan pura tanjung pinang dengan kapal oceanna  terminal tidak terlalu besar  untuk ke daerah nagoya batam memerlukan waktu  menit dengan taksi offline seharga  yang mudah ditemui di luar pintu kedatangan,tiba di terminal feri telaga punggur di batam setelah melalui perjalanan  jam dari terminal feri sri bintan pura tanjung pinang dengan kapal oceanna  terminal tidak terlalu besar  untuk ke daerah nagoya batam memerlukan waktu  menit dengan taksi offline seharga  yang mudah ditemui di luar pintu kedatangan,tiba terminal feri telaga punggur batam lalu jalan jam terminal feri sri bintan pura tanjung pinang kapal oceanna terminal terlalu besar ke daerah nagoya batam perlu waktu menit taksi offline harga mudah temu luar pintu datang,LABEL_1
Telaga Punggur Ferry Terminal,"Jasa taxi dari pelabuhan ke bandara Rp. 100.000,- jarak tempuh hanya kurang lebih 15 menit",3 bintang,6 tahun lalu,jasa taxi dari pelabuhan ke bandara rp  jarak tempuh hanya kurang lebih  menit,jasa taxi dari pelabuhan ke bandara rp  jarak tempuh hanya kurang lebih  menit,jasa taxi labuh bandara rp jarak tempuh kurang lebih menit,LABEL_1
Telaga Punggur Ferry Terminal,pelabuhan na bagus dan bersih..tempat tunggu nya juga nyaman..bisa sambil lihat kapal datang,4 bintang,7 tahun lalu,pelabuhan na bagus dan bersihtempat tunggu nya juga nyamanbisa sambil lihat kapal datang,pelabuhan na bagus dan bersihtempat tunggu nya juga nyamanbisa sambil lihat kapal datang,labuh na bagus bersihtempat tunggu nya nyamanbisa lihat kapal datang,LABEL_0
Telaga Punggur Ferry Terminal,"Bangunan terminal masih dalam tahap penyempurnaan, fasilitas udah bagus, minus ga ada ATM. Untuk level pelabuhan domestik udah bagus.",4 bintang,5 tahun lalu,bangunan terminal masih dalam tahap penyempurnaan fasilitas udah bagus minus ga ada atm untuk level pelabuhan domestik udah bagus,bangunan terminal masih dalam tahap penyempurnaan fasilitas udah bagus minus ga ada atm untuk level pelabuhan domestik udah bagus,bangun terminal dalam tahap sempurna fasilitas udah bagus minus ga atm level labuh domestik udah bagus,LABEL_0
Telaga Punggur Ferry Terminal,"Pelabuhan Punggur menyediakan
Ferry penyeberangan ke Tanjung Pinang, lobam, Pulau Dabo dan pulau pulai kecil di sekktaran daerah dan melayani Roro Tujuan Lobam, Kuala Tungkal dan Buton.",5 bintang,5 bulan lalu,"pelabuhan punggur menyediakan
ferry penyeberangan ke tanjung pinang lobam pulau dabo dan pulau pulai kecil di sekktaran daerah dan melayani roro tujuan lobam kuala tungkal dan buton","pelabuhan punggur menyediakan
ferry penyeberangan ke tanjung pinang lobam pulau dabo dan pulau pulai kecil di sekktaran daerah dan melayani roro tujuan lobam kuala tungkal dan buton",labuh punggur sedia ferry seberang tanjung pinang lobam pulau dabo pulau pulai kecil sekktaran daerah layan roro tuju lobam kuala tungkal buton,LABEL_1
Telaga Punggur Ferry Terminal,Nyebrang menyenangkan nih pelabuhan.. pelayananya ramah tetap menjaga protokoler kesehatan.. asyik bener lautnya.. 😎😎 …,5 bintang,5 tahun lalu,nyebrang menyenangkan nih pelabuhan pelayananya ramah tetap menjaga protokoler kesehatan asyik bener lautnya,nyebrang menyenangkan nih pelabuhan pelayananya ramah tetap menjaga protokoler kesehatan asyik bener lautnya,nyebrang senang nih labuh pelayananya ramah tetap jaga protokoler sehat asyik bener laut,LABEL_0
Telaga Punggur Ferry Terminal,"Salah satu pelabuhan domestik di Batam, tujuan tanjung pinang, Kuala enok, Dabo singkep, Tanjung uban, lobam, dll",5 bintang,3 tahun lalu,salah satu pelabuhan domestik di batam tujuan tanjung pinang kuala enok dabo singkep tanjung uban lobam dll,salah satu pelabuhan domestik di batam tujuan tanjung pinang kuala enok dabo singkep tanjung uban lobam dll,salah satu labuh domestik batam tuju tanjung pinang kuala enok dabo singkep tanjung uban lobam,LABEL_1
Telaga Punggur Ferry Terminal,Keindahan alam dan kapal dipinggiran pelabuhan Punggur,5 bintang,7 tahun lalu,keindahan alam dan kapal dipinggiran pelabuhan punggur,keindahan alam dan kapal dipinggiran pelabuhan punggur,indah alam kapal pinggir labuh punggur,LABEL_0
Telaga Punggur Ferry Terminal,"Jika ke pinang dan Lagoi bisa melalui pelabuhan ini,sekarang bgt rapi dan bersih",5 bintang,Diedit 2 tahun lalu,jika ke pinang dan lagoi bisa melalui pelabuhan inisekarang bgt rapi dan bersih,jika ke pinang dan lagoi bisa melalui pelabuhan inisekarang bgt rapi dan bersih,ke pinang lago lalu labuh inisekarang bgt rapi bersih,LABEL_0
Telaga Punggur Ferry Terminal,"Bersih dan lumayan maju yaa dibandingkan pelabuhan lain. Deket pelabuhan ada yg jual roti o juga..

Terus ada petugasnya..  Dan informasi juga gampang kita temui yaa untuk tujuan wisata /kunjungan nyaa",4 bintang,6 tahun lalu,"bersih dan lumayan maju yaa dibandingkan pelabuhan lain deket pelabuhan ada yg jual roti o juga

terus ada petugasnya  dan informasi juga gampang kita temui yaa untuk tujuan wisata kunjungan nyaa","bersih dan lumayan maju yaa dibandingkan pelabuhan lain deket pelabuhan ada yg jual roti o juga

terus ada petugasnya  dan informasi juga gampang kita temui yaa untuk tujuan wisata kunjungan nyaa",bersih lumayan maju yaa banding labuh deket labuh yg jual roti o juga terus tugas informasi gampang temu yaa tuju wisata kunjung nyaa,LABEL_0
Telaga Punggur Ferry Terminal,"Tmpt wudhu ditutup kalo setelah subuh jadi harus nyari westafel, menurutku itu aj yg menurutku kecewa, yg lainnya oklah",2 bintang,setahun lalu,tmpt wudhu ditutup kalo setelah subuh jadi harus nyari westafel menurutku itu aj yg menurutku kecewa yg lainnya oklah,tmpt wudhu ditutup kalo setelah subuh jadi harus nyari westafel menurutku itu aj yg menurutku kecewa yg lainnya oklah,tmpt wudhu tutup kalo subuh jadi nyari westafel turut aj yg turut kecewa yg lain oklah,LABEL_2
Telaga Punggur Ferry Terminal,"Pelabuhan kalau naik fery dari tanjung pinang ke batam. Pelabuhan nya lumayan punya fasilitas lengkap ada atm, lift, dan tempat makan seperti morning bakery. Kalau mau keluar pelabuhan ga bisa pake taxi online. Harus pake taxi pangkalan.",3 bintang,3 tahun lalu,pelabuhan kalau naik fery dari tanjung pinang ke batam pelabuhan nya lumayan punya fasilitas lengkap ada atm lift dan tempat makan seperti morning bakery kalau mau keluar pelabuhan ga bisa pake taxi online harus pake taxi pangkalan,pelabuhan kalau naik fery dari tanjung pinang ke batam pelabuhan nya lumayan punya fasilitas lengkap ada atm lift dan tempat makan seperti morning bakery kalau mau keluar pelabuhan ga bisa pake taxi online harus pake taxi pangkalan,labuh kalau naik fery tanjung pinang batam labuh nya lumayan punya fasilitas lengkap atm lift tempat makan morning bakery kalau mau keluar labuh ga pake taxi online pake taxi pangkal,LABEL_0
Telaga Punggur Ferry Terminal,"Sakit hati banget, mau nyusuin anak di ruang menyusui gak dibolehin petugasnya alasanya dilarang petugas karantinaa. Malah di arahin ke bilik itu tanpa kursi atau apapun. Oknum ibu2 pegawai asdp batam ini gak punya hati nurani banget, dalam di dalem pas saya tanya baik2 cuma main hape dan sangat siniss",1 bintang,setahun lalu,sakit hati banget mau nyusuin anak di ruang menyusui gak dibolehin petugasnya alasanya dilarang petugas karantinaa malah di arahin ke bilik itu tanpa kursi atau apapun oknum ibu pegawai asdp batam ini gak punya hati nurani banget dalam di dalem pas saya tanya baik cuma main hape dan sangat siniss,sakit hati banget mau nyusuin anak di ruang menyusui gak dibolehin petugasnya alasanya dilarang petugas karantinaa malah di arahin ke bilik itu tanpa kursi atau apapun oknum ibu pegawai asdp batam ini gak punya hati nurani banget dalam di dalem pas saya tanya baik cuma main hape dan sangat siniss,sakit hati banget mau nyusuin anak ruang susu gak dibolehin tugas alasanya larang tugas karantinaa malah arahin bilik tanpa kursi apa oknum ibu pegawai asdp batam gak punya hati nurani banget di dalem pas tanya baik cuma main hape sangat siniss,LABEL_2
Telaga Punggur Ferry Terminal,"Naik Ferry dari Telaga Punggur ke Tg Uban Cukup 15 Menit Harga Tiket hanya 64.500 / Orang , Antrian Cepat , cuma kapal nya agak delay kemudian Penumpang melebihi kapasitas dan tidak dapat tempat duduk, kemudian berbahaya karena tidak di batasi sesuai tempat duduk yang ada , diharapkan operator kapal bisa sesuaikan penumpang sesuai dengan tempat duduk, karena kami yg blm terbiasa ikut kuatir overload dan berbahaya terhadap keselamatan",3 bintang,11 bulan lalu,naik ferry dari telaga punggur ke tg uban cukup  menit harga tiket hanya   orang  antrian cepat  cuma kapal nya agak delay kemudian penumpang melebihi kapasitas dan tidak dapat tempat duduk kemudian berbahaya karena tidak di batasi sesuai tempat duduk yang ada  diharapkan operator kapal bisa sesuaikan penumpang sesuai dengan tempat duduk karena kami yg blm terbiasa ikut kuatir overload dan berbahaya terhadap keselamatan,naik ferry dari telaga punggur ke tg uban cukup  menit harga tiket hanya   orang  antrian cepat  cuma kapal nya agak delay kemudian penumpang melebihi kapasitas dan tidak dapat tempat duduk kemudian berbahaya karena tidak di batasi sesuai tempat duduk yang ada  diharapkan operator kapal bisa sesuaikan penumpang sesuai dengan tempat duduk karena kami yg blm terbiasa ikut kuatir overload dan berbahaya terhadap keselamatan,naik ferry telaga punggur tg uban cukup menit harga tiket orang antri cepat cuma kapal nya delay kemudian tumpang lebih kapasitas tidak tempat duduk kemudian bahaya tidak batas sesuai tempat duduk ada harap operator kapal sesuai tumpang sesuai tempat duduk kami yg blm biasa ikut kuatir overload bahaya selamat,LABEL_2
Telaga Punggur Ferry Terminal,Pelayanan terminal tidak banyak perubahan dan tidak nyaman.,2 bintang,5 tahun lalu,pelayanan terminal tidak banyak perubahan dan tidak nyaman,pelayanan terminal tidak banyak perubahan dan tidak nyaman,layan terminal banyak ubah tidak nyaman,LABEL_2
Telaga Punggur Ferry Terminal,"Bersih, nyaman. kamar mandi juga bersih",5 bintang,2 tahun lalu,bersih nyaman kamar mandi juga bersih,bersih nyaman kamar mandi juga bersih,bersih nyaman kamar mandi bersih,LABEL_0
Telaga Punggur Ferry Terminal,Transit dalam perjalanan Batam Bintan pp naik motor.,5 bintang,sebulan lalu,transit dalam perjalanan batam bintan pp naik motor,transit dalam perjalanan batam bintan pp naik motor,transit jalan batam bintan pp naik motor,LABEL_1
Telaga Punggur Ferry Terminal,"Bagus kok tempatnya, hanya saya belum tahu apakah bisa beli tiket kapal Ferry pakai online seperti tiket kapal Roro sebelah, setidaknya menghindari antrian dan mempermudah konsumen dalam bepergian.salam",4 bintang,3 bulan lalu,bagus kok tempatnya hanya saya belum tahu apakah bisa beli tiket kapal ferry pakai online seperti tiket kapal roro sebelah setidaknya menghindari antrian dan mempermudah konsumen dalam bepergiansalam,bagus kok tempatnya hanya saya belum tahu apakah bisa beli tiket kapal ferry pakai online seperti tiket kapal roro sebelah setidaknya menghindari antrian dan mempermudah konsumen dalam bepergiansalam,bagus kok tempat saya tahu bisa beli tiket kapal ferry pakai online tiket kapal roro belah hindar antri mudah konsumen bepergiansalam,LABEL_0
Telaga Punggur Ferry Terminal,"ternyata untuk angkutan online sudah berpindah ke dekat gapura kampung tua, lumayan jalan nanjak.
Tapi bisa naik trans batam yang parkirnya lebih dekat, harga murah 5 ribu/orang",5 bintang,2 bulan lalu,"ternyata untuk angkutan online sudah berpindah ke dekat gapura kampung tua lumayan jalan nanjak
tapi bisa naik trans batam yang parkirnya lebih dekat harga murah  ribuorang","ternyata untuk angkutan online sudah berpindah ke dekat gapura kampung tua lumayan jalan nanjak
tapi bisa naik trans batam yang parkirnya lebih dekat harga murah  ribuorang",nyata angkut online pindah dekat gapura kampung tua lumayan jalan nanjak tapi naik trans batam parkir lebih dekat harga murah ribuorang,LABEL_0
Telaga Punggur Ferry Terminal,"25 th yll sy menggunakan pelabuhan ini untuk ke tanjung pinang.
Hal positif pengalaman kemarin saya gedung pelabuhan sudah diperbesar, cuman sayangnya kebersihannya kurang bagus. Dan banyak ruangan useless.
Sebaiknya diatur ulang tenant, termasuk utilisasi space kosong.
Untuk menyeberang bawa kendaraan kita harus login aplikasi akan tetapi minta ampun mental mental mulu saat ngisi. Alhasil beli tiket manual juga he he he.",3 bintang,setahun lalu,"th yll sy menggunakan pelabuhan ini untuk ke tanjung pinang
hal positif pengalaman kemarin saya gedung pelabuhan sudah diperbesar cuman sayangnya kebersihannya kurang bagus dan banyak ruangan useless
sebaiknya diatur ulang tenant termasuk utilisasi space kosong
untuk menyeberang bawa kendaraan kita harus login aplikasi akan tetapi minta ampun mental mental mulu saat ngisi alhasil beli tiket manual juga he he he","th yll sy menggunakan pelabuhan ini untuk ke tanjung pinang
hal positif pengalaman kemarin saya gedung pelabuhan sudah diperbesar cuman sayangnya kebersihannya kurang bagus dan banyak ruangan useless
sebaiknya diatur ulang tenant termasuk utilisasi space kosong
untuk menyeberang bawa kendaraan kita harus login aplikasi akan tetapi minta ampun mental mental mulu saat ngisi alhasil beli tiket manual juga he he he",th yll sy guna labuh untuk tanjung pinang hal positif alam kemarin gedung labuh besar cuman sayang bersih kurang bagus banyak ruang useless baik atur ulang tenant masuk utilisasi space kosong untuk seberang bawa kendara harus login aplikasi tetapi minta ampun mental mental mulu ngisi alhasil beli tiket manual he he he,LABEL_2
Nongsapura Ferry Terminal,"Absolutely terrible experience. We had a delay more than 1 hour, nobody said nothing to explain…. Then extra 20+ people arrived… effectiveness of onboarding despite several members of the staff more then sad… value money ratio super sad",1 star,a year ago,absolutely terrible experience we had a delay more than  hour nobody said nothing to explain then extra  people arrived effectiveness of onboarding despite several members of the staff more then sad value money ratio super sad,pengalaman yang benar-benar mengerikan kami mengalami penundaan lebih dari satu jam tidak ada yang mengatakan apa pun untuk menjelaskan kemudian orang tambahan tiba efektivitas orientasi meskipun beberapa anggota staf lebih dari itu rasio nilai uang yang menyedihkan sangat menyedihkan,alam benar keri alami tunda lebih satu jam ada kata apa untuk jelas kemudian orang tambah tiba efektivitas orientasi meski beberapa anggota staf lebih itu rasio nilai uang sedih sangat sedih,LABEL_2
Nongsapura Ferry Terminal,Gets the job done with basic stuff available.,3 stars,8 years ago,gets the job done with basic stuff available,menyelesaikan pekerjaan dengan hal-hal dasar yang tersedia,selesai kerja hal dasar sedia,LABEL_1
Nongsapura Ferry Terminal,First time going Batan via Nongsapura. Smooth and not crowded.,5 stars,3 years ago,first time going batan via nongsapura smooth and not crowded,pertama kali ke batan via nongsapura lancar dan tidak ramai,pertama kali batan via nongsapura lancar tidak ramai,LABEL_2
Nongsapura Ferry Terminal,Nice peaceful Scenic terminal as compared to Batam center or Sekupang,4 stars,6 years ago,nice peaceful scenic terminal as compared to batam center or sekupang,terminal pemandangan damai yang bagus dibandingkan dengan pusat batam atau sekupang,terminal pandang damai bagus banding pusat batam kupang,LABEL_1
Nongsapura Ferry Terminal,a very nice terminal with shops and restaurants,4 stars,3 years ago,a very nice terminal with shops and restaurants,terminal yang sangat bagus dengan toko-toko dan restoran,terminal sangat bagus toko restoran,LABEL_0
Nongsapura Ferry Terminal,"Pretty basic and slightly run down. But does the job fine and hey, it's a ferry terminal.",3 stars,9 years ago,pretty basic and slightly run down but does the job fine and hey its a ferry terminal,cukup mendasar dan sedikit rusak tetapi berfungsi dengan baik dan hei ini terminal feri,cukup dasar sedikit rusak fungsi baik hei terminal feri,LABEL_2
Nongsapura Ferry Terminal,"The Batam fast ticket counter is polite and give clear instructions for the time to board .

We eat at the Nongsa cafeteria, the food is really delicious and the people here friendly .",5 stars,2 years ago,"the batam fast ticket counter is polite and give clear instructions for the time to board 

we eat at the nongsa cafeteria the food is really delicious and the people here friendly","loket tiket cepat batam sopan dan memberikan petunjuk jelas waktu naik pesawat 

kami makan di kantin nongsa makanannya enak banget dan orang disini ramah",loket tiket cepat batam sopan beri tunjuk jelas waktu naik pesawat kami makan kantin nongsa makan enak banget orang sini ramah,LABEL_0
Nongsapura Ferry Terminal,Nice  area with acessible basic needs,5 stars,8 years ago,nice  area with acessible basic needs,area yang bagus dengan kebutuhan dasar yang dapat diakses,area bagus butuh dasar dapat akses,LABEL_0
Nongsapura Ferry Terminal,So beautifull🥰🥰 …,5 stars,2 years ago,so beautifull,sangat cantik,sangat cantik,LABEL_0
Nongsapura Ferry Terminal,"A very small ferry terminal, and convenient ferry point from Tanah Merah ferry terminal. The ferry staff are very helpful, providing umbrellas and support when needed. Very fast in clearing immigration as well due to the low footfall here. There is a small cafe, souvenir shop and a stall selling SIM cards there. There will usually also be drivers from the nearby resorts to drive you to the resorts too.",4 stars,a year ago,a very small ferry terminal and convenient ferry point from tanah merah ferry terminal the ferry staff are very helpful providing umbrellas and support when needed very fast in clearing immigration as well due to the low footfall here there is a small cafe souvenir shop and a stall selling sim cards there there will usually also be drivers from the nearby resorts to drive you to the resorts too,terminal feri yang sangat kecil dan titik feri yang nyaman dari terminal feri tanah merah staf feri sangat membantu menyediakan payung dan dukungan bila diperlukan sangat cepat dalam melewati imigrasi juga karena rendahnya langkah kaki di sini ada kafe kecil toko suvenir dan kios yang menjual kartu sim di sana biasanya juga akan ada supir dari resor terdekat untuk mengantar Anda ke resor juga,terminal feri sangat kecil titik feri nyaman terminal feri tanah merah staf feri sangat bantu sedia payung dukung bila perlu sangat cepat lewat imigrasi karena rendah langkah kaki sini kafe kecil toko suvenir kios jual kartu sim sana biasa akan supir resor dekat antar anda resor,LABEL_0
Nongsapura Ferry Terminal,It's now has some shops opened for you to get souvenirs and foods to bring home. last minute shopping. it's a small ferry terminal but it's pretty efficient.,4 stars,Edited 8 years ago,its now has some shops opened for you to get souvenirs and foods to bring home last minute shopping its a small ferry terminal but its pretty efficient,"sekarang ada beberapa toko yang dibuka bagi Anda untuk mendapatkan oleh-oleh dan makanan untuk dibawa pulang berbelanja di menit-menit terakhir, ini adalah terminal feri kecil tetapi cukup efisien",sekarang beberapa toko buka anda dapat oleh makan bawa pulang belanja menit akhir adalah terminal feri kecil cukup efisien,LABEL_0
Nongsapura Ferry Terminal,Great ferry terminsl. fast custom snd immigration service.,5 stars,6 years ago,great ferry terminsl fast custom snd immigration service,"terminal feri yang bagus, layanan imigrasi snd kustom yang cepat",terminal feri bagus layan imigrasi snd kustom cepat,LABEL_0
Nongsapura Ferry Terminal,Nice place to hide,4 stars,6 years ago,nice place to hide,tempat yang bagus untuk bersembunyi,tempat bagus sembunyi,LABEL_0
Nongsapura Ferry Terminal,Batamfast is the only ferry provider here. You can only leave the terminal via the shuttle provided by the resort. No grab or other car here. This is an isolated place.,3 stars,4 years ago,batamfast is the only ferry provider here you can only leave the terminal via the shuttle provided by the resort no grab or other car here this is an isolated place,batamfast adalah satu-satunya penyedia feri di sini Anda hanya dapat meninggalkan terminal melalui antar-jemput yang disediakan oleh resor tanpa ambil atau mobil lain di sini ini adalah tempat yang terisolasi,batamfast satu sedia feri sini anda dapat tinggal terminal lalu antar-jemput sedia resor ambil mobil di sini adalah tempat isolasi,LABEL_1
Nongsapura Ferry Terminal,Facility is give you the basics for an efficient departure to Bintan or Batam islands,3 stars,7 years ago,facility is give you the basics for an efficient departure to bintan or batam islands,fasilitas ini memberi Anda dasar-dasar untuk keberangkatan yang efisien ke pulau bintan atau batam,fasilitas beri anda dasar berangkat efisien pulau bintan batam,LABEL_1
Nongsapura Ferry Terminal,"First time I have a change to visit this place. People friendly, nice. Love it. About 1 hour from Singapore by ship.",4 stars,8 years ago,first time i have a change to visit this place people friendly nice love it about  hour from singapore by ship,pertama kali saya punya perubahan untuk mengunjungi tempat ini orang-orangnya ramah dan menyukainya sekitar satu jam dari singapura dengan kapal,pertama kali punya ubah unjung tempat orang ramah suka satu jam singapura kapal,LABEL_1
Nongsapura Ferry Terminal,"Always use this route to Tanah Merah, much nicer as it avoids Batam centre and long queues at Singapore immigration at Harbour front.",5 stars,7 years ago,always use this route to tanah merah much nicer as it avoids batam centre and long queues at singapore immigration at harbour front,selalu gunakan jalur ini ke tanah merah jauh lebih bagus karena menghindari pusat kota batam dan antrian panjang di imigrasi singapura di depan pelabuhan,selalu guna jalur ke tanah merah jauh lebih bagus hindar pusat kota batam antri panjang imigrasi singapura depan labuh,LABEL_0
Nongsapura Ferry Terminal,Immigration is terrible. Takes very long to clear,2 stars,2 years ago,immigration is terrible takes very long to clear,imigrasi sangat buruk membutuhkan waktu yang sangat lama untuk diselesaikan,imigrasi sangat buruk butuh waktu sangat lama selesai,LABEL_2
Nongsapura Ferry Terminal,"The one and only ferry terminal in Nongsa area. This terminal is the closest terminal to Singapore side. It takes 45 minutes journey. Facility inside the terminal is complete. Service from staff and government staff like Custom, Immigration etc were profesional.",4 stars,4 years ago,the one and only ferry terminal in nongsa area this terminal is the closest terminal to singapore side it takes  minutes journey facility inside the terminal is complete service from staff and government staff like custom immigration etc were profesional,"satu-satunya terminal feri di area Nongsa terminal ini adalah terminal terdekat ke sisi singapura, dibutuhkan waktu beberapa menit perjalanan. Fasilitas di dalam terminal adalah layanan lengkap dari staf dan staf pemerintah seperti imigrasi bea cukai, dll. Yang profesional",satu terminal feri area nongsa terminal terminal dekat sisi singapura butuh waktu beberapa menit jalan fasilitas dalam terminal adalah layan lengkap staf staf perintah imigrasi bea cukai dll yang profesional,LABEL_0
Nongsapura Ferry Terminal,Adequate. The officer is friendly enough to switch on the fan for the passengers queueing to clear immigration. Thumb up.,4 stars,7 years ago,adequate the officer is friendly enough to switch on the fan for the passengers queueing to clear immigration thumb up,memadai petugas cukup ramah menyalakan kipas angin bagi penumpang yang mengantri izin imigrasi diacungi jempol,pada tugas cukup ramah nyala kipas angin tumpang antri izin imigrasi acung jempol,LABEL_0
Nongsapura Ferry Terminal,"Clean terminal for ferry, good security",4 stars,6 years ago,clean terminal for ferry good security,terminal bersih untuk feri keamanan yang baik,terminal bersih feri aman baik,LABEL_0
Nongsapura Ferry Terminal,"Good, better, repaint and renovation all building",5 stars,Edited 4 years ago,good better repaint and renovation all building,lebih baik mengecat ulang dan merenovasi semua bangunan,lebih baik cat ulang renovasi semua bangun,LABEL_2
Nongsapura Ferry Terminal,"Everything is in good order, don't expect any smiles from anybody",3 stars,8 years ago,everything is in good order dont expect any smiles from anybody,"semuanya dalam keadaan baik, jangan mengharapkan senyuman dari siapa pun",semua ada baik jangan harap senyum siapa,LABEL_0
Nongsapura Ferry Terminal,"The steadiness of the dock is much appreciated. But the pebbled walk ways were not luggage/trolley friendly. From Nongsapura terminal, if you want to check-in your baggage, you will need to pay a fee in IDR. They do NOT accept SGD or USD, even in the souvenir shop. Please take note of this.
None of us needed to check-in the baggage bec at the dock, people will still assist you.",4 stars,a year ago,"the steadiness of the dock is much appreciated but the pebbled walk ways were not luggagetrolley friendly from nongsapura terminal if you want to checkin your baggage you will need to pay a fee in idr they do not accept sgd or usd even in the souvenir shop please take note of this
none of us needed to checkin the baggage bec at the dock people will still assist you","kemantapan dermaga sangat dihargai tetapi jalur jalan berkerikil tidak ramah troli bagasi dari terminal nongsapura jika Anda ingin mendaftarkan bagasi Anda, Anda harus membayar biaya dalam idr mereka tidak menerima sgd atau usd bahkan di toko suvenir harap perhatikan ini
tidak satu pun dari kami yang perlu mendaftarkan bagasi karena di dermaga orang masih akan membantu Anda",mantap dermaga sangat harga jalur jalan kerikil ramah troli bagasi terminal nongsapura anda daftar bagasi anda anda bayar biaya idr tidak terima sgd usd bahkan toko suvenir harap perhati ini tidak satu dari yang perlu daftar bagasi di dermaga orang akan bantu anda,LABEL_0
Nongsapura Ferry Terminal,"Authoritative imigration officer, with an attitude. He spoke in English almost all the time, while I was speaking in Bahasa to explain my enquiry. Then when I asked him to speak in Bahasa Indoensia, the attitude spiked up as he wants to show me that he is in charge. His customer service service is minimum cos he accused me of questioning his policy whereas I was trying to show him that my children (SG PR holders with Reentry Permit paper but do not possess PR Blue cards yet due to their age) did not need to pay any VOA. NOT PROFESSIONAL AND KNOWLEDGEABLE. He said to me in Indonesian....Ibu jangan ngegass dong! (Means...Mam, you don't shout2 lah and show attitude...is it appropriate for an officer??!!! I don't think so!!!) He left a bad taste in my mouth only on the 1st day we arrived in Batam. Be careful if you are SG PR with minors, stand on your ground and do not allow them to bully you.",1 star,Edited 6 months ago,authoritative imigration officer with an attitude he spoke in english almost all the time while i was speaking in bahasa to explain my enquiry then when i asked him to speak in bahasa indoensia the attitude spiked up as he wants to show me that he is in charge his customer service service is minimum cos he accused me of questioning his policy whereas i was trying to show him that my children sg pr holders with reentry permit paper but do not possess pr blue cards yet due to their age did not need to pay any voa not professional and knowledgeable he said to me in indonesianibu jangan ngegass dong meansmam you dont shout lah and show attitudeis it appropriate for an officer i dont think so he left a bad taste in my mouth only on the st day we arrived in batam be careful if you are sg pr with minors stand on your ground and do not allow them to bully you,petugas imigrasi yang berwibawa dengan sikap dia berbicara dalam bahasa inggris hampir sepanjang waktu ketika saya berbicara dalam bahasa untuk menjelaskan pertanyaan saya kemudian ketika saya memintanya untuk berbicara dalam bahasa indoensia sikap tersebut meningkat karena dia ingin menunjukkan kepada saya bahwa dia bertanggung jawab layanan pelanggannya adalah minimum karena dia menuduh saya mempertanyakan kebijakannya sedangkan saya mencoba untuk menunjukkan kepadanya bahwa anak-anak saya pemegang sg pr dengan kertas izin masuk kembali tetapi belum memiliki kartu biru pr karena usia mereka tidak perlu membayar voa apa pun tidak profesional dan berpengetahuan dia berkata kepada saya dalam bahasa indonesianibu jangan ngegass dong artinya mama kamu jangan berteriak lah dan menunjukkan sikapapa itu pantas untuk seorang petugas menurutku jadi dia meninggalkan rasa tidak enak di mulutku hanya pada hari pertama kami tiba di batam hati-hati jika kamu sg pr dengan anak di bawah umur berdiri di tanahmu dan jangan biarkan mereka mengganggumu,tugas imigrasi wibawa sikap bicara bahasa inggris hampir panjang waktu bicara bahasa jelas tanya kemudian minta bicara bahasa indoensia sikap sebut tingkat tunjuk saya tanggung jawab layan langgan minimum dia tuduh saya tanya bijak saya coba tunjuk kepada anak saya pegang sg pr kertas izin masuk tetapi milik kartu biru pr usia perlu bayar voa apa tidak profesional tahu dia kata saya bahasa indonesianibu jangan ngegass dong arti mama kamu jangan teriak lah tunjuk sikapapa pantas orang tugas turut jadi dia tinggal rasa tidak enak mulut pada hari pertama tiba batam hati kamu sg pr anak bawah umur diri tanah jangan biar ganggu,LABEL_2
Nongsapura Ferry Terminal,"Quite little ferry terminal from Nongsa, Batam to Tanah Merah, Singapore. Good route to use if you are rushing to Changi Airport and want to skip the traffic from Harborfront to Changi Airport.",4 stars,7 years ago,quite little ferry terminal from nongsa batam to tanah merah singapore good route to use if you are rushing to changi airport and want to skip the traffic from harborfront to changi airport,terminal feri yang cukup kecil dari nongsa batam ke tanah merah singapura rute yang bagus untuk digunakan jika Anda terburu-buru ke bandara changi dan ingin melewati kemacetan dari tepi pelabuhan ke bandara changi,terminal feri cukup kecil nongsa batam tanah merah singapura rute bagus guna anda buru bandara changi ingin lewat macet tepi labuh bandara changi,LABEL_0
Nongsapura Ferry Terminal,"The Best Internasional Ferry Terminal  ini Batam. Best way to go to Batam from Singapore. Fast and Excellent service. The staffs also very polite and helpful. Surrounding area there are many resorts, Hotel and Golf Course",5 stars,3 months ago,the best internasional ferry terminal  ini batam best way to go to batam from singapore fast and excellent service the staffs also very polite and helpful surrounding area there are many resorts hotel and golf course,terminal feri internasional terbaik di batam cara terbaik untuk pergi ke batam dari singapura pelayanan cepat dan terbaik para staf juga sangat sopan dan membantu daerah sekitarnya terdapat banyak hotel resor dan lapangan golf,terminal feri internasional baik batam cara baik pergi batam singapura layan cepat baik staf sangat sopan bantu daerah sekitar dapat banyak hotel resor lapang golf,LABEL_0
Nongsapura Ferry Terminal,Another or alternative sea harbour to go to Singapore near Changi Airport,5 stars,7 years ago,another or alternative sea harbour to go to singapore near changi airport,pelabuhan laut lain atau alternatif untuk pergi ke singapura dekat bandara changi,labuh laut atau alternatif pergi singapura dekat bandara changi,LABEL_1
Nongsapura Ferry Terminal,Thigh security sistem the best in any terminal in batam,4 stars,8 years ago,thigh security sistem the best in any terminal in batam,sistem keamanan paha yang terbaik di terminal mana pun di batam,sistem aman paha baik terminal mana di batam,LABEL_0
Nongsapura Ferry Terminal,Calm.. suitable for relax and picnic,5 stars,7 years ago,calm suitable for relax and picnic,tenang cocok untuk bersantai dan piknik,tenang cocok santa piknik,LABEL_0
Nongsapura Ferry Terminal,Good ferry terminal with nice peoples.,4 stars,a year ago,good ferry terminal with nice peoples,terminal feri yang bagus dengan orang-orang baik,terminal feri bagus orang baik,LABEL_0
Nongsapura Ferry Terminal,"A smaller less crowded port compared to the main harbour. Not much but port here if you're headed to Montigo, it's closer and less of a hassle.",4 stars,7 years ago,a smaller less crowded port compared to the main harbour not much but port here if youre headed to montigo its closer and less of a hassle,pelabuhan yang lebih kecil dan tidak terlalu ramai dibandingkan dengan pelabuhan utama tidak terlalu ramai tetapi pelabuhan di sini jika Anda menuju ke montigo lebih dekat dan tidak merepotkan,labuh lebih kecil terlalu ramai banding labuh utama tidak terlalu ramai labuh sini anda tuju montigo lebih dekat tidak repot,LABEL_0
Nongsapura Ferry Terminal,Ok for a small town. Looks ok.,4 stars,6 years ago,ok for a small town looks ok,oke untuk kota kecil kelihatannya oke,oke kota kecil lihat oke,LABEL_1
Nongsapura Ferry Terminal,Nice seaport in Batam!,5 stars,6 months ago,nice seaport in batam,pelabuhan yang bagus di batam,labuh bagus batam,LABEL_2
Nongsapura Ferry Terminal,"Clean, the sign clear enough, not really crowded",5 stars,6 years ago,clean the sign clear enough not really crowded,bersihkan tandanya cukup jelas tidak terlalu ramai,sih tanda cukup jelas terlalu ramai,LABEL_2
Nongsapura Ferry Terminal,"Nongsapura terminal is in Batam.
Its quite inside.

Ferry from Singapore arrives here.
Also departs to Singapore.

It's a very small  and non ac terminal.

Only two immigration counters are here.

At terminal  there are few shops.

If you have already done with your resort booking you will find your resort person for bus transfer in waiting area.",3 stars,6 years ago,"nongsapura terminal is in batam
its quite inside

ferry from singapore arrives here
also departs to singapore

its a very small  and non ac terminal

only two immigration counters are here

at terminal  there are few shops

if you have already done with your resort booking you will find your resort person for bus transfer in waiting area","terminal nongsapura ada di batam
itu cukup di dalam

feri dari singapura tiba di sini
juga berangkat ke singapura

ini terminal yang sangat kecil dan non ac

hanya dua loket imigrasi yang ada di sini

di terminal ada beberapa toko

jika Anda sudah selesai dengan pemesanan resor Anda, Anda akan menemukan petugas resor Anda untuk transfer bus di ruang tunggu",terminal nongsapura batam itu cukup dalam feri singapura tiba sini juga berangkat singapura ini terminal sangat kecil non ac hanya loket imigrasi sini di terminal ada beberapa toko jika anda selesai mesan resor anda anda temu tugas resor anda transfer bus di ruang tunggu,LABEL_1
Nongsapura Ferry Terminal,Small terminal but with natural green environment,4 stars,6 years ago,small terminal but with natural green environment,terminal kecil tetapi dengan lingkungan hijau alami,terminal kecil dengan lingkung hijau alami,LABEL_0
Nongsapura Ferry Terminal,Simple ferry port.  Very basic,3 stars,8 years ago,simple ferry port  very basic,pelabuhan feri sederhana sangat mendasar,labuh feri sederhana sangat dasar,LABEL_0
Nongsapura Ferry Terminal,Welcome to Batam! This terminal is generally less busy and there are limited schedules for ferries. Very near to Turi Beach and Badak Bike Park,4 stars,3 years ago,welcome to batam this terminal is generally less busy and there are limited schedules for ferries very near to turi beach and badak bike park,selamat datang di batam terminal ini secara umum kurang sibuk dan jadwal feri terbatas sangat dekat dengan pantai turi dan taman sepeda badak,selamat datang batam terminal cara umum kurang sibuk jadwal feri batas sangat dekat pantai turi taman sepeda badak,LABEL_1
Nongsapura Ferry Terminal,Only 1 immigration officer for a latge ferry. Took almost 3 hours to leave the terminal.,1 star,4 years ago,only  immigration officer for a latge ferry took almost  hours to leave the terminal,hanya petugas imigrasi untuk kapal feri latge yang membutuhkan waktu hampir berjam-jam untuk meninggalkan terminal,tugas imigrasi kapal feri latge butuh waktu hampir jam tinggal terminal,LABEL_1
Nongsapura Ferry Terminal,the only ferry terminal in Nongsa area.  depart from the riverside.,4 stars,9 years ago,the only ferry terminal in nongsa area  depart from the riverside,satu-satunya terminal feri di kawasan Nongsa berangkat dari tepi sungai,satu terminal feri kawasan nongsa berangkat tepi sungai,LABEL_1
Nongsapura Ferry Terminal,Nice view,5 stars,6 years ago,nice view,pemandangan yang bagus,pandang bagus,LABEL_0
Nongsapura Ferry Terminal,Good feeling without climate control,4 stars,Edited 7 years ago,good feeling without climate control,perasaan nyaman tanpa pengatur suhu,asa nyaman atur suhu,LABEL_0
Nongsapura Ferry Terminal,Well maintained with proper instructions for new travellers,5 stars,Edited 8 years ago,well maintained with proper instructions for new travellers,terawat dengan baik dengan instruksi yang tepat untuk wisatawan baru,awat baik instruksi tepat wisatawan baru,LABEL_2
Nongsapura Ferry Terminal,Not bad,4 stars,3 years ago,not bad,tidak buruk,buruk,LABEL_2
Nongsapura Ferry Terminal,Clean ferry terminal for holiday makers.,4 stars,9 years ago,clean ferry terminal for holiday makers,terminal feri yang bersih untuk pembuat liburan,terminal feri bersih buat libur,LABEL_0
Nongsapura Ferry Terminal,"very bad customs, not familiar with the policy and tried to ask for unfair money.",1 star,a year ago,very bad customs not familiar with the policy and tried to ask for unfair money,kebiasaan yang sangat buruk tidak memahami kebijakan tersebut dan mencoba meminta uang secara tidak adil,biasa sangat buruk paham bijak sebut coba minta uang tidak adil,LABEL_2
Nongsapura Ferry Terminal,"Standard ferry terminal. Nothing much here. Drinks at the mama shop is reasonable (25,000 for 1.5litre 100plus). Service is good.",3 stars,6 years ago,standard ferry terminal nothing much here drinks at the mama shop is reasonable  for litre plus service is good,terminal feri standar tidak banyak minuman di sini di toko mama masuk akal untuk liter plus layanannya bagus,terminal feri standar banyak minum sini toko mama masuk akal liter plus layan bagus,LABEL_0
Nongsapura Ferry Terminal,"Basic facilities, and the immigration staff are not that friendly.",3 stars,8 years ago,basic facilities and the immigration staff are not that friendly,fasilitas dasar dan staf imigrasi kurang ramah,fasilitas dasar staf imigrasi kurang ramah,LABEL_2
Nongsapura Ferry Terminal,Easy access and good service,5 stars,9 years ago,easy access and good service,akses mudah dan pelayanan baik,akses mudah layan baik,LABEL_0
Nongsapura Ferry Terminal,Customs clearing speed is pretty fast! Place looks relatively run down though.,4 stars,9 years ago,customs clearing speed is pretty fast place looks relatively run down though,"kecepatan bea cukai cukup cepat, namun tempat tersebut terlihat relatif rusak",cepat bea cukai cukup cepat tempat sebut lihat relatif rusak,LABEL_2
Nongsapura Ferry Terminal,The best place for go to singapore.,5 stars,8 years ago,the best place for go to singapore,tempat terbaik untuk pergi ke singapura,tempat baik pergi singapura,LABEL_0
Nongsapura Ferry Terminal,Point to change over ferry to Cruise Liner.,4 stars,9 years ago,point to change over ferry to cruise liner,titik untuk berganti feri ke kapal pesiar,titik ganti feri kapal pesiar,LABEL_1
Nongsapura Ferry Terminal,"Its a pokey little ferry terminal, but it does the job... FYI, duty free is outside of Immigration ;)",4 stars,10 years ago,its a pokey little ferry terminal but it does the job fyi duty free is outside of immigration,ini adalah terminal feri kecil yang muslihat tetapi berfungsi dengan baik karena bebas bea di luar imigrasi,adalah terminal feri kecil muslihat fungsi baik bebas bea luar imigrasi,LABEL_1
Nongsapura Ferry Terminal,Just 40 mins away from SG for a quick getaway.,5 stars,3 years ago,just  mins away from sg for a quick getaway,hanya beberapa menit dari sg untuk liburan singkat,beberapa menit sg libur singkat,LABEL_1
Nongsapura Ferry Terminal,"First time disembarking onto Riau Islands via ferry at Nongsapura terminal --usually I come in via Batam Centre. This terminal is mewy renovated and looks very nice with wooden interiors and exteriors. Has a very resort feel to it. Immigration wise everything was seamless including the bag checks scanner. There is a money changer and a few duty free stores there. TIP: If you're looking for the Indomie Premium Salted Egg Noodles, you can find them here for RP 10,000 a pack. (at Montigo Resorts store they have it for 25,000 RP)",5 stars,7 years ago,first time disembarking onto riau islands via ferry at nongsapura terminal usually i come in via batam centre this terminal is mewy renovated and looks very nice with wooden interiors and exteriors has a very resort feel to it immigration wise everything was seamless including the bag checks scanner there is a money changer and a few duty free stores there tip if youre looking for the indomie premium salted egg noodles you can find them here for rp  a pack at montigo resorts store they have it for  rp,"pertama kali turun ke pulau ria dengan feri di terminal nongsapura biasanya saya masuk melalui pusat batam terminal ini sudah direnovasi kecil-kecil dan terlihat sangat bagus dengan interior dan eksterior kayu memiliki nuansa resor dari segi imigrasi semuanya mulus termasuk pemindai pemeriksaan tas ada penukaran uang dan beberapa toko bebas bea di sana tip jika Anda mencari mie telur asin premium indomie, Anda dapat menemukannya di sini seharga rp satu bungkus di toko resor montigo mereka memilikinya seharga rp",pertama kali turun pulau ria feri terminal nongsapura biasa masuk lalu pusat batam terminal sudah renovasi kecil lihat sangat bagus interior eksterior kayu milik nuansa resor segi imigrasi semua mulus masuk pindai periksa tas tukar uang beberapa toko bebas bea sana tip anda cari mie telur asin premium indomie anda temu sini harga rp satu bungkus toko resor montigo milik harga rp,LABEL_1
Nongsapura Ferry Terminal,"Simple terminal with cafes and shops for snacks, lapis and souvenirs. Prefer this to batam center.. suitable if you are staying in areas near here..
Fast immegration clearance as less ferries here...",5 stars,3 years ago,"simple terminal with cafes and shops for snacks lapis and souvenirs prefer this to batam center suitable if you are staying in areas near here
fast immegration clearance as less ferries here","terminal sederhana dengan kafe dan toko jajanan lapis dan oleh-oleh lebih memilih ini daripada pusat batam cocok jika anda menginap di daerah dekat sini
izin imigrasi cepat karena lebih sedikit feri di sini",terminal sederhana kafe toko jajan lapis oleh lebih pilih daripada pusat batam cocok anda inap daerah dekat sini izin imigrasi cepat lebih sedikit feri sini,LABEL_0
Nongsapura Ferry Terminal,"The immigration at Nongsa Ferry Terminal, besides being rude is inflexible. The new rule for PR's to stay 4 days in Batam is actually only good for 3 days. We left under 96 hours, but were then informed, that we should have left after 3 days, as half days count, not 4 x 48 hours. So PRs, watch out for this new trick by Batam customs to make some extra money, more than a 30 day visa.",1 star,a year ago,the immigration at nongsa ferry terminal besides being rude is inflexible the new rule for prs to stay  days in batam is actually only good for  days we left under  hours but were then informed that we should have left after  days as half days count not  x  hours so prs watch out for this new trick by batam customs to make some extra money more than a  day visa,imigrasi di terminal feri nongsa selain kasar juga tidak fleksibel aturan baru bagi prs untuk tinggal berhari-hari di batam sebenarnya hanya berlaku untuk hari-hari yang kami tinggalkan di bawah jam kerja tetapi kemudian diberitahu bahwa kami harus berangkat setelah berhari-hari karena setengah hari dihitung bukan x jam jadi berhati-hatilah dengan trik baru dari bea cukai batam ini untuk menghasilkan uang tambahan lebih dari satu hari visa,imigrasi terminal feri nongsa kasar tidak fleksibel atur baru prs tinggal hari batam benar laku hari kami tinggal bawah jam kerja kemudian diberitahu kami berangkat hari tengah hari hitung bukan x jam jadi hati trik baru bea cukai batam untuk hasil uang tambah lebih satu hari visa,LABEL_2
Nongsapura Ferry Terminal,"Nice garden looking terminal, once you walk out from ferry, beautiful tropical garden like terminal very comfortable, we're coming in with a group so getting in and out is a breeze",5 stars,a year ago,nice garden looking terminal once you walk out from ferry beautiful tropical garden like terminal very comfortable were coming in with a group so getting in and out is a breeze,terminal tampak taman yang bagus setelah Anda keluar dari feri taman tropis yang indah seperti terminal sangat nyaman kami datang bersama rombongan sehingga masuk dan keluar sangatlah mudah,terminal tampak taman bagus anda keluar feri taman tropis indah terminal sangat nyaman datang sama rombong masuk keluar sangat mudah,LABEL_0
Nongsapura Ferry Terminal,"This place is a regular ferry terminal, nothing good or bad about it. There is a shop that sells souvenirs/snacks/water if you forgot to buy it from where you departed. That's also a small cafe.",3 stars,9 years ago,this place is a regular ferry terminal nothing good or bad about it there is a shop that sells souvenirssnackswater if you forgot to buy it from where you departed thats also a small cafe,"tempat ini adalah terminal feri biasa tidak ada yang baik atau buruk tentang itu ada toko yang menjual oleh-oleh, makanan ringan, air jika Anda lupa membelinya dari tempat Anda berangkat, itu juga sebuah kafe kecil",tempat adalah terminal feri biasa baik buruk ada toko jual oleh makan ringan air anda lupa bel tempat anda berangkat itu juga buah kafe kecil,LABEL_2
Nongsapura Ferry Terminal,"Suka boutique wine and cigar.
You can find affordable wine, and whiskey here
And the boss and staff very friendly

Thanks you",5 stars,7 years ago,"suka boutique wine and cigar
you can find affordable wine and whiskey here
and the boss and staff very friendly

thanks you","suka butik anggur dan cerutu
Anda dapat menemukan anggur dan wiski dengan harga terjangkau di sini
dan bos serta stafnya sangat ramah

terima kasih",suka butik anggur cerutu anda temu anggur wiski harga jangkau sini dan bos staf sangat ramah terima kasih,LABEL_0
Nongsapura Ferry Terminal,I use it mainly to play golf at Tamarin. Full details of the ferry terminal and the golf course can be found at the batamexcursion.com website.,3 stars,5 years ago,i use it mainly to play golf at tamarin full details of the ferry terminal and the golf course can be found at the batamexcursioncom website,saya menggunakannya terutama untuk bermain golf di tamarin detail lengkap terminal feri dan lapangan golf dapat ditemukan di situs web batamexcursioncom,guna utama main golf tamarin detail lengkap terminal feri lapang golf temu situs web batamexcursioncom,LABEL_1
Nongsapura Ferry Terminal,"Not clean, very small terminal. If ferry is in late evening lot of mosquitoes. But they have a waiting area. Immigration officers are helpful. They can improve on maintenance. Terminal looks very old. But all resorts have shuttle service from nongsapura terminal. They charge 10000 IDR for each bag check in. They don’t have free check in service for passengers .",3 stars,7 years ago,not clean very small terminal if ferry is in late evening lot of mosquitoes but they have a waiting area immigration officers are helpful they can improve on maintenance terminal looks very old but all resorts have shuttle service from nongsapura terminal they charge  idr for each bag check in they dont have free check in service for passengers,terminal tidak bersih sangat kecil jika kapal feri berangkat larut malam banyak nyamuk tetapi mereka memiliki ruang tunggu petugas imigrasi sangat membantu mereka dapat meningkatkan pemeliharaan terminal terlihat sangat tua tetapi semua resor memiliki layanan antar-jemput dari terminal nongsapura mereka mengenakan biaya idr untuk setiap bagasi check-in mereka tidak memiliki layanan check-in gratis untuk penumpang,terminal bersih sangat kecil kapal feri berangkat larut malam banyak nyamuk milik ruang tunggu tugas imigrasi sangat bantu dapat tingkat pelihara terminal lihat sangat tua semua resor milik layan antar-jemput terminal nongsapura kena biaya idr tiap bagasi check-in mereka tidak milik layan check-in gratis tumpang,LABEL_2
Nongsapura Ferry Terminal,Go go go,5 stars,6 years ago,go go go,pergi pergi pergi,pergi pergi pergi,LABEL_2
Nongsapura Ferry Terminal,Could be the most beautiful ferry terminal that you ever visited,5 stars,7 years ago,could be the most beautiful ferry terminal that you ever visited,bisa jadi terminal feri terindah yang pernah Anda kunjungi,jadi terminal feri indah pernah anda kunjung,LABEL_0
Nongsapura Ferry Terminal,Good experience,5 stars,a year ago,good experience,pengalaman yang bagus,alam bagus,LABEL_0
Nongsapura Ferry Terminal,"worked like a charm, very friendly staff",5 stars,10 years ago,worked like a charm very friendly staff,bekerja seperti pesona staf yang sangat ramah,kerja pesona staf sangat ramah,LABEL_0
Nongsapura Ferry Terminal,"Not too busy , perfect terminal for holiday makers.",4 stars,2 years ago,not too busy  perfect terminal for holiday makers,terminal yang tidak terlalu sibuk dan sempurna bagi para pembuat liburan,terminal tidak terlalu sibuk sempurna para buat libur,LABEL_0
Nongsapura Ferry Terminal,Great connection to Batam Golf,4 stars,8 years ago,great connection to batam golf,koneksi bagus ke golf batam,koneksi bagus golf batam,LABEL_0
Nongsapura Ferry Terminal,"If You like the small and clean are, You will find it.",5 stars,6 years ago,if you like the small and clean are you will find it,jika Anda suka yang kecil dan bersih Anda akan menemukannya,anda suka kecil bersih anda temu,LABEL_0
Nongsapura Ferry Terminal,Very helpful staff.,4 stars,9 months ago,very helpful staff,staf yang sangat membantu,staf sangat bantu,LABEL_0
Nongsapura Ferry Terminal,"Nice place, view, and friendly ferry receptionist",5 stars,7 years ago,nice place view and friendly ferry receptionist,pemandangan tempat yang bagus dan resepsionis feri yang ramah,pandang tempat bagus resepsionis feri ramah,LABEL_0
Nongsapura Ferry Terminal,Helpful Staff and Free parking,4 stars,8 years ago,helpful staff and free parking,staf yang membantu dan parkir gratis,staf bantu parkir gratis,LABEL_1
Nongsapura Ferry Terminal,It is a basic terminal. Most come here either to transit or to one of the beach resorts in the bay area. It does not have much in the way of facilities so you are advised not to come too early if not you will be bored waiting for your ferry. Likely no queue for the immigration counter.,4 stars,7 years ago,it is a basic terminal most come here either to transit or to one of the beach resorts in the bay area it does not have much in the way of facilities so you are advised not to come too early if not you will be bored waiting for your ferry likely no queue for the immigration counter,ini adalah terminal dasar kebanyakan orang datang ke sini untuk transit atau ke salah satu resor pantai di kawasan teluk tidak memiliki banyak fasilitas jadi Anda disarankan untuk tidak datang terlalu dini jika tidak Anda akan bosan menunggu feri Anda kemungkinan besar tidak ada antrian untuk loket imigrasi,adalah terminal dasar banyak orang datang sini transit ke salah satu resor pantai kawasan teluk milik banyak fasilitas jadi anda saran datang terlalu dini tidak anda bosan tunggu feri anda mungkin besar tidak ada antri loket imigrasi,LABEL_2
Nongsapura Ferry Terminal,Good and pleasant experience,4 stars,7 years ago,good and pleasant experience,pengalaman yang baik dan menyenangkan,alam baik senang,LABEL_0
Nongsapura Ferry Terminal,Its a very small terminal. Can get very crowded during popular ferry timings. There's nothing much to eat there. Better to eat your meals before.,5 stars,8 years ago,its a very small terminal can get very crowded during popular ferry timings theres nothing much to eat there better to eat your meals before,"terminalnya yang sangat kecil bisa menjadi sangat ramai pada jam-jam feri yang populer, tidak ada banyak yang bisa dimakan di sana, lebih baik makan makanan Anda sebelumnya",terminal sangat kecil jadi sangat ramai jam feri populer ada banyak bisa makan sana lebih baik makan makan anda belum,LABEL_0
Nongsapura Ferry Terminal,Not too bad. Custom clearance may be slow though only few passengers.,3 stars,6 years ago,not too bad custom clearance may be slow though only few passengers,tidak terlalu buruk custom clearance mungkin lambat meski hanya sedikit penumpang,terlalu buruk custom clearance mungkin lambat meski sedikit tumpang,LABEL_2
Nongsapura Ferry Terminal,Small in area but comfortable and efficient.,4 stars,8 years ago,small in area but comfortable and efficient,kecil di area tetapi nyaman dan efisien,kecil area nyaman efisien,LABEL_0
Nongsapura Ferry Terminal,"Very good service and the officers and drivers assigned to the ferry are very decent and makes you feel very safe even for a single lady to travel to and fro. There is Polo Ralph discount outlet and a 7 day cafe (till 6pm) with all kinds of favourite Indonesia food, coffees n drinks. My favourite ferry at Batam.",5 stars,3 years ago,very good service and the officers and drivers assigned to the ferry are very decent and makes you feel very safe even for a single lady to travel to and fro there is polo ralph discount outlet and a  day cafe till pm with all kinds of favourite indonesia food coffees n drinks my favourite ferry at batam,pelayanan yang sangat baik dan petugas serta pengemudi yang ditugaskan di feri sangat baik dan membuat Anda merasa sangat aman bahkan untuk seorang wanita lajang untuk bepergian kesana kemari ada outlet diskon polo ralph dan kafe siang hari hingga sore hari dengan segala jenis makanan indonesia favorit kopi dan minuman feri favorit saya di batam,layan sangat baik tugas kemudi tugas feri sangat baik buat anda rasa sangat aman bahkan orang wanita lajang pergi kesana kemari outlet diskon polo ralph kafe siang hari hingga sore hari segala jenis makan indonesia favorit kopi minum feri favorit di batam,LABEL_0
Nongsapura Ferry Terminal,"The terminal is pretty small, more simple compare to the others ferry terminal. On time schedule, and closer to singapore ferry terminal, compare to the other ferry terminal in batam.",5 stars,7 years ago,the terminal is pretty small more simple compare to the others ferry terminal on time schedule and closer to singapore ferry terminal compare to the other ferry terminal in batam,"terminal ini cukup kecil, lebih sederhana dibandingkan dengan terminal feri lain tepat waktu dan lebih dekat ke terminal feri singapura dibandingkan dengan terminal feri lain di batam",terminal cukup kecil lebih sederhana banding terminal feri tepat waktu lebih dekat terminal feri singapura banding terminal feri di batam,LABEL_0
Nongsapura Ferry Terminal,"Place is really empty , shop most likely closed and no people are coming or passing by , probably on ferry arrival time it's a bit crowded, but i don't know. Cafetaria is also almost empty , restaurant also almost empty. Place is pretty clean and cared , so not abandoned or ruined.",3 stars,3 years ago,place is really empty  shop most likely closed and no people are coming or passing by  probably on ferry arrival time its a bit crowded but i dont know cafetaria is also almost empty  restaurant also almost empty place is pretty clean and cared  so not abandoned or ruined,tempatnya benar-benar kosong toko kemungkinan besar tutup dan tidak ada orang yang datang atau lewat mungkin di waktu kedatangan kapal feri agak ramai tapi entahlah kafetaria juga hampir kosong restoran juga hampir kosong tempatnya cukup bersih dan dirawat sehingga tidak ditinggalkan atau dirusak,tempat benar kosong toko mungkin besar tutup tidak orang datang lewat mungkin waktu datang kapal feri ramai entah kafetaria hampir kosong restoran hampir kosong tempat cukup bersih rawat tidak tinggal rusak,LABEL_0
Nongsapura Ferry Terminal,"Ferry terminal just sugest to who want stay at Nongsa Area, because this ferry terminal so far from the city but so close with resort in Nongsa Area.",3 stars,8 years ago,ferry terminal just sugest to who want stay at nongsa area because this ferry terminal so far from the city but so close with resort in nongsa area,terminal feri hanya menyarankan bagi yang ingin menginap di kawasan nongsa karena terminal feri ini sangat jauh dari kota tetapi sangat dekat dengan resor di kawasan nongsa,terminal feri saran yang inap kawasan nongsa terminal feri sangat jauh kota sangat dekat resor kawasan nongsa,LABEL_0
Nongsapura Ferry Terminal,Clean and accessible. But too small,3 stars,8 years ago,clean and accessible but too small,bersih dan mudah diakses tetapi terlalu kecil,bersih mudah akses terlalu kecil,LABEL_0
Nongsapura Ferry Terminal,Wifi is not working. But not crowded.,3 stars,3 years ago,wifi is not working but not crowded,wifi tidak berfungsi tetapi tidak ramai,wifi fungsi tidak ramai,LABEL_2
Nongsapura Ferry Terminal,This is a transfer point for ferry from Singapore Tana Merah Ferry Terminal to switch ferry to go onboard to the Aegean Paradise cruise ship,3 stars,9 years ago,this is a transfer point for ferry from singapore tana merah ferry terminal to switch ferry to go onboard to the aegean paradise cruise ship,ini adalah titik transfer feri dari terminal feri singapura tana merah untuk berganti feri untuk naik kapal ke kapal pesiar surga aegean,adalah titik transfer feri terminal feri singapura tana merah ganti feri naik kapal kapal pesiar surga aegean,LABEL_1
Nongsapura Ferry Terminal,Fast check in and polite staff,4 stars,9 years ago,fast check in and polite staff,check-in cepat dan staf sopan,check-in cepat staf sopan,LABEL_0
Nongsapura Ferry Terminal,"super hot there as not all fan turn on.

there are a good range of shops to buy goodies before going.

unable to connect their WiFi.

staffs are friendly.",3 stars,a year ago,"super hot there as not all fan turn on

there are a good range of shops to buy goodies before going

unable to connect their wifi

staffs are friendly","sangat panas di sana karena tidak semua kipas angin menyala

ada banyak toko untuk membeli barang sebelum pergi

tidak dapat menghubungkan wifi mereka

stafnya ramah",sangat panas sana tidak semua kipas angin nyala ada banyak toko beli barang pergi tidak hubung wifi mereka staf ramah,LABEL_0
Nongsapura Ferry Terminal,Antique and nice view,5 stars,4 years ago,antique and nice view,antik dan pemandangan indah,antik pandang indah,LABEL_0
Nongsapura Ferry Terminal,Connection to Tanah Merah in Sinapore about 30 minutes,3 stars,9 years ago,connection to tanah merah in sinapore about  minutes,koneksi ke tanah merah di sinapore sekitar menit,koneksi tanah merah sinapore menit,LABEL_1
Nongsapura Ferry Terminal,"-
One counter open despite many queuing.
Baggage check-in chargeable.
Very limited shops.",2 stars,9 years ago,"one counter open despite many queuing
baggage checkin chargeable
very limited shops","satu loket terbuka meski banyak yang mengantri
check-in bagasi dikenakan biaya
toko yang sangat terbatas",satu loket buka meski banyak antri check-in bagasi kena biaya toko sangat batas,LABEL_1
Nongsapura Ferry Terminal,Nice place and seafood,5 stars,2 years ago,nice place and seafood,tempat yang bagus dan makanan laut,tempat bagus makan laut,LABEL_0
Nongsapura Ferry Terminal,Organize and clean.,5 stars,3 years ago,organize and clean,mengatur dan membersihkan,atur bersih,LABEL_0
Nongsapura Ferry Terminal,Clean and good service,5 stars,7 years ago,clean and good service,pelayanan bersih dan baik,layan bersih baik,LABEL_0
Nongsapura Ferry Terminal,"Quiet ferry terminal in General. Unfortunately the timing of morning ferry’s is odd 6 am or 9 am, nothing in between. And 18:30 the last one back to singapore. Friendly staff, decent toilets and some good coffee. Better than you might expect as it’s a remote location.",4 stars,8 years ago,quiet ferry terminal in general unfortunately the timing of morning ferrys is odd  am or  am nothing in between and  the last one back to singapore friendly staff decent toilets and some good coffee better than you might expect as its a remote location,terminal feri yang tenang secara umum sayangnya waktu feri pagi hari aneh atau tidak ada apa-apa di antaranya dan yang terakhir kembali ke singapura staf yang ramah toilet yang layak dan kopi yang enak lebih baik dari yang Anda harapkan karena lokasinya yang terpencil,terminal feri tenang umum sayang waktu feri pagi hari aneh tidak apa antara akhir ke singapura staf ramah toilet layak kopi enak lebih baik yang anda harap lokasi yang pencil,LABEL_0
Nongsapura Ferry Terminal,high class and peaceful place,4 stars,7 years ago,high class and peaceful place,tempat kelas atas dan damai,tempat kelas atas damai,LABEL_0
Nongsapura Ferry Terminal,"Gateway to all the Nongsa resorts in Batam, clean and well maintained ferry terminal. Immigration was so quick! There are some shops too.",5 stars,7 years ago,gateway to all the nongsa resorts in batam clean and well maintained ferry terminal immigration was so quick there are some shops too,"pintu gerbang ke semua resor nongsa di batam bersih dan terawat dengan baik, terminal feri imigrasi sangat cepat, ada beberapa toko juga",pintu gerbang semua resor nongsa batam bersih awat baik terminal feri imigrasi sangat cepat beberapa toko,LABEL_0
Nongsapura Ferry Terminal,"It is a smaller terminal that serves mostly resort tourists and golf visitors. It tend to be overcrowded at the waiting area before boarding the ferry. Theres no queue management while boarding the ferry therfore looking messy. Seems like there are ferry transit passengers too.
This is the most convenient terminal for the resorts, within minutes journey.",3 stars,8 years ago,"it is a smaller terminal that serves mostly resort tourists and golf visitors it tend to be overcrowded at the waiting area before boarding the ferry theres no queue management while boarding the ferry therfore looking messy seems like there are ferry transit passengers too
this is the most convenient terminal for the resorts within minutes journey","ini adalah terminal yang lebih kecil yang melayani sebagian besar wisatawan resor dan pengunjung golf. Cenderung penuh sesak di ruang tunggu sebelum menaiki feri. Tidak ada manajemen antrian saat menaiki feri sehingga terlihat berantakan sepertinya ada penumpang transit feri juga
ini adalah terminal paling nyaman untuk resor dalam beberapa menit perjalanan",terminal lebih kecil layan bagi besar wisatawan resor unjung golf cenderung penuh sesak ruang tunggu naik feri tidak manajemen antri naik feri lihat beranta seperti tumpang transit feri juga ini adalah terminal paling nyaman resor beberapa menit jalan,LABEL_0
Nongsapura Ferry Terminal,"IDR10,000 for check-in baggage (large luggages)
Last minute layer cake purchase, a shady Polo Ralph Lauren shop, a convenience store, souvenir shops .

Tips:
SMOKERS AND ALCOHOLICS: do not throw away your last few sticks , there is a “Beer garden and Smoking point” after you enter the departure immigration, there’s a small station selling beers at IDR16,000 a can and you can enjoy at the garden smoking and drinking while waiting for time to board the ferry!",4 stars,7 years ago,"idr for checkin baggage large luggages
last minute layer cake purchase a shady polo ralph lauren shop a convenience store souvenir shops 

tips
smokers and alcoholics do not throw away your last few sticks  there is a beer garden and smoking point after you enter the departure immigration theres a small station selling beers at idr a can and you can enjoy at the garden smoking and drinking while waiting for time to board the ferry","idr untuk bagasi checkin bagasi besar
pembelian kue lapis menit terakhir di toko polo ralph lauren yang teduh dan toko suvenir di toko serba ada 

tip
perokok dan pecandu alkohol jangan membuang beberapa batang terakhir Anda ada taman bir dan tempat merokok setelah Anda memasuki imigrasi keberangkatan ada stasiun kecil yang menjual bir seharga idr sekaleng dan Anda dapat menikmati di taman merokok dan minum sambil menunggu waktu untuk naik feri",idr bagasi checkin bagasi besar beli kue lapis menit akhir toko polo ralph lauren teduh toko suvenir toko serba tip okok candu alkohol jangan buang beberapa batang akhir anda taman bir tempat rokok anda pasuk imigrasi berangkat stasiun kecil jual bir harga idr kaleng anda nikmat taman rokok minum tunggu waktu naik feri,LABEL_0
Nongsapura Ferry Terminal,"I wish either seat numbers (or) boarding Queue number will be allocated. As there is no enough space for queuing, it was a chaotic boarding :(",4 stars,7 years ago,i wish either seat numbers or boarding queue number will be allocated as there is no enough space for queuing it was a chaotic boarding,"saya berharap nomor kursi atau nomor antrian boarding akan dialokasikan karena tidak ada cukup ruang untuk mengantri, boardingnya kacau balau",harap nomor kursi nomor antri boarding alokasi tidak cukup ruang antri boardingnya kacau balau,LABEL_2
Nongsapura Ferry Terminal,Very far from city centre but otherwise okay. There are two kuih lapis outlets here - lamoist and lapisa.,4 stars,a month ago,very far from city centre but otherwise okay there are two kuih lapis outlets here  lamoist and lapisa,sangat jauh dari pusat kota tapi selain itu oke ada dua gerai kuih lapis di sini lamoist dan lapisa,sangat jauh pusat kota selain oke dua gerai kuih lapis sini lamoist lapisa,LABEL_0
Nongsapura Ferry Terminal,Nice ferry terminal!,5 stars,3 years ago,nice ferry terminal,terminal feri yang bagus,terminal feri bagus,LABEL_0
Nongsapura Ferry Terminal,"arrived on the 745am ferry from Singapore Tanah Merah Ferry Terminal. There is a one hour difference from Singpaore. This becomes important if you are setting up meetups or arranging rendezvous with other people or catching your ferry ride back to Singapore. There is a cafe serving light food and drinks with seating (under fan, non air-condition). This will help with your wait.
The queue to pass through customs starts about 30 minutes prior to your departure time. It will seem like the queue is not moving at first, but just be patient. These guys have been doing this often enough to get it down good.",3 stars,8 years ago,"arrived on the am ferry from singapore tanah merah ferry terminal there is a one hour difference from singpaore this becomes important if you are setting up meetups or arranging rendezvous with other people or catching your ferry ride back to singapore there is a cafe serving light food and drinks with seating under fan non aircondition this will help with your wait
the queue to pass through customs starts about  minutes prior to your departure time it will seem like the queue is not moving at first but just be patient these guys have been doing this often enough to get it down good","tiba dengan feri pagi dari terminal feri singapura tanah merah ada perbedaan satu jam dari singpaore ini menjadi penting jika Anda mengadakan pertemuan atau mengatur pertemuan dengan orang lain atau naik feri kembali ke singapura ada kafe yang menyajikan makanan ringan dan minuman dengan tempat duduk di bawah kipas angin tanpa AC ini akan membantu penantian Anda
antrian untuk melewati bea cukai dimulai sekitar beberapa menit sebelum waktu keberangkatan Anda sepertinya antrian tidak bergerak pada awalnya tapi bersabarlah orang-orang ini sudah cukup sering melakukan ini untuk menyelesaikannya dengan baik",tiba feri pagi terminal feri singapura tanah merah beda satu jam singpaore jadi penting anda ada temu atur temu orang atau naik feri ke singapura kafe saji makan ringan minum tempat duduk bawah kipas angin ac akan bantu nanti anda antri lewat bea cukai mulai beberapa menit waktu berangkat anda seperti antri gerak awal sabar orang sudah cukup sering laku untuk selesai baik,LABEL_0
Nongsapura Ferry Terminal,Welcoming staff and clean terminal,5 stars,8 years ago,welcoming staff and clean terminal,staf yang ramah dan terminal bersih,staf ramah terminal bersih,LABEL_0
Nongsapura Ferry Terminal,"One of the clean ferry terminals in Batam - not so busy, as passengers to Nongsapura only arrive and depart - as the passengers count is small, assume the stall also small and not that big numbers - have a money changer - WellAsih Massage shop -nothing much in my opinion.",4 stars,8 years ago,one of the clean ferry terminals in batam  not so busy as passengers to nongsapura only arrive and depart  as the passengers count is small assume the stall also small and not that big numbers  have a money changer  wellasih massage shop nothing much in my opinion,"salah satu terminal feri yang bersih di batam tidak begitu sibuk karena penumpang ke nongsapura hanya datang dan berangkat karena jumlah penumpangnya sedikit, asumsikan kiosnya juga kecil dan jumlahnya tidak terlalu besar, ada tempat penukaran uang, toko pijat wellasih, tidak banyak menurut saya",salah satu terminal feri bersih batam begitu sibuk tumpang nongsapura datang berangkat jumlah tumpang sedikit asumsi kios kecil jumlah terlalu besar tempat tukar uang toko pijat wellasih banyak saya,LABEL_2
Nongsapura Ferry Terminal,"Simple ferry terminal with a convenience shop that sells goodies, DFS and even a Ralph Lauren retail shop.

Do take note that since there’s no holding or waiting area once you clear the customs, you will be waiting at the common area until the ferry is ready. And this is tricky because the TV that is supposed to show the ferry timing isn’t up to date. Therefore, you will have to rely on being there, waiting for the relevant personnel to call out for boarding.",4 stars,7 years ago,"simple ferry terminal with a convenience shop that sells goodies dfs and even a ralph lauren retail shop

do take note that since theres no holding or waiting area once you clear the customs you will be waiting at the common area until the ferry is ready and this is tricky because the tv that is supposed to show the ferry timing isnt up to date therefore you will have to rely on being there waiting for the relevant personnel to call out for boarding","terminal feri sederhana dengan toko serba ada yang menjual barang-barang dfs dan bahkan toko ritel Ralph Lauren

harap dicatat bahwa karena tidak ada ruang tunggu atau ruang tunggu setelah Anda melewati bea cukai, Anda akan menunggu di area umum sampai feri siap dan ini rumit karena TV yang seharusnya menayangkan waktu feri tidak diperbarui oleh karena itu Anda harus bergantung pada berada di sana menunggu personel terkait memanggil untuk naik pesawat",terminal feri sederhana toko serba jual barang dfs bahkan toko ritel ralph lauren harap catat ada ruang tunggu ruang tunggu anda lewat bea cukai anda tunggu area umum feri siap ini rumit karena tv yang harus tayang waktu feri baru karena anda gantung ada sana tunggu personel kait panggil naik pesawat,LABEL_2
Nongsapura Ferry Terminal,A back water terminal with a great VIP massage service,4 stars,a year ago,a back water terminal with a great vip massage service,terminal air belakang dengan layanan pijat vip yang luar biasa,terminal air belakang layan pijat vip luar biasa,LABEL_0
Nongsapura Ferry Terminal,"Well, it's a ferry terminal. Pretty small so easy to get to the ferry on time. If you are coming to the island and go to a resort, this might be your last chance to get cash if you need it.",4 stars,6 years ago,well its a ferry terminal pretty small so easy to get to the ferry on time if you are coming to the island and go to a resort this might be your last chance to get cash if you need it,"ini terminal feri yang cukup kecil sehingga mudah untuk sampai ke feri tepat waktu jika Anda datang ke pulau dan pergi ke resor, ini mungkin kesempatan terakhir Anda untuk mendapatkan uang tunai jika Anda membutuhkannya",terminal feri cukup kecil mudah sampai feri tepat waktu anda datang pulau pergi resor mungkin sempat akhir anda dapat uang tunai anda butuh,LABEL_0
Nongsapura Ferry Terminal,small harbour for easy access from Nongsa area to Tanah Merah Singapore,4 stars,9 years ago,small harbour for easy access from nongsa area to tanah merah singapore,pelabuhan kecil untuk akses mudah dari kawasan Nongsa ke tanah merah singapura,labuh kecil akses mudah kawasan nongsa tanah merah singapura,LABEL_0
Nongsapura Ferry Terminal,Not crowded.,4 stars,Edited 7 years ago,not crowded,tidak ramai,ramai,LABEL_0
Nongsapura Ferry Terminal,Run down terminal....,2 stars,7 years ago,run down terminal,terminal rusak,terminal rusak,LABEL_2
Nongsapura Ferry Terminal,"feel nostalgic whenever coming here. i like the ambience, yes it is already old building n maybe need some repainting in some areas, it has small masjid nearby and a kelong(seafood restaurant) in same area. this ferry terminal occupied as much as possible the building let natural light come inside, but in my opinion sometimes not enough cuz it is not supported with light-colored tiles and make the place looks haunted from outside (indeed there are some people activities inside) lol.

beverages price quite pricey around 2SGD/medium cup

trivia: Signed by 2nd Indonesia President in 1995, 11th Dec",4 stars,4 years ago,"feel nostalgic whenever coming here i like the ambience yes it is already old building n maybe need some repainting in some areas it has small masjid nearby and a kelongseafood restaurant in same area this ferry terminal occupied as much as possible the building let natural light come inside but in my opinion sometimes not enough cuz it is not supported with lightcolored tiles and make the place looks haunted from outside indeed there are some people activities inside lol

beverages price quite pricey around sgdmedium cup

trivia signed by nd indonesia president in  th dec","bernostalgia setiap kali datang ke sini saya suka suasananya ya, bangunannya sudah tua dan mungkin perlu pengecatan ulang di beberapa area. Ada masjid kecil di dekatnya dan restoran kelongseafood di area yang sama. Terminal feri ini ditempati semaksimal mungkin. Bangunannya membiarkan cahaya alami masuk ke dalam tapi menurut saya kadang-kadang tidak cukup karena tidak didukung dengan ubin berwarna terang dan membuat tempat itu terlihat angker dari luar memang ada beberapa aktivitas orang di dalamnya haha

harga minuman cukup mahal sekitar sgdmedium cup

trivia ditandatangani oleh presiden indonesia pada bulan desember",nostalgia kali datang sini suka suasana ya bangun tua mungkin perlu cat ulang beberapa area ada masjid kecil dekat restoran kelongseafood area sama terminal feri tempat maksimal mungkin bangun biar cahaya alami masuk dalam turut kadang cukup tidak dukung ubin warna terang buat tempat lihat angker luar memang beberapa aktivitas orang dalam haha harga minum cukup mahal sgdmedium cup trivia ditandatangani presiden indonesia bulan desember,LABEL_0
Nongsapura Ferry Terminal,Not a busy terminal. Very relaxing arrival and departure.,4 stars,3 years ago,not a busy terminal very relaxing arrival and departure,bukan terminal yang sibuk kedatangan dan keberangkatan yang sangat santai,bukan terminal sibuk datang berangkat sangat santai,LABEL_0
Nongsapura Ferry Terminal,"This seems a little better than the last time I have been here. Toilets are cleaner than I remember and there seemed to be heaps more traffic. There were also more stalls and bought a few things to bring back on the ferry.

The is insufficient fans / ventilation in some areas especially if there is no wind.

Check in was nice and easy and staff smile once in a while. Remember your 10000 IDR for luggage check ins per piece to and fro.

If you have kids / disability access required make sure to ask the staff to let you join the priority line. You need to take initiative yourself.

Other than that, I don't see people hanging out here. I mean it's a terminal!",3 stars,Edited 6 years ago,"this seems a little better than the last time i have been here toilets are cleaner than i remember and there seemed to be heaps more traffic there were also more stalls and bought a few things to bring back on the ferry

the is insufficient fans  ventilation in some areas especially if there is no wind

check in was nice and easy and staff smile once in a while remember your  idr for luggage check ins per piece to and fro

if you have kids  disability access required make sure to ask the staff to let you join the priority line you need to take initiative yourself

other than that i dont see people hanging out here i mean its a terminal","ini tampaknya sedikit lebih baik daripada terakhir kali saya berada di sini toilet lebih bersih daripada yang saya ingat dan tampaknya ada lebih banyak lalu lintas, ada juga lebih banyak kios dan membeli beberapa barang untuk dibawa kembali ke feri

ventilasi kipas angin yang tidak mencukupi di beberapa area terutama jika tidak ada angin

check-in bagus dan mudah dan staf tersenyum sesekali ingat idr Anda untuk check-in bagasi per potong ke sana kemari

jika Anda memiliki anak-anak yang memerlukan akses disabilitas, pastikan untuk meminta staf agar mengizinkan Anda bergabung dengan jalur prioritas, Anda harus mengambil inisiatif sendiri

Selain itu saya tidak melihat orang-orang nongkrong di sini, maksud saya ini terminal",tampak sedikit lebih baik akhir kali ada sini toilet lebih bersih ingat tampak lebih banyak lalu lintas juga lebih banyak kios beli beberapa barang bawa feri ventilasi kipas angin cukup beberapa area utama tidak angin check-in bagus mudah staf senyum sekal ingat idr anda check-in bagasi per potong ke sana kemari jika anda milik anak yang perlu akses disabilitas pasti minta staf izin anda gabung jalur prioritas anda ambil inisiatif sendiri selain tidak lihat orang nongkrong sini maksud saya ini terminal,LABEL_2
Nongsapura Ferry Terminal,Functional. Needs an upgrade.,2 stars,2 years ago,functional needs an upgrade,fungsional perlu ditingkatkan,fungsional perlu tingkat,LABEL_1
Nongsapura Ferry Terminal,Clean ferry transfer terminal,4 stars,7 years ago,clean ferry transfer terminal,terminal transfer feri yang bersih,terminal transfer feri bersih,LABEL_0
Nongsapura Ferry Terminal,"Lovely place, lovely people! Look for Prakash… champion!",5 stars,3 years ago,lovely place lovely people look for prakash champion,tempat yang indah orang-orang cantik mencari juara prakash,tempat indah orang cantik cari juara prakash,LABEL_0
Nongsapura Ferry Terminal,A ferry terminal situated in Nongsapura on the island of Batam in Indonesia.,4 stars,7 years ago,a ferry terminal situated in nongsapura on the island of batam in indonesia,terminal feri yang terletak di Nongsapura di pulau batam di indonesia,terminal feri letak nongsapura pulau batam indonesia,LABEL_1
Nongsapura Ferry Terminal,A quite place with good service i really like it,5 stars,Edited 7 years ago,a quite place with good service i really like it,tempat yang tenang dengan pelayanan yang baik saya sangat menyukainya,tempat tenang layan baik sangat suka,LABEL_0
Nongsapura Ferry Terminal,Quick clearance. Very few people disembarking in the evening,4 stars,9 years ago,quick clearance very few people disembarking in the evening,izin cepat sangat sedikit orang yang turun di malam hari,izin cepat sangat sedikit orang turun malam hari,LABEL_2
Nongsapura Ferry Terminal,So much better than Tanah Merah ferry station.,4 stars,3 years ago,so much better than tanah merah ferry station,so much better than tanah merah ferry station,so much better than tanah merah ferry station,LABEL_0
Nongsapura Ferry Terminal,"Not so good so far to shopping mall, and non-public transport come, area not familiar with people and a lot robbery case, very scared",5 stars,4 years ago,not so good so far to shopping mall and nonpublic transport come area not familiar with people and a lot robbery case very scared,sejauh ini tidak begitu baik ke pusat perbelanjaan dan transportasi non-umum datang ke daerah yang tidak akrab dengan orang dan banyak kasus perampokan sangat menakutkan,jauh tidak baik pusat belanja transportasi non-umum datang daerah tidak akrab orang banyak kasus ampo sangat takut,LABEL_2
Nongsapura Ferry Terminal,"Always nice to use this port,  not so busy and immigration it's very fast.",5 stars,6 years ago,always nice to use this port  not so busy and immigration its very fast,selalu menyenangkan menggunakan pelabuhan ini tidak terlalu sibuk dan imigrasinya sangat cepat,selalu senang guna labuh tidak terlalu sibuk imigrasi sangat cepat,LABEL_0
Nongsapura Ferry Terminal,Nice view. It can be a getaway holiday.,5 stars,6 years ago,nice view it can be a getaway holiday,pemandangan indah itu bisa menjadi liburan liburan,pandang indah bisa jadi libur libur,LABEL_0
Nongsapura Ferry Terminal,"Small ferry terminal, just one small eatery and a few shops.",3 stars,3 years ago,small ferry terminal just one small eatery and a few shops,terminal feri kecil hanya satu restoran kecil dan beberapa toko,terminal feri kecil satu restoran kecil beberapa toko,LABEL_1
Nongsapura Ferry Terminal,"Terminal is not too crowded, near to the hang nadim airport. Employees are friendly. There are several shops such as money changer, wine boutique, mini mart. Beer, wine, whiskey are more cheaper in wine boutique than resort.",5 stars,7 years ago,terminal is not too crowded near to the hang nadim airport employees are friendly there are several shops such as money changer wine boutique mini mart beer wine whiskey are more cheaper in wine boutique than resort,terminal tidak terlalu ramai dekat dengan bandara hang nadim pegawainya ramah ada beberapa toko seperti money changer butik wine mini mart bir wine wiski lebih murah di butik wine dibandingkan resort,terminal terlalu ramai dekat bandara hang nadim pegawai ramah beberapa toko money changer butik wine mini mart bir wine wiski lebih murah butik wine banding resort,LABEL_2
Nongsapura Ferry Terminal,The aura is just different from any other ferry terminal in Batam,3 stars,7 years ago,the aura is just different from any other ferry terminal in batam,auranya berbeda dengan terminal feri lain di batam,aura beda terminal feri di batam,LABEL_1
Nongsapura Ferry Terminal,Awesome!!,5 stars,6 years ago,awesome,luar biasa,luar biasa,LABEL_0
Nongsapura Ferry Terminal,"Smaller than another ferry terminal, but nicer!!",5 stars,8 years ago,smaller than another ferry terminal but nicer,lebih kecil dari terminal feri lain tapi lebih bagus,lebih kecil terminal feri tapi lebih bagus,LABEL_0
Nongsapura Ferry Terminal,Looks  less busier,3 stars,6 years ago,looks  less busier,terlihat kurang sibuk,lihat kurang sibuk,LABEL_2
Nongsapura Ferry Terminal,My favorite place in Batam. Good place to meet other sailors and chit chat.,5 stars,9 years ago,my favorite place in batam good place to meet other sailors and chit chat,tempat favoritku di batam tempat yang bagus untuk bertemu pelaut lain dan mengobrol,tempat favorit batam tempat bagus temu laut dan obrol,LABEL_0
Nongsapura Ferry Terminal,Traveling through here has always been very quick and pleasant,4 stars,8 years ago,traveling through here has always been very quick and pleasant,bepergian lewat sini selalu sangat cepat dan menyenangkan,pergi lewat sini selalu sangat cepat senang,LABEL_0
Nongsapura Ferry Terminal,"Quiet, no rush, less crowd",5 stars,6 years ago,quiet no rush less crowd,"tenang, tidak terburu-buru, tidak terlalu ramai",tenang buru terlalu ramai,LABEL_2
Nongsapura Ferry Terminal,"I would like to sincerely express my heartfelt appreciation to Eddie and the entire security team for their honesty, responsibility, and kindness in helping to locate my lost card.

Instead of misplacing it, using it, or throwing it away, the team carefully kept it safe at the guard post until I managed to retrieve it. Such integrity and trustworthiness are truly rare and deeply appreciated.

I feel very grateful and blessed to know such thoughtful, responsible, and dependable people. Special thanks to Eddie, whom I have known the longest for many years, for always being sincere, helpful, and reliable throughout.

Thank you once again to Eddie and the whole security team for your professionalism and honesty. Your actions truly reflect great character and dedication. God bless! ✨️🤍✨️",5 stars,2 months ago,"i would like to sincerely express my heartfelt appreciation to eddie and the entire security team for their honesty responsibility and kindness in helping to locate my lost card

instead of misplacing it using it or throwing it away the team carefully kept it safe at the guard post until i managed to retrieve it such integrity and trustworthiness are truly rare and deeply appreciated

i feel very grateful and blessed to know such thoughtful responsible and dependable people special thanks to eddie whom i have known the longest for many years for always being sincere helpful and reliable throughout

thank you once again to eddie and the whole security team for your professionalism and honesty your actions truly reflect great character and dedication god bless","Saya ingin mengucapkan terima kasih sebesar-besarnya kepada Eddie dan seluruh tim keamanan atas kejujuran, tanggung jawab, dan kebaikan mereka dalam membantu menemukan kartu saya yang hilang.

daripada salah menaruhnya, menggunakannya atau membuangnya tim dengan hati-hati menyimpannya dengan aman di pos jaga sampai saya berhasil mengambilnya kembali. Integritas dan kepercayaan seperti itu benar-benar langka dan sangat dihargai.

Saya merasa sangat bersyukur dan terberkati bisa mengenal orang-orang yang penuh perhatian, bertanggung jawab, dan dapat diandalkan, terima kasih khusus kepada Eddie yang telah saya kenal paling lama selama bertahun-tahun karena selalu tulus membantu dan dapat diandalkan selama ini.

terima kasih sekali lagi kepada eddie dan seluruh tim keamanan atas profesionalisme dan kejujuran Anda, tindakan Anda benar-benar mencerminkan karakter dan dedikasi yang hebat, Tuhan memberkati",saya ucap terima kasih besar eddie seluruh tim aman atas jujur tanggung jawab baik dalam bantu temu kartu hilang daripada salah taruh guna buang tim hati simpan aman pos jaga hasil ambil kembali integritas percaya itu benar langka sangat harga saya rasa sangat syukur kati kenal orang penuh perhati tanggung jawab dapat andal terima kasih khusus eddie telah saya kenal paling lama lama tahun selalu tulus bantu dapat andal lama ini terima kasih sekali kepada eddie seluruh tim aman atas profesionalisme jujur anda tindak anda benar cermin karakter dedikasi yang hebat tuhan kati,LABEL_0
Nongsapura Ferry Terminal,Wow.. nice terminal ferry to cross to Singapore,4 stars,8 years ago,wow nice terminal ferry to cross to singapore,wow terminal feri yang bagus untuk menyeberang ke singapura,wow terminal feri bagus seberang singapura,LABEL_0
Nongsapura Ferry Terminal,Ok,5 stars,5 years ago,ok,Oke,oke,LABEL_0
Nongsapura Ferry Terminal,Needs more upgrading,4 stars,9 years ago,needs more upgrading,perlu lebih banyak peningkatan,perlu lebih banyak tingkat,LABEL_1
Nongsapura Ferry Terminal,A laid-back ferry terminal serving the area.  Terminal set on calm river.   Not crowded.  Friendly staff. Worthwhile to arrive early to relax a bit at the cafe before departure.,5 stars,2 years ago,a laidback ferry terminal serving the area  terminal set on calm river   not crowded  friendly staff worthwhile to arrive early to relax a bit at the cafe before departure,terminal feri santai yang melayani terminal area yang terletak di sungai yang tenang tidak ramai staf yang ramah bermanfaat untuk datang lebih awal untuk bersantai sedikit di kafe sebelum keberangkatan,terminal feri santai layan terminal area letak sungai tenang ramai staf ramah manfaat datang lebih awal santa sedikit kafe berangkat,LABEL_0
Nongsapura Ferry Terminal,"Honestly, not here at this ferry terminal for anyone or any last minute shopping. Dont expect anything here to buy or shop.
Just arrive on time for your ferry and be on your way home.",2 stars,7 years ago,"honestly not here at this ferry terminal for anyone or any last minute shopping dont expect anything here to buy or shop
just arrive on time for your ferry and be on your way home","sejujurnya tidak di sini, di terminal feri ini untuk siapa pun atau berbelanja di menit-menit terakhir, jangan mengharapkan apa pun di sini untuk membeli atau berbelanja
tibalah tepat waktu untuk naik feri dan segera pulang",jujur sini terminal feri siapa belanja di menit akhir jangan harap apa di sini beli atau belanja tiba tepat waktu untuk naik feri segera pulang,LABEL_0
Nongsapura Ferry Terminal,Old ferry terminal. Need renovation,3 stars,8 years ago,old ferry terminal need renovation,terminal feri tua perlu renovasi,terminal feri tua perlu renovasi,LABEL_1
Nongsapura Ferry Terminal,Clean area. Slow moving Ferry terminal. Need more promotion,5 stars,6 years ago,clean area slow moving ferry terminal need more promotion,"area bersih, terminal feri yang bergerak lambat memerlukan lebih banyak promosi",area bersih terminal feri gerak lambat perlu lebih banyak promosi,LABEL_1
Nongsapura Ferry Terminal,Easy to navigate with friendly staff and good coffeeshop,4 stars,7 years ago,easy to navigate with friendly staff and good coffeeshop,mudah dinavigasi dengan staf yang ramah dan kedai kopi yang enak,mudah navigasi staf ramah kedai kopi enak,LABEL_0
Nongsapura Ferry Terminal,Clean and peaceful,4 stars,6 years ago,clean and peaceful,bersih dan damai,bersih damai,LABEL_0
Nongsapura Ferry Terminal,Nice place like kampung side compare batam centre always buzy and noise,5 stars,9 years ago,nice place like kampung side compare batam centre always buzy and noise,tempat yang bagus seperti sisi kampung bandingkan pusat kota batam yang selalu sibuk dan berisik,tempat bagus sisi kampung banding pusat kota batam selalu sibuk berisik,LABEL_0
Nongsapura Ferry Terminal,Nice ferry terminal with green view of the water,5 stars,7 years ago,nice ferry terminal with green view of the water,terminal feri yang bagus dengan pemandangan air yang hijau,terminal feri bagus pandang air hijau,LABEL_0
Nongsapura Ferry Terminal,👍🏼👍🏼 …,5 stars,8 years ago,,,,LABEL_0
Nongsapura Ferry Terminal,"This is one of specific Ferry terminal as its location is basically on the corner part of the island where many resort and hotel. Maybe for those who like to go directly for relax areas without passing the buzzing environment of the city; like harbor bay and Sekupang. the plus point, surrounding of this terminal is green. trees are everywhere so you will be welcomed nicely before docking. There is nuvasa bay, and infinite studio that is famous for digital and animation works. Just remember, public transportation is really rare here. so arrange your transportation or using online service. either way, enjoy your visit trough this terminal one corona gone.",4 stars,4 years ago,this is one of specific ferry terminal as its location is basically on the corner part of the island where many resort and hotel maybe for those who like to go directly for relax areas without passing the buzzing environment of the city like harbor bay and sekupang the plus point surrounding of this terminal is green trees are everywhere so you will be welcomed nicely before docking there is nuvasa bay and infinite studio that is famous for digital and animation works just remember public transportation is really rare here so arrange your transportation or using online service either way enjoy your visit trough this terminal one corona gone,ini adalah salah satu terminal feri khusus karena lokasinya pada dasarnya berada di pojok pulau dimana banyak resort dan hotel mungkin bagi yang suka langsung pergi ke area bersantai tanpa melewati lingkungan kota yang ramai seperti harbour bay dan sekupang plus point di sekitar terminal ini adalah pepohonan hijau dimana-mana jadi anda akan disambut dengan baik sebelum berlabuh disana ada nuvasa bay dan studio infinity yang terkenal dengan karya digital dan animasi ingatlah angkutan umum sangat jarang disini jadi atur transportasi anda atau gunakan layanan online bagaimanapun nikmati kunjungan anda melalui terminal ini corona hilang,adalah salah satu terminal feri khusus lokasi dasar ada pojok pulau banyak resort hotel mungkin suka langsung pergi area santa lewat lingkung kota ramai harbour bay kupang plus point sekitar terminal adalah pohon hijau mana jadi akan sambut baik labuh sana nuvasa bay studio infinity yang kenal karya digital animasi ingat angkut umum sangat jarang sini jadi atur transportasi atau guna layan online nikmat kunjung lalu terminal corona hilang,LABEL_0
Nongsapura Ferry Terminal,"just a ferry terminal, fast service, avoid during holiday seasons",4 stars,Edited 7 years ago,just a ferry terminal fast service avoid during holiday seasons,hanya terminal feri yang menghindari layanan cepat selama musim liburan,terminal feri hindar layan cepat lama musim libur,LABEL_2
Nongsapura Ferry Terminal,One of a kind harbour,4 stars,8 years ago,one of a kind harbour,pelabuhan yang unik,labuh unik,LABEL_0
Nongsapura Ferry Terminal,Needs a face lift,4 stars,8 years ago,needs a face lift,membutuhkan pengencangan wajah,butuh encang wajah,LABEL_2
Nongsapura Ferry Terminal,Architecture there has the exotic atmosphere with roof of traditional Indonesian style,4 stars,7 years ago,architecture there has the exotic atmosphere with roof of traditional indonesian style,Arsitektur di sana memiliki suasana eksotis dengan atap bergaya tradisional Indonesia,arsitektur sana milik suasana eksotis atap gaya tradisional indonesia,LABEL_0
Nongsapura Ferry Terminal,Public transport is a bit limited also google maps do not show the correct timing for public transport.,5 stars,2 years ago,public transport is a bit limited also google maps do not show the correct timing for public transport,angkutan umum agak terbatas dan peta google tidak menunjukkan waktu yang tepat untuk angkutan umum,angkut umum batas peta google tunjuk waktu tepat angkut umum,LABEL_1
Nongsapura Ferry Terminal,Very good efficient service,5 stars,8 years ago,very good efficient service,layanan efisien yang sangat baik,layan efisien sangat baik,LABEL_0
Nongsapura Ferry Terminal,Poor ventilation with ridiculously long queue. Also appeared to have bribes being accepted to cut to the front of the queue. Unprofessional and terrible.,2 stars,3 years ago,poor ventilation with ridiculously long queue also appeared to have bribes being accepted to cut to the front of the queue unprofessional and terrible,ventilasi yang buruk dengan antrian yang sangat panjang juga tampaknya menerima suap untuk memotong antrian di depan tidak profesional dan mengerikan,ventilasi buruk antri sangat panjang tampak terima suap potong antri depan profesional keri,LABEL_2
Nongsapura Ferry Terminal,"Nongsapura Ferry Terminal in Batam, Indonesia, is a well-organized and efficient gateway for travelers heading to Singapore or other nearby islands. The terminal is relatively clean, with basic amenities such as waiting areas, snack stalls, and restrooms, though it could benefit from more seating and better maintenance. Immigration and boarding processes are generally smooth, but peak hours can see longer queues. The terminal’s location offers scenic waterfront views, adding a pleasant touch to the waiting experience. While not as modern as some international ferry hubs, Nongsapura serves its purpose effectively for short-distance travel. Improvements in signage and customer service could enhance the overall experience.",4 stars,a year ago,nongsapura ferry terminal in batam indonesia is a wellorganized and efficient gateway for travelers heading to singapore or other nearby islands the terminal is relatively clean with basic amenities such as waiting areas snack stalls and restrooms though it could benefit from more seating and better maintenance immigration and boarding processes are generally smooth but peak hours can see longer queues the terminals location offers scenic waterfront views adding a pleasant touch to the waiting experience while not as modern as some international ferry hubs nongsapura serves its purpose effectively for shortdistance travel improvements in signage and customer service could enhance the overall experience,"Terminal feri nongsapura di batam indonesia merupakan pintu gerbang yang terorganisir dengan baik dan efisien bagi wisatawan yang menuju ke singapura atau pulau-pulau terdekat lainnya terminal ini relatif bersih dengan fasilitas dasar seperti ruang tunggu, kedai makanan ringan dan toilet meskipun terminal ini bisa mendapatkan keuntungan dari lebih banyak tempat duduk dan pemeliharaan yang lebih baik proses imigrasi dan boarding umumnya lancar tetapi pada jam sibuk dapat terjadi antrian yang lebih panjang. Lokasi terminal menawarkan pemandangan tepi laut yang indah menambahkan sentuhan menyenangkan pada pengalaman menunggu meskipun tidak semodern beberapa pusat feri internasional nongsapura melayani tujuannya secara efektif untuk perbaikan perjalanan jarak pendek pada papan petunjuk dan layanan pelanggan dapat meningkatkan pengalaman secara keseluruhan",terminal feri nongsapura batam indonesia rupa pintu gerbang organisir baik efisien wisatawan tuju singapura pulau dekat lain terminal relatif bersih fasilitas dasar ruang tunggu kedai makan ringan toilet meski terminal bisa dapat untung lebih banyak tempat duduk pelihara lebih baik proses imigrasi boarding umum lancar jam sibuk jadi antri lebih panjang lokasi terminal tawar pandang tepi laut indah tambah sentuh senang alam tunggu meski modern beberapa pusat feri internasional nongsapura layan tuju efektif baik jalan jarak pendek pada papan tunjuk layan langgan tingkat alam seluruh,LABEL_0
Nongsapura Ferry Terminal,"Super convenient and fast immigration, check in, and ferry ride.",4 stars,8 years ago,super convenient and fast immigration check in and ferry ride,check in imigrasi super nyaman dan cepat dan naik feri,check in imigrasi super nyaman cepat naik feri,LABEL_0
Nongsapura Ferry Terminal,Just love the lack of crowds here,4 stars,3 years ago,just love the lack of crowds here,hanya menyukai kurangnya keramaian di sini,suka kurang ramai sini,LABEL_2
Nongsapura Ferry Terminal,"Nothing much to do, one cafe and one shop that both only take rupees. Clean and easy enough.",3 stars,Edited 9 years ago,nothing much to do one cafe and one shop that both only take rupees clean and easy enough,tidak banyak yang bisa dilakukan di satu kafe dan satu toko yang keduanya hanya menerima rupee dengan bersih dan cukup mudah,banyak bisa laku satu kafe satu toko dua terima rupee bersih cukup mudah,LABEL_0
Nongsapura Ferry Terminal,Very nice ferry terminal.,5 stars,7 years ago,very nice ferry terminal,terminal feri yang sangat bagus,terminal feri sangat bagus,LABEL_0
Nongsapura Ferry Terminal,Well maintained. Good service. Nice staff.,5 stars,2 years ago,well maintained good service nice staff,"terawat dengan baik, pelayanan yang baik, staf yang baik",awat baik layan baik staf baik,LABEL_0
Nongsapura Ferry Terminal,Nothing much to do here,4 stars,2 years ago,nothing much to do here,tidak banyak yang bisa dilakukan di sini,banyak bisa laku sini,LABEL_0
