location,reviewer_name,is_local_guide,contributor_info,rating,time,text,likes,has_photo,owner_response
Harbour Bay Ferry Terminal,Yanto Overseas,True,Local Guide · 75 ulasan · 49 foto,4 bintang,7 tahun lalu,Pelabuhan laut yg nyaman dan mudah dijangkau,0,False,
Harbour Bay Ferry Terminal,Сзня,False,4 ulasan · 1 foto,4 bintang,3 tahun lalu,Baja,0,False,
Harbour Bay Ferry Terminal,Bryan Lee,True,Local Guide · 82 ulasan · 98 foto,5 bintang,7 tahun lalu,Tertata rapi. Stafnya sopan.,0,False,
Harbour Bay Ferry Terminal,Ahmad Zafrullah,True,Local Guide · 25 ulasan · 1 foto,5 bintang,8 tahun lalu,Terminal Feri,0,False,
Harbour Bay Ferry Terminal,Helena Lim,False,9 ulasan · 7 foto,5 bintang,9 bulan lalu,Semoga perjalanan Anda aman dan lancar!,0,False,
Harbour Bay Ferry Terminal,giovanni basanta,True,Local Guide · 733 ulasan · 2.318 foto,3 bintang,8 tahun lalu,Tempat pelabuhan ferry ke tanjung balai dan singapore serta malaysis.byk makanan di sini,0,True,
Harbour Bay Ferry Terminal,THOMSON TAN,True,Local Guide · 130 ulasan · 723 foto,3 bintang,7 tahun lalu,Betapa indahnya pemandangan matahari terbenam!,1,False,
Harbour Bay Ferry Terminal,Nieza Hussin,True,Local Guide · 41 ulasan · 103 foto,4 bintang,3 tahun lalu,Tidak ada lift untuk orang tua,1,False,
Harbour Bay Ferry Terminal,Wil,True,Local Guide · 121 ulasan · 444 foto,5 bintang,2 tahun lalu,"Imigrasi cukup efisien dan cepat. Titik penjemputan Grab agak jauh, terutama jika membawa koper. Saya sarankan belok kiri setelah keluar dari imigrasi dan bea cukai. Jalan kaki 30 detik dan Anda akan sampai di lobi basement hotel Marriott. Naik lift ke lantai 1, pesan Grab Anda, dan bersantai di ruangan ber-AC sambil menunggu penjemputan.",0,False,
Harbour Bay Ferry Terminal,Nando Lim,False,4 ulasan · 1 foto,3 bintang,sebulan lalu,"Toilet nya bau, semoga di mengerti lagi",0,False,
Harbour Bay Ferry Terminal,Kayathri,False,4 ulasan,5 bintang,2 tahun lalu,"Perjalanan yang tak terlupakan, sangat ampuh menghilangkan stres, dan Swiss Belhotel bagus.",0,False,
Harbour Bay Ferry Terminal,Mahadi Capah,True,Local Guide · 44 ulasan · 329 foto,4 bintang,3 tahun lalu,"Pelabuhan yang sangat baik, terintegrasi dengan pusat perbelanjaan dan restoran",0,False,
Harbour Bay Ferry Terminal,Mhd Syafrizal,True,Local Guide · 44 ulasan · 37 foto,5 bintang,4 tahun lalu,Oke,0,False,
Harbour Bay Ferry Terminal,K L CHUA,True,Local Guide · 8 ulasan · 50 foto,5 bintang,7 tahun lalu,"Tidak terlalu ramai. Saya sangat menyukai Roti'O di sana. Setelah keluar dari feri, ada banyak warung makan yang menjual berbagai macam makanan. Banyak hotel di dekatnya, banyak pilihan yang bisa dijangkau dengan berjalan kaki.",1,True,
Harbour Bay Ferry Terminal,Fredy Chandra,True,Local Guide · 42 ulasan · 9 foto,5 bintang,3 tahun lalu,Bagus,0,False,
Harbour Bay Ferry Terminal,Listy Wijono,True,Local Guide · 347 ulasan · 285 foto,4 bintang,8 tahun lalu,Sangat menyenangkan kalau mau menyeberang ke pulau pulau di sekitar Pulau Batam,0,False,
Harbour Bay Ferry Terminal,• Bby Rock •,True,Local Guide · 89 ulasan · 144 foto,5 bintang,Diedit 7 tahun lalu,Suasana nyaman.. banyak fasilitas tersedia di sini ☺️,0,True,
Harbour Bay Ferry Terminal,Lkhamsuren Baatarkhuu,True,Local Guide · 7 ulasan · 6 foto,3 bintang,8 tahun lalu,Banyak area makan dan minum,0,True,
Harbour Bay Ferry Terminal,Cari Dairy,True,Local Guide · 98 ulasan · 5 foto,5 bintang,6 tahun lalu,"Ramai di akhir pekan, lebih baik pergi di hari kerja. Proses pemeriksaan cepat, perjalanan feri 30 menit ke Singapura. Terminal bersih dan besar, toko-toko masih mulai terisi.",0,False,
Harbour Bay Ferry Terminal,Lianmeng Lim,True,Local Guide · 825 ulasan · 616 foto,4 bintang,8 tahun lalu,"Tempat yang bagus untuk duduk di sini, memandang air, bersantai, dan merasakan semilir angin. Suasana malamnya juga menakjubkan.",0,False,
Harbour Bay Ferry Terminal,JK,True,Local Guide · 264 ulasan · 1.793 foto,5 bintang,7 tahun lalu,Feri yang bagus,0,False,
Harbour Bay Ferry Terminal,Guntur,False,11 ulasan · 4 foto,5 bintang,5 tahun lalu,Cukup nyaman,0,False,
Harbour Bay Ferry Terminal,I Made Kasa Astawa,True,Local Guide · 536 ulasan · 687 foto,5 bintang,3 tahun lalu,Banyak restaurant dan hotel di area ini,1,False,
Harbour Bay Ferry Terminal,Fitrah Ariadi,False,2 ulasan · 12 foto,3 bintang,11 bulan lalu,"Tolong beri
Sign diluar atau dibawah marriot biar mudah cari tempatnya!",0,False,
Harbour Bay Ferry Terminal,hidayatullah muhammad,True,Local Guide · 156 ulasan · 320 foto,5 bintang,5 tahun lalu,"Kawasan Bisnis dan Pelabuhan yg terlengkap di Batam.
+ Bersih
+ Arsitektur Modern
+ Fasilitas Lengkap
+ Aman dan Nyaman
+ Pemandangan laut yg bagus
+ Setiap sudut bisa menjadi spot foto yg menarik dan indah.",1,True,
Harbour Bay Ferry Terminal,Zayn Al Basil,True,Local Guide · 133 ulasan · 95 foto,5 bintang,2 tahun lalu,"Pelabuhan yang mantap sih, gak bosan juga, karna ada Starbuck, Indomaret,circle K, KFC box, ala Kampoeng",0,True,
Harbour Bay Ferry Terminal,Jackson Tan,True,Local Guide · 181 ulasan · 1.131 foto,3 bintang,3 tahun lalu,"Tempat ini menarik. Ada tempat makan setelah prosedur bea cukai. Butuh waktu untuk memproses bagasi dari feri karena mesin pemindai yang sama digunakan untuk bagasi kabin.
Ada tempat penukaran mata uang di sini.
Pastikan untuk naik taksi keluar dari kompleks. Berjalan kaki keluar dari kompleks membutuhkan waktu cukup lama dan mengarah ke jalan utama yang berbahaya untuk diseberangi.",0,False,
Harbour Bay Ferry Terminal,Hey its MA,True,Local Guide · 51 ulasan · 45 foto,1 bintang,5 tahun lalu,"Bagus tapi petugas covid nya nyolot nauzubillah saat saya menanyakan surat edaran yang menyatakan anak di bawah umur 10 tahun wajib melampirkan surat kesehatan. Petugas menjawab; menanyakan surat edaran biar apa? Biar pintar ?. Disuruh ke agen tiket minta surat kesehatan untuk ponakan umur 9 tahun. Sudah ke agen tiket berkali kali tapi agen tiket nya menginformasi bahwa itu tidak benar, anak di atas 10 tahun baru wajib surat kesehatan. Sebelumnya keluar masuk batam dalam waktu dekat tidak ada masalah kecuali hari ini. Lucu nya petugas covid tidak bisa menjawab dan semakin nyolot kalo tidak ada surat tidak boleh keluar Batam naik ferry sampe manggil security untuk handle kita padahal saya cuma menanyakan surat edaran & menyampaikan informasi dari agen tiket. Security menyarankan ikutin saja perintah petugas covid. Agen tiket terpaksa menuliskan data ponakan saya tanpa cek tensi untuk mengeluarkan surat kesehatan demi mempercepat keadaan karena takut di tinggal kapal. Saya lupa nama petugas nya siapa. Tapi 2 perempuan yang satu pake kacamata yang paling nyolot yang bertugas hari ini tanggal 26/04/21 pukul 2:30 siang. Buat yang berpergian dengan anak di bawah 10 tahun, saya sarankan untuk mengumpulkan bukti edaran yang menyatakan anak di bawah 10 tahun wajib surat kesehatan saat hendak keluar area pulau batam. Jika suatu saat terjadi atau bertemu dengan petugas covid yang sama, bisa sebagai bukti.",0,False,
Harbour Bay Ferry Terminal,Alona Kaunang,True,Local Guide · 696 ulasan · 3.687 foto,5 bintang,Diedit 3 tahun lalu,"Tempatnya bagus, bersih, dan rapi. Saya datang ke sini pagi-pagi sekitar jam 06.45, jadi tidak terlalu ramai.",1,True,
Harbour Bay Ferry Terminal,CHONG BOON KIONG,True,Local Guide · 527 ulasan · 7.015 foto,4 bintang,2 tahun lalu,"Salah satu terminal feri menuju Batam. Tidak terlalu berawan. Jadi tidak ada antrian panjang di hari kerja. Terminalnya terawat dengan baik.. banyak warung makan di sekitarnya, ada banyak warung yang menjual kek lapis favorit..",0,False,
Harbour Bay Ferry Terminal,Pak Cik,True,Local Guide · 177 ulasan · 1.225 foto,5 bintang,7 tahun lalu,Aku sangat menyukai tempat ini...,1,False,
Harbour Bay Ferry Terminal,marthameliasb,True,Local Guide · 16 ulasan · 27 foto,5 bintang,3 minggu lalu,Pelabuhan fave se-Batam.,0,True,
Harbour Bay Ferry Terminal,Dilla fadilla,True,Local Guide · 32 ulasan · 62 foto,4 bintang,Diedit 8 tahun lalu,Ruang tunggu di dalam lebih bagus. Petunjuk arah kurang jd adikiy agak bingung bagivyg prtma kali,0,True,
Harbour Bay Ferry Terminal,Song Hau Fung,True,Local Guide · 1.232 ulasan · 8.937 foto,5 bintang,Diedit 2 tahun lalu,Pengalaman yang luar biasa,0,True,
Harbour Bay Ferry Terminal,Ben Chor,True,Local Guide · 246 ulasan · 359 foto,4 bintang,7 tahun lalu,"Tempat baru, tidak banyak orang.",0,False,
Harbour Bay Ferry Terminal,Akhung Berithel Ina,True,Local Guide · 196 ulasan · 176 foto,5 bintang,7 tahun lalu,Pelabuhan yang sangat nyaman di Singapura,0,False,
Harbour Bay Ferry Terminal,jorch Ang,True,Local Guide · 63 ulasan · 154 foto,3 bintang,8 tahun lalu,Loket pelayanannya mudah ditemukan.,0,False,
Harbour Bay Ferry Terminal,Yosi Charly,True,Local Guide · 102 ulasan · 53 foto,3 bintang,7 tahun lalu,Penumpang ga diizinin masuk keruang tunggu sampe kapalnya udah nyandar di pelabuhan,0,False,
Harbour Bay Ferry Terminal,arsip garden,True,Local Guide · 58 ulasan · 24 foto,4 bintang,Diedit 8 tahun lalu,Pelabuhan ferry yang cukup besar tetapi sepi.,0,False,
Harbour Bay Ferry Terminal,Wike Sulasty,True,Local Guide · 67 ulasan · 359 foto,5 bintang,8 tahun lalu,Tempat yang bagus untuk makan makanan laut.,0,False,
Harbour Bay Ferry Terminal,marno chen,True,Local Guide · 75 ulasan · 157 foto,4 bintang,4 tahun lalu,Bagus,0,False,
Harbour Bay Ferry Terminal,Mela,True,Local Guide · 790 ulasan · 8.909 foto,4 bintang,5 tahun lalu,👍👍👍👍❤️ …,0,False,
Harbour Bay Ferry Terminal,cynthia wulandari,True,Local Guide · 84 ulasan · 1.030 foto,5 bintang,3 tahun lalu,"Pertama kalinya saya ke pelabuhan ini, saat akan berpergian ke kabupaten Karimun Kepri, pelabuhan nya bagus bersih",0,True,
Harbour Bay Ferry Terminal,Tzu-lung Yang,True,Local Guide · 146 ulasan · 16.402 foto,3 bintang,8 tahun lalu,"Perjalanan singkat ke Batam (pijat, belanja, makan) dan naik feri kembali ke Singapura!",1,True,
Harbour Bay Ferry Terminal,Ayaaa.,True,Local Guide · 51 ulasan · 89 foto,5 bintang,2 tahun lalu,Beli tiketnya mudah. Tempat nunggunya juga nyaman. Masuk ke kapalnya juga ga rebutan.,1,False,
Harbour Bay Ferry Terminal,samsuniar arifin,True,Local Guide · 98 ulasan · 1.405 foto,5 bintang,2 tahun lalu,Pelabuhan yg mewah,0,True,
Harbour Bay Ferry Terminal,Rudi Malinta,False,13 ulasan,4 bintang,3 tahun lalu,Pelabuhan internasional,0,False,
Harbour Bay Ferry Terminal,adril syah,True,Local Guide · 85 ulasan · 1 foto,1 bintang,7 tahun lalu,Transportasinya tidak bebas,0,False,
Harbour Bay Ferry Terminal,INSPIRASI ALAM,True,Local Guide · 162 ulasan · 151 foto,3 bintang,6 tahun lalu,"Tempatnya santai, ditepi laut",0,True,
Harbour Bay Ferry Terminal,Siti Zulyanti,False,9 ulasan · 7 foto,1 bintang,4 bulan lalu,"Pelayanannya kurang.

Tgl 9 Maret 2025, pukul 12.30 tujuan tanjung balai Karimun. Saya ada minta tolong kepada petugas penjaga X-ray untuk angkut koper saya, karena keadaan saya lagi hamil dan koper saya berat. Tapi responnya malah menyuruh saya tarok hp. Maksudnya gimana? Kan tas kecil pun udah masuk ke X-Ray, baju atau celana saya ga ada koceknya. Misal saya tarok hp pun, apakah saya bisa angkut koper saya yg lumayan berat itu untuk di X-RAY?.

Padahal petugasnya laki2. Apa karena saya hamil muda dan perut saya ga keliatan besar? Atau karena petugas, bukan tukang angkut?

Karena masnya, saya lemes dan mau jatuh saat masuk kapal. Untuk crew kapalnya baik mau bantuin saya.

Buat masnya semoga nanti istrimu diperlakukan hal yang serupa di transportasi umum yaa 😊",0,False,
Harbour Bay Ferry Terminal,Arif Petualang,True,Local Guide · 2.271 ulasan · 16.586 foto,4 bintang,7 tahun lalu,Pintu masuk keluar pulau Batam ke Singapura,0,False,
Harbour Bay Ferry Terminal,Gerys Adhanisal,True,Local Guide · 51 ulasan · 87 foto,4 bintang,8 tahun lalu,Bersih dan Nyaman,0,False,
Harbour Bay Ferry Terminal,D Muralee,True,Local Guide · 839 ulasan · 1.460 foto,4 bintang,7 tahun lalu,"New Harbour Bay dengan pusat perbelanjaan, tempat makan, dan akomodasi yang lengkap. Objek wisata baru dengan terminal feri baru pasti menjadi daya tarik utama bagi para pengunjung 😀 …",1,False,
Harbour Bay Ferry Terminal,Sony Rusli,True,Local Guide · 113 ulasan · 369 foto,5 bintang,5 tahun lalu,Keren banget deket ama Singapur,0,False,
Harbour Bay Ferry Terminal,ros daeli,True,Local Guide · 86 ulasan · 102 foto,5 bintang,8 tahun lalu,"Lumayan bagus, bersih, dan banyak jajanan oleh2 gitu. Kesini bisa pake taksi atau transBatam",0,False,
Harbour Bay Ferry Terminal,Abel Brata,True,Local Guide · 224 ulasan · 740 foto,5 bintang,5 tahun lalu,Pemandangan matahari terbenam yang indah dari area ini.,0,True,
Harbour Bay Ferry Terminal,Sigit Wahyudi,True,Local Guide · 5 ulasan · 22 foto,5 bintang,4 tahun lalu,"Tempat yang bagus, jalannya mudah dipahami dan tempat pembelian tiketnya juga mudah.",1,True,
Harbour Bay Ferry Terminal,Pehankayyah Abdul,False,4 ulasan,1 bintang,7 tahun lalu,"- Tempat check in sharus nya pas masuk area terminal  area keberangkatan , bukan di lantai 2 supaya penumpang tidak bolak balik

- Sebaiknya VIP lounges bisa digunakan at least 1 jam 30 menit sebelum keberangkatan , bukan 30 menit sebelum nya baru d perbolehkan masuk ke VIP room nya

- Pengalaman saya sejauh ini di berbagai tempat yg pernah saya kunjungi, selalu di sedia in tempat buat Tas Tangan biar tidak kotor ato rusak saat melewati x-ray checking, sayang nya di sini tidak tersedia

- luggage buat VIP class, seharus nya priority , jd gk harus nggu sampe smua penumpang lain habis baru laguge VIP class muncul, dan ini selalu terjadi di sini
- Ini smua pendapat saya saja, kurang lebih mohon maaf",2,False,
Harbour Bay Ferry Terminal,Muhammad Frederiyk,True,Local Guide · 44 ulasan · 4 foto,5 bintang,4 tahun lalu,Suka view seberang nya,1,True,
Harbour Bay Ferry Terminal,abu bakar mohd nor,True,Local Guide · 165 ulasan,4 bintang,3 tahun lalu,"Feri yang lumayan dengan staf yang ramah. Terminal feri di JB Stulang jelek, tapi bagus di Batam.",0,False,
Harbour Bay Ferry Terminal,Nuruzzaman,True,Local Guide · 760 ulasan · 7.828 foto,5 bintang,8 tahun lalu,Tempat yang indah dan mudah untuk berlibur beberapa hari ke tempat yang sejuk dan tenang seperti Batam...,0,True,
Harbour Bay Ferry Terminal,Novi Triandri,True,Local Guide · 4 ulasan · 30 foto,5 bintang,5 tahun lalu,"Pengalaman di Johor Bahru, Malaysia",0,False,
Harbour Bay Ferry Terminal,francis ng,True,Local Guide · 36 ulasan · 38 foto,5 bintang,3 tahun lalu,"Saya sudah lama tidak ke sana karena COVID-19, tetapi tempat itu masih bagus.",0,False,
Harbour Bay Ferry Terminal,Jonson Tamba,True,Local Guide · 71 ulasan · 1 foto,4 bintang,5 tahun lalu,Oke,0,False,
Harbour Bay Ferry Terminal,EKO ADI SAPUTRO,True,Local Guide · 19 ulasan · 14 foto,3 bintang,4 tahun lalu,Sepi sejak pandemi,0,False,
Harbour Bay Ferry Terminal,EL ULIMY,True,Local Guide · 359 ulasan · 3.894 foto,5 bintang,4 tahun lalu,"Ada beberapa ferry di tempat ini, sebelum covid digunakan untuk menyeberang ke SG.",3,True,
Harbour Bay Ferry Terminal,Moch Yoga Pradana,True,Local Guide · 26 ulasan · 45 foto,5 bintang,4 tahun lalu,Bagus,0,False,
Harbour Bay Ferry Terminal,Al Fajri,True,Local Guide · 22 ulasan · 3 foto,5 bintang,4 tahun lalu,pelabuah  international dekat dengan hotel,0,False,
Harbour Bay Ferry Terminal,Kivlan Zein,False,1 ulasan,1 bintang,8 tahun lalu,Tempat ini ojek pangkalannya tdk ramah dgn penumpang aplagi dgn penumpang yg memakai jasa angkutan online...kalau kasi harga seenaknya...mahalnya selangit tlong di tertibkan opangnya,0,False,
Harbour Bay Ferry Terminal,strawberryjamm,True,Local Guide · 8 ulasan · 25 foto,1 bintang,11 bulan lalu,"Korupsi 🐀 Saya membayar tambahan Rp80.000 untuk bagasi saya. Mereka bilang jika bagasi saya melebihi 20kg, saya harus membayar Rp50.000/kg, jadi saya membayar Rp100.000 dan baru menyadari saya hanya perlu membayar Rp20.000 💀 Hati-hati semuanya! …",0,False,
Harbour Bay Ferry Terminal,Nuur Syafiqah,True,Local Guide · 116 ulasan · 36 foto,2 bintang,2 tahun lalu,"Ada banyak orang, tetapi tidak ada sistem yang memadai. Kamu yang pintar, tanyakan saja. Kita semua ketinggalan feri karena tidak ada pengumuman yang tepat.",0,True,
Harbour Bay Ferry Terminal,Moe,True,Local Guide · 308 ulasan · 362 foto,4 bintang,8 tahun lalu,"Terminal feri yang nyaman, lebih sedikit kemacetan, lebih sedikit penumpang, dan perjalanan lebih cepat ke Singapura.",0,False,
Harbour Bay Ferry Terminal,Agung Juliansyah,True,Local Guide · 76 ulasan · 298 foto,5 bintang,6 tahun lalu,"Salah satu pelabuhan ferry internasional terbaik saat ini di Batam, Port ini sudah menerapkan Auto Gate seperti di Singapura. Tempatnya dekat dengan banyak hotel di area Harbour bay. Didalamnya juga ada tempat nongkrong Starbucks dan Morning bakery",0,True,
Harbour Bay Ferry Terminal,Dzul Tee,True,Local Guide · 337 ulasan · 474 foto,4 bintang,5 bulan lalu,Banyak sekali tokonya! Seperti di bandara!,0,True,
Harbour Bay Ferry Terminal,Fonz Row,True,Local Guide · 472 ulasan · 201 foto,4 bintang,7 tahun lalu,"Terminal feri ini terlihat menjanjikan jika dibandingkan dengan terminal feri lain di Batam. Ada beberapa proyek yang sedang berlangsung di sini, selain beberapa apartemen dan hotel baru yang sedang dibangun, mereka juga memperluas gedung terminal dengan Starbucks baru dan beberapa toko di dalamnya.",0,False,
Harbour Bay Ferry Terminal,Alifa Safira,False,1 ulasan,4 bintang,4 tahun lalu,Tugas pam lebaran,0,False,
Harbour Bay Ferry Terminal,Fanny Tirta Sari,True,Local Guide · 137 ulasan · 495 foto,5 bintang,3 tahun lalu,"Terminal Feri Harbour Bay adalah salah satu pelabuhan Batam di seluruh pulau. Terletak di dalam mal dan di samping Hotel JW Marriot. Dari sini kita bisa pergi ke Singapura dan Malaysia, Puteri Harbour. Loket tiket terletak di lantai 2 di dalam mal, pastikan untuk mengikuti petunjuk dan rambu, Anda tidak akan tersesat. Untuk keberangkatan pertama di pagi hari, perlu menuju gerbang dekat Starbucks, karena gerbang utama mungkin belum dibuka.",4,True,
Harbour Bay Ferry Terminal,- AlvinWS -,True,Local Guide · 36 ulasan,5 bintang,4 tahun lalu,Terminal feri Harbour Bay mulai beroperasi kembali setelah 2 tahun...,1,False,
Harbour Bay Ferry Terminal,Adiputra TV,False,5 ulasan · 2 foto,1 bintang,7 tahun lalu,Monopoli taksi yang mengerikan dan terlalu mahal di pelabuhan.,0,False,
Harbour Bay Ferry Terminal,Johan Batam,True,Local Guide · 62 ulasan · 304 foto,5 bintang,6 tahun lalu,"Mal, hotel, dan terminal feri terintegrasi.",0,False,
Harbour Bay Ferry Terminal,Syarfin Saragih,True,Local Guide · 9 ulasan · 9 foto,4 bintang,3 tahun lalu,Menyukai,0,False,
Harbour Bay Ferry Terminal,Delly Iswandi,True,Local Guide · 209 ulasan · 1.940 foto,4 bintang,Diedit 5 tahun lalu,"Tempat yang bagus, bersih, higienis, dan nyaman.",9,False,
Harbour Bay Ferry Terminal,Hendra Tamara,True,Local Guide · 10 ulasan · 9 foto,1 bintang,7 tahun lalu,Banyak maling di parkiran,0,False,
Harbour Bay Ferry Terminal,Selvino Rumanti,False,8 ulasan · 11 foto,5 bintang,3 tahun lalu,"Pelabuhan sekaligus tempat belanja oleh2
Ngga perlu keliling mall u cari souvenir
Pelayanan di harbour bay ferry juga ramah",0,True,
Harbour Bay Ferry Terminal,Nurawr Oh,True,Local Guide · 31 ulasan · 10 foto,2 bintang,9 bulan lalu,"Penumpang yang tidak memiliki tiket kelas bisnis dapat masuk dan naik feri bersama kami. Tidak ada sistem untuk memeriksa tiket dengan benar - buang-buang uang jika Anda membeli tiket Kelas Bisnis untuk memprioritaskan naik feri. Stafnya berantakan dan tidak teratur.

Salah satu staf memberi tahu kami (keluarga dengan bayi dan anak kecil) bahwa kami harus duduk di area umum terlebih dahulu, tidak perlu mengantre untuk masuk dulu dan mereka akan memanggil kami untuk memberi tahu kami bahwa kami dapat masuk. Tetapi pada akhirnya tidak ada yang melakukannya dan kami harus bergegas bergabung dengan antrean yang sudah terbentuk.

Toko-toko di sana cukup memadai untuk mengisi waktu kami sambil menunggu proses naik feri dimulai.",0,False,
Harbour Bay Ferry Terminal,yume,True,Local Guide · 256 ulasan · 48 foto,1 bintang,3 tahun lalu,"Saya tidak memiliki rupee Indonesia di kartu VISA saya, jadi saya ditipu dengan menggunakan ringgit Indonesia.",0,False,
Harbour Bay Ferry Terminal,Fyntia Warouw,True,Local Guide · 250 ulasan · 351 foto,4 bintang,8 tahun lalu,"Lumayan bersih dan besar. Bagian depannya jg mulai ditata bagus. Cari taxi gampang, hotel bisa lsg jalan kaki.",0,False,
Harbour Bay Ferry Terminal,Halim Ishnan,True,Local Guide · 29 ulasan · 298 foto,5 bintang,setahun lalu,Cantik,0,False,
Harbour Bay Ferry Terminal,Zulin Muflihah,True,Local Guide · 17 ulasan · 71 foto,3 bintang,5 tahun lalu,Nyaman,1,False,
Harbour Bay Ferry Terminal,Antoni Qiu,True,Local Guide · 222 ulasan · 472 foto,4 bintang,8 tahun lalu,Berukuran kecil dengan tata letak yang sederhana dan pusat perbelanjaan di sebelahnya.,0,False,
Harbour Bay Ferry Terminal,faris fadia,True,Local Guide · 440 ulasan · 577 foto,4 bintang,8 tahun lalu,"Pintu gerbang Indonesia,cukup baik dan indonesia bangeett..",0,False,
Harbour Bay Ferry Terminal,muhamad athar,False,2 ulasan,5 bintang,3 tahun lalu,Pelabuhannya bagus sekali kayk di singapur,0,False,
Harbour Bay Ferry Terminal,Bibin Manalu,True,Local Guide · 20 ulasan · 6 foto,5 bintang,Diedit 5 tahun lalu,"Keren tempat nya bagus, cuman mall nya dah mati dan juga jauh kalau mau ambil grab atau gojek dari pelabuhan",1,False,
Harbour Bay Ferry Terminal,sonny waseda,True,Local Guide · 4 ulasan · 59 foto,1 bintang,8 tahun lalu,"Orang-orang tampak bermusuhan di sekitar teluk, pemesanan taksi lokal di sekitar teluk kurang menyenangkan.",1,False,
Harbour Bay Ferry Terminal,Ken D.,True,Local Guide · 128 ulasan · 708 foto,4 bintang,5 tahun lalu,Pemandangan yang luar biasa!,0,False,
Harbour Bay Ferry Terminal,David Rueda,True,Local Guide · 1.498 ulasan · 16.089 foto,5 bintang,7 tahun lalu,Stasiun feri yang bagus dengan pusat perbelanjaan di dalamnya.,0,False,
Harbour Bay Ferry Terminal,SAFRI EFENDI,True,Local Guide · 16 ulasan · 12 foto,5 bintang,3 tahun lalu,Oh,0,False,
Harbour Bay Ferry Terminal,dedi sumardi,True,Local Guide · 247 ulasan · 60 foto,5 bintang,8 tahun lalu,"PELABUHAN HARBOUR BAYJika berkunjung ke Pulau Batam, tidak afdol rasanya jika tidak berkunjung ke Pelabuhan Harbour Bay. Pelabuhan Harbour Bay tidaklah seperti pelabuhanbiasanya terlebih pemandangannya di malam hari. Dari sini, kita bisa melihat lampu – lampu negara Singapura yang begitu indah. Wajar saja, banyak restoran bertarif mahal berjejer di wilayah pelabuhan Harbour Bay. Kini Pelabuhan Harbour Bay telah menjadi salah satu destinasi wisata di pulau Batam.",1,False,
Harbour Bay Ferry Terminal,Suhaibi,True,Local Guide · 4 ulasan · 39 foto,5 bintang,3 tahun lalu,Joging,0,False,
Harbour Bay Ferry Terminal,Andi M. Fadjr,True,Local Guide · 357 ulasan · 1.230 foto,5 bintang,setahun lalu,"Tempatnya bagus.
sayang sampah masih banyak dilaut",0,True,
Harbour Bay Ferry Terminal,Thanh Do Chanel,False,22 ulasan · 65 foto,5 bintang,6 tahun lalu,Tempat dengan layanan lengkap.,0,True,
Harbour Bay Ferry Terminal,Ceds B,True,Local Guide · 278 ulasan · 16.989 foto,3 bintang,2 tahun lalu,Sedih melihat tempat yang bagus namun terbengkalai dan tidak terawat dengan baik...,0,False,
Harbour Bay Ferry Terminal,Iqbal Fauzan,True,Local Guide · 56 ulasan · 50 foto,4 bintang,7 tahun lalu,Tempat ini kekurangan fasilitas umum seperti toilet dan ruang sholat.,0,False,
Harbour Bay Ferry Terminal,steve tjan,True,Local Guide · 99 ulasan · 163 foto,3 bintang,7 tahun lalu,Butuh lebih banyak daya tarik,0,False,
Harbour Bay Ferry Terminal,ellen little,True,Local Guide · 412 ulasan · 5 foto,4 bintang,Diedit 7 tahun lalu,Suka itu,0,False,
Harbour Bay Ferry Terminal,Midas,True,Local Guide · 242 ulasan · 79 foto,5 bintang,5 tahun lalu,salah satu pelabuhan menuju Singapura,0,False,
Harbour Bay Ferry Terminal,Tomoyasu Nakamura,True,Local Guide · 635 ulasan,3 bintang,2 tahun lalu,Baru dan nyaman. Proses boarding dimulai 30 menit sebelumnya.,0,False,
Harbour Bay Ferry Terminal,Ferri Aguswan,True,Local Guide · 461 ulasan · 1.365 foto,4 bintang,8 tahun lalu,Pelabuhannya sudah tertata dengan baik.,0,False,
Harbour Bay Ferry Terminal,Haryanto,True,Local Guide · 75 ulasan · 453 foto,3 bintang,2 tahun lalu,"Hanya ada 1 operator untuk rute Harbour Front (Singapura) ke Harbour Bay (Batam), jadi tidak terlalu fleksibel. Horizon Fast Ferry selalu mengalami keterlambatan waktu keberangkatan saat berada di Harbour Front (Singapura). Karena lokasinya yang strategis dan dekat dengan hotel tempat saya menginap, saya selalu kembali ke Harbour Bay.",0,False,
Harbour Bay Ferry Terminal,Eunkyung Son,True,Local Guide · 19 ulasan · 15 foto,5 bintang,8 tahun lalu,"Saya berkunjung ke sini untuk naik perahu ke Pulau Batam. Tempatnya sangat ramai, penuh dengan orang-orang yang ingin pergi ke Indonesia dan tempat lain. Namun, ada cukup banyak pilihan yang bisa Anda pilih, dengan lebih dari 4 perusahaan perahu yang mengirimkan perahu setiap 15 hingga 30 menit. Sebaiknya pesan tiket terlebih dahulu jika Anda perlu berangkat pagi atau tidak ingin mengantre.",0,False,
Harbour Bay Ferry Terminal,PARSAULIAN,True,Local Guide · 92 ulasan · 1.250 foto,4 bintang,8 tahun lalu,Keren,0,False,
Harbour Bay Ferry Terminal,daniel lee,True,Local Guide · 32 ulasan · 14 foto,4 bintang,setahun lalu,"Hari ini sangat ramai, tetapi para petugas sangat ramah.",0,False,
Harbour Bay Ferry Terminal,AGALIVIR Asotnes,True,Local Guide · 631 ulasan · 2.627 foto,4 bintang,9 tahun lalu,Sangat bersih dan nyaman,0,False,
Harbour Bay Ferry Terminal,Didan Wahid,False,5 ulasan,5 bintang,setahun lalu,Bagus,0,False,
Harbour Bay Ferry Terminal,Hasbullah Ali,True,Local Guide · 22 ulasan · 5 foto,2 bintang,2 tahun lalu,"Saya terkejut Horizon Ferry tidak menyediakan opsi pembayaran kartu kredit/debit atau QRS. Hanya menerima uang tunai 😂. ​​Saya terburu-buru membeli tiket dengan waktu tersisa 20 menit, jadi saya harus bergegas ke lantai pertama mencari mesin ATM.

Untungnya, frekuensi feri mereka di pagi hari adalah setiap 30 menit hingga 1 jam, jadi jika Anda bangun terlambat dan terburu-buru kembali ke Singapura untuk bekerja di pagi hari, ini bisa menjadi pilihan.

Tiket feri sekali jalan ke Singapura adalah IDR 515.000. Pembayaran hanya tunai.",0,False,
Harbour Bay Ferry Terminal,Steve DM G,True,Local Guide · 359 ulasan · 466 foto,3 bintang,7 tahun lalu,Bagus dan bersih,0,False,
Harbour Bay Ferry Terminal,Team 168 body conversion solo,True,Local Guide · 125 ulasan · 250 foto,5 bintang,5 tahun lalu,Tempatnya bagus dan ramah tamah penduduknya,0,False,
Harbour Bay Ferry Terminal,imawan dedy,True,Local Guide · 176 ulasan · 1.758 foto,5 bintang,4 tahun lalu,"Harbour bay ferry merupakan terminal penyeberangan transportasi ferry yang berada di pusat kota Batam. Didaerah ini juga banyak pusat perbelanjaan kota Batam maupun banyak tempat kuliner dan tempat nongkrong.
Tempat cukup nyaman dan bersih, pelayanan baik.",7,True,
Harbour Bay Ferry Terminal,Syarif Hidayat,True,Local Guide · 10 ulasan · 19 foto,1 bintang,6 tahun lalu,"TOLOL,,,, pelabuhan tapi gak ada kapal laut buat nyebrang. Mending ke Sekupang",1,False,
Harbour Bay Ferry Terminal,Shiro Gaming,True,Local Guide · 86 ulasan · 26 foto,4 bintang,6 tahun lalu,Tempat bgus.. Cma belum sempurna.. Ad sebagian bangunan blm selesai,0,False,
Harbour Bay Ferry Terminal,Srinivasan V,True,Local Guide · 1.217 ulasan · 1.888 foto,5 bintang,3 tahun lalu,Besar,2,False,
Harbour Bay Ferry Terminal,Fardhan Aqib,True,Local Guide · 62 ulasan · 246 foto,5 bintang,2 tahun lalu,Cepat dan nyaman,0,True,
Harbour Bay Ferry Terminal,Soul Kain,True,Local Guide · 141 ulasan · 124 foto,4 bintang,8 tahun lalu,Perlu lebih banyak tempat duduk di ruang keberangkatan.,0,False,
Harbour Bay Ferry Terminal,Jogi Oktavianus,False,4 ulasan · 1 foto,5 bintang,setahun lalu,Besar,0,False,
Harbour Bay Ferry Terminal,Mohd Andy,True,Local Guide · 46 ulasan · 113 foto,5 bintang,Diedit 9 bulan lalu,Punya pemandangan yg indah dan warung makanan yg banyak. Pelabuhan yg diminati ramai.,0,True,
Harbour Bay Ferry Terminal,Rin,True,Local Guide · 552 ulasan · 3.910 foto,3 bintang,8 tahun lalu,Toilet kotor,1,True,
Harbour Bay Ferry Terminal,Md Mohsin Khan,True,Local Guide · 501 ulasan · 792 foto,4 bintang,6 tahun lalu,Tempat yang sangat keren,0,False,
Harbour Bay Ferry Terminal,Singgih Eko (Singgih),True,Local Guide · 71 ulasan · 150 foto,5 bintang,8 tahun lalu,Pelabuhan kelas atas,1,False,
Harbour Bay Ferry Terminal,Denny Wingstond,True,Local Guide · 123 ulasan · 111 foto,5 bintang,8 tahun lalu,Keren dahh,1,False,
Harbour Bay Ferry Terminal,Burhan,True,Local Guide · 213 ulasan · 1.572 foto,5 bintang,8 tahun lalu,Pelayaran,0,False,
Harbour Bay Ferry Terminal,hengki prastiyo,True,Local Guide · 84 ulasan · 286 foto,5 bintang,5 tahun lalu,"Kebetulan pas nyari pelabuhan paling dekat dari bandara ,langsung mampir di Harbourbay..",1,True,
Harbour Bay Ferry Terminal,Budi Santosa,True,Local Guide · 31 ulasan · 23 foto,5 bintang,3 tahun lalu,Bagus,0,False,
Harbour Bay Ferry Terminal,Afidzman,True,Local Guide · 111 ulasan · 636 foto,5 bintang,5 tahun lalu,Sudah sangat baik dari sebelumnya,0,False,
Harbour Bay Ferry Terminal,rosp,True,Local Guide · 86 ulasan · 76 foto,4 bintang,setahun lalu,Harganya terlalu mahal; tepat waktu itu positif.,0,False,
Harbour Bay Ferry Terminal,Salwa Putri,False,1 ulasan · 1 foto,4 bintang,8 tahun lalu,Tempat yang bagus,0,False,
Harbour Bay Ferry Terminal,Heri Purwanto,True,Local Guide · 56 ulasan · 188 foto,2 bintang,7 tahun lalu,"Di dalam lumayan rapi dan adem di luar ga lebih baik dari terminal bis, semrawut, penunjuk arah kurang. 🙈 …",0,True,
Harbour Bay Ferry Terminal,Everdineone Kambey,True,Local Guide · 293 ulasan · 1.424 foto,4 bintang,9 tahun lalu,"Beda banget dengan keteraturan di Spore,.. disiplin, teratur, kebersihan,.. blom bgt bagus
Pelayanan wheelchair baik orang nya",2,True,
Harbour Bay Ferry Terminal,Roy M G,True,Local Guide · 259 ulasan · 224 foto,4 bintang,5 tahun lalu,Karena covid dan penyebrangan ke Malaysia dan Singapura ditutup jadi sepi,0,False,
Harbour Bay Ferry Terminal,Nurpin Purba,True,Local Guide · 21 ulasan · 18 foto,4 bintang,7 tahun lalu,"Bagus, dekat dengan mall",0,False,
Harbour Bay Ferry Terminal,pragnesh virani,True,Local Guide · 105 ulasan · 3.531 foto,4 bintang,8 tahun lalu,Secara keseluruhan bagus!,0,False,
Harbour Bay Ferry Terminal,Andi Yusuf Patrix,True,Local Guide · 43 ulasan · 1 foto,5 bintang,7 tahun lalu,"Bersih, banyak pilihan untuk kulinernya.",0,False,
Harbour Bay Ferry Terminal,MAS SUY,True,Local Guide · 217 ulasan · 610 foto,5 bintang,setahun lalu,Kereen bersih mewah tertib,0,False,
Harbour Bay Ferry Terminal,Hendro Sairin,True,Local Guide · 175 ulasan · 1.188 foto,5 bintang,5 tahun lalu,"View bagus, makanan enak",0,False,
Harbour Bay Ferry Terminal,Moving Clouds,True,Local Guide · 359 ulasan · 161 foto,4 bintang,3 tahun lalu,Pilihan bagus,0,False,
Harbour Bay Ferry Terminal,웅스타,True,Local Guide · 347 ulasan · 873 foto,5 bintang,4 tahun lalu,Ada banyak hal menakjubkan.,0,False,
Harbour Bay Ferry Terminal,kenzy ferdano,False,2 ulasan,5 bintang,setahun lalu,Mall nya megah,0,False,
Harbour Bay Ferry Terminal,billy kantu88,True,Local Guide · 34 ulasan,5 bintang,setahun lalu,Salju,1,False,
Harbour Bay Ferry Terminal,Jusak Hartono,True,Local Guide · 57 ulasan · 3 foto,3 bintang,9 tahun lalu,ok lah....cuma bingungin untuk yg pertama tentang pake ferry.,0,False,
Harbour Bay Ferry Terminal,LN HK,True,Local Guide · 691 ulasan · 464 foto,5 bintang,7 tahun lalu,"Terminal feri yang sangat bagus. Tampilannya sangat modern, bahkan lebih bagus daripada terminal feri di tepi pelabuhan.",0,False,
Harbour Bay Ferry Terminal,afdal munarse,True,Local Guide · 28 ulasan,5 bintang,3 tahun lalu,Bagus,0,False,
Harbour Bay Ferry Terminal,Rudy Prasatio,True,Local Guide · 90 ulasan · 350 foto,4 bintang,7 tahun lalu,Tempat yang bagus,0,False,
Harbour Bay Ferry Terminal,MD SUFFRI O,True,Local Guide · 19 ulasan · 4 foto,5 bintang,6 bulan lalu,Ini pilihan saya dibandingkan dengan terminal feri Batam Centre yang sangat ramai. Di sini lebih sepi dan transaksinya lancar.,0,False,
Harbour Bay Ferry Terminal,The Baking Republic,True,Local Guide · 112 ulasan · 162 foto,4 bintang,8 tahun lalu,"Paling enak nyebrang ke SG lewat Harbour Bay, parkiran luas dan gak rebutan. Lebih nyaman dan gak pake antrian mengular yang sangat lama.",0,False,
Harbour Bay Ferry Terminal,Kristi Yono,False,1 ulasan,5 bintang,5 tahun lalu,Mau ke Tanjung Balai Jarimun..masih teringat ama harbour bay,0,False,
Harbour Bay Ferry Terminal,Ira Sutanti,True,Local Guide · 42 ulasan · 8 foto,5 bintang,setahun lalu,Suasananya nyaman,0,False,
Harbour Bay Ferry Terminal,SUNARTO PEK,False,4 ulasan · 7 foto,3 bintang,setahun lalu,Tempat tunggu penumpang sebelum masuk ke ruang keberangkatan terlalu sedikit. Kasihan yg bw org tua dan anak2 gak dpt duduk.,0,False,
Harbour Bay Ferry Terminal,Dafit Yansen,True,Local Guide · 109 ulasan · 401 foto,5 bintang,setahun lalu,Tempat asri dan bersih,0,False,
Harbour Bay Ferry Terminal,Yaser Aser,True,Local Guide · 13 ulasan · 1 foto,5 bintang,3 tahun lalu,👍👍👍 …,0,False,
Harbour Bay Ferry Terminal,Noor HezAin,True,Local Guide · 305 ulasan · 925 foto,3 bintang,6 tahun lalu,"Ada Starbucks untuk menikmati kopi atau sepotong kue sambil menunggu feri Anda. Ada juga pilihan makanan lainnya. Di gedung yang sama, Hotel Marriott akan segera beroperasi.",1,True,
Harbour Bay Ferry Terminal,Ang Anthony,True,Local Guide · 69 ulasan · 140 foto,5 bintang,setahun lalu,dapat menggunakan gerbang otomatis dan pelabuhan yang tidak terlalu ramai,0,False,
Harbour Bay Ferry Terminal,Samantha See,True,Local Guide · 344 ulasan · 5.245 foto,3 bintang,6 tahun lalu,"Sangat ramai saat akhir pekan. Antriannya terlalu panjang sampai pinggangku mau patah. Pos pemeriksaan imigrasi kecil. AC-nya tidak terlalu bagus. Untungnya musim hujan, jadi tidak terlalu panas.",0,True,
Harbour Bay Ferry Terminal,sity munawadri,True,Local Guide · 34 ulasan · 10 foto,5 bintang,8 bulan lalu,Bagus,0,False,
Harbour Bay Ferry Terminal,Syafril Midiyato,True,Local Guide · 279 ulasan · 103 foto,3 bintang,2 tahun lalu,Jadwal kapal yang teratur sedikit saran mungkin kursi di ruang tunggu harus selalu di periksa kebersihannya.,1,False,
Harbour Bay Ferry Terminal,Ken Huang,True,Local Guide · 58 ulasan · 3 foto,4 bintang,3 tahun lalu,Makanan berlimpah...,0,False,
Harbour Bay Ferry Terminal,Sindy Rahmadani,True,Local Guide · 216 ulasan · 326 foto,4 bintang,5 tahun lalu,Tempat yang bagus untuk melihat matahari terbenam ✨,1,True,
Harbour Bay Ferry Terminal,Sarabjit Singh,True,Local Guide · 137 ulasan · 204 foto,5 bintang,7 tahun lalu,Pengalaman naik feri yang luar biasa di laut.,0,False,
Harbour Bay Ferry Terminal,septian putra diana,True,Local Guide · 117 ulasan · 316 foto,5 bintang,8 tahun lalu,Aku suka 😍😍😍 …,0,False,
Harbour Bay Ferry Terminal,Devi Tinambunan,True,Local Guide · 177 ulasan · 5 foto,5 bintang,3 tahun lalu,"Keren, elite, bersih",0,False,
Harbour Bay Ferry Terminal,Amanat Turrohmah,True,Local Guide · 184 ulasan · 121 foto,5 bintang,6 tahun lalu,"Beberapa bangunan masih dalam pemeliharaan, tetapi masih cukup nyaman untuk berbelanja dan menikmati makanan sebelum meninggalkan Batam.",0,True,
Harbour Bay Ferry Terminal,maulani yulian,True,Local Guide · 24 ulasan · 10 foto,5 bintang,5 tahun lalu,"nyaman, bersih",0,False,
Harbour Bay Ferry Terminal,Riki Junianto,True,Local Guide · 42 ulasan · 25 foto,4 bintang,8 tahun lalu,berjalan berjalan,0,False,
Harbour Bay Ferry Terminal,yudhi wiratama,True,Local Guide · 30 ulasan · 23 foto,4 bintang,5 tahun lalu,Representatif dan menu makanan seafoodnya cukup lengkap,0,False,
Harbour Bay Ferry Terminal,Roy SADO,True,Local Guide · 118 ulasan · 563 foto,5 bintang,5 tahun lalu,"Tempat yang bagus untuk singgah dari feri Jeety, karena di dalamnya ada kedai kopi untuk bersantai dan juga dekat dengan hotel.. dan jika Anda datang terlambat ke sini, Anda juga bisa makan di sebelahnya, ada nasi padang dan lain-lain...",1,True,
Harbour Bay Ferry Terminal,Jatinderpal Singh,True,Local Guide · 68 ulasan · 28 foto,5 bintang,7 tahun lalu,Pengalaman luar biasa di laut menuju Indonesia,0,False,
Harbour Bay Ferry Terminal,Christien Monica,True,Local Guide · 37 ulasan · 15 foto,5 bintang,8 tahun lalu,Terminal feri yang bagus,0,False,
Harbour Bay Ferry Terminal,Suaidil Aidil (Aidil),True,Local Guide · 110 ulasan · 97 foto,5 bintang,3 tahun lalu,Padat,0,False,
Harbour Bay Ferry Terminal,Namdev Krishna,True,Local Guide · 163 ulasan · 247 foto,4 bintang,7 tahun lalu,Tempat yang indah,0,False,
Harbour Bay Ferry Terminal,Suryanti Agustina,True,Local Guide · 100 ulasan · 241 foto,5 bintang,4 tahun lalu,"Ramai lagi harbour bay ferry setelah covid reda, alhamdulillah",1,True,
Harbour Bay Ferry Terminal,Andhika Utama,True,Local Guide · 16 ulasan · 8 foto,5 bintang,5 tahun lalu,Melayani kapal dengan rute batam - tg balai karimun. Akses ke kota yang dekat dan berada di komplek yg super lengkap,1,False,
Harbour Bay Ferry Terminal,ariefbudiman uie,True,Local Guide · 20 ulasan · 123 foto,5 bintang,8 tahun lalu,Membersihkan,0,True,
Harbour Bay Ferry Terminal,Dedy Irawan,False,2 ulasan · 1 foto,1 bintang,setahun lalu,"T
Peraturan imigrasi ribet, padahal sudah beli tiket pulang pergi melalui pelabuhan harborbay. Karena ktp medan.tidak dizin kan masuk, dan anehnya lagi , karena baru pertama kali lewat harbourbay,",0,False,
Harbour Bay Ferry Terminal,uthemo grey,False,4 ulasan · 2 foto,1 bintang,8 tahun lalu,Pelayanan kurang ramah,2,False,
Harbour Bay Ferry Terminal,Sunni May,True,Local Guide · 97 ulasan · 173 foto,5 bintang,4 tahun lalu,Tempatnya cantik,0,False,
Harbour Bay Ferry Terminal,Azis Aemo,True,Local Guide · 99 ulasan · 297 foto,5 bintang,3 tahun lalu,Salah satu pelabuhan ferry terbaik dikota batam yang bersih & tertata rapi.,0,False,
Harbour Bay Ferry Terminal,Hanif Kharisma Trashasri Amiseno (HAKHATA),True,Local Guide · 106 ulasan · 33 foto,5 bintang,4 tahun lalu,Salam satu pelabuhan ferry yg nyaman dan bersih. Sudah serasa berada diluar negeri karena lingkungan nyan tertata dan bersih juga nyaman sekali. Di sore hari tempat ini bisa dijadikan tempat bersantai dan juga berolahraga untuk masyarakat sekitar. Bisa jadi tempat pilihan juga menghabiskanian waktu. Dan dapat melihat pemandangan Singapura dari sini. Tempat yg indah dan nyaman sekali,0,True,
Harbour Bay Ferry Terminal,Edy Susanto,True,Local Guide · 249 ulasan · 79 foto,5 bintang,Diedit 7 tahun lalu,Batam,0,False,
Harbour Bay Ferry Terminal,Zainal Arifin,True,Local Guide · 202 ulasan · 13 foto,4 bintang,5 tahun lalu,Keluar untuk menyegarkan diri,0,False,
Harbour Bay Ferry Terminal,Fitria Apriyani,True,Local Guide · 29 ulasan · 10 foto,5 bintang,setahun lalu,Bagus. Akses dekat,0,False,
Harbour Bay Ferry Terminal,The Wanderer Guy,True,Local Guide · 302 ulasan · 1.385 foto,5 bintang,5 bulan lalu,"Salah satu terminal feri yang bagus di Pulau Batam, berpenampilan modern dan terawat dengan baik, terhubung dengan banyak toko dan food court.",1,True,
Harbour Bay Ferry Terminal,Al Gio,True,Local Guide · 45 ulasan · 335 foto,5 bintang,Diedit 3 tahun lalu,Sangat bagus,1,False,
Harbour Bay Ferry Terminal,Wiwid Widodo,True,Local Guide · 27 ulasan · 36 foto,5 bintang,4 tahun lalu,Mak nyuss,0,False,
Harbour Bay Ferry Terminal,Agus Widjiantoro,True,Local Guide · 460 ulasan · 3.826 foto,5 bintang,8 tahun lalu,"pelabuhan internasional di batam,tepatnya dekat pelabuhan batu ampar.",1,True,
Harbour Bay Ferry Terminal,thoms studio,True,Local Guide · 199 ulasan · 186 foto,5 bintang,4 tahun lalu,Pelabuhan yang bagus. Rapih. Nyaman,1,False,
Harbour Bay Ferry Terminal,WSL,False,4 ulasan · 1 foto,1 bintang,setahun lalu,"Penanganan Bea Cukai yang Buruk & Proses Naik Kapal yang Tidak Terorganisir

Bea Cukai: Penumpang yang tiba dan berangkat menggunakan koridor luar yang sama tanpa pembatas, sehingga menimbulkan kebingungan. Petugas bea cukai mengelompokkan penumpang yang tiba dalam kelompok sekitar 10 orang untuk dua kali pemeriksaan anjing pelacak sebelum mengizinkan masuk ke imigrasi dalam ruangan. Proses ini terasa tidak efisien dan kurang terkelola dengan baik.

Operator Terminal Feri: Area tunggu tidak memiliki layar TV untuk jadwal naik kapal, sehingga menyebabkan kelompok penumpang tercampur. Antrian naik kapal menghalangi penumpang yang sedang menunggu, memperlambat seluruh proses. Pengorganisasian yang buruk mengakibatkan penundaan dan kebingungan yang tidak perlu. Diperlukan manajemen kerumunan yang lebih baik dan tampilan informasi yang jelas.",0,False,
Harbour Bay Ferry Terminal,Jenny Loi,False,6 ulasan · 2 foto,4 bintang,7 tahun lalu,Cukup bagus tempatnya.,0,False,
Harbour Bay Ferry Terminal,Mathias Todo Welan,True,Local Guide · 22 ulasan · 21 foto,5 bintang,8 tahun lalu,Bagus,1,False,
Harbour Bay Ferry Terminal,Irmantoni Piliang,True,Local Guide · 42 ulasan · 180 foto,5 bintang,3 tahun lalu,"Pelabuhan ferry habourbay melayani tujuan :
Singapore
Tanjung balai karimun
Tembilahan",1,False,
Harbour Bay Ferry Terminal,Kamila Gemstone,True,Local Guide · 98 ulasan · 88 foto,5 bintang,6 tahun lalu,Sore hari suasanya lebih adem.. dengan pemandangan lampu2 restoran juga hotel..,0,False,
Harbour Bay Ferry Terminal,West Point,True,Local Guide · 241 ulasan · 18.525 foto,4 bintang,3 tahun lalu,Bagus,0,False,
Harbour Bay Ferry Terminal,MAS TRIMBLE Channel,True,Local Guide · 30 ulasan · 4 foto,5 bintang,6 tahun lalu,Pelabuhan domestik dibatam yang banyak digunakan oleh turis lokal dan luar negeri,0,False,
Harbour Bay Ferry Terminal,Redho Ferdian Akmal,True,Local Guide · 44 ulasan · 294 foto,5 bintang,6 tahun lalu,Bisa lihat sunset di sini,0,True,
Harbour Bay Ferry Terminal,Emir Dini,True,Local Guide · 21 ulasan · 45 foto,5 bintang,2 tahun lalu,Sangat modern dan terjangkau untuk bepergian ⛵🚢 …,0,False,
Harbour Bay Ferry Terminal,puput handayani,False,2 ulasan · 12 foto,1 bintang,setahun lalu,Lantai 2 nya panas,0,False,
Harbour Bay Ferry Terminal,SCNS Family,True,Local Guide · 52 ulasan · 31 foto,5 bintang,8 tahun lalu,mantap,0,False,
Harbour Bay Ferry Terminal,Anatoly Setia,True,Local Guide · 11 ulasan · 50 foto,2 bintang,setahun lalu,"Ruang tunggu terlalu kecil, tidak layak, dan tidak selalu buka. Layanan imigrasi tidak selalu tersedia. Desain ruang tunggu sangat buruk/bodoh karena mereka menempatkan ruang merokok di dalam ruang tunggu. Asap rokoknya sangat menyengat!!",0,False,
Harbour Bay Ferry Terminal,K. Kumaresan,False,4 ulasan · 7 foto,5 bintang,2 tahun lalu,Oke,0,False,
Harbour Bay Ferry Terminal,A K,True,Local Guide · 654 ulasan · 391 foto,5 bintang,2 tahun lalu,Sangat praktis 🌹 …,1,True,
Harbour Bay Ferry Terminal,Bachtiar Prada,True,Local Guide · 242 ulasan · 242 foto,5 bintang,4 tahun lalu,Mantabb,0,False,
Harbour Bay Ferry Terminal,Pit Gardens,True,Local Guide · 30 ulasan · 100 foto,5 bintang,7 tahun lalu,Tempat yang bagus dan ada mal yang bagus di seberang jalan.,0,False,
Harbour Bay Ferry Terminal,Loganathank Logu,False,4 ulasan · 3 foto,4 bintang,setahun lalu,Super,0,False,
Harbour Bay Ferry Terminal,Gobi Nath,False,6 ulasan,1 bintang,2 tahun lalu,AC di lantai atas masih belum diperbaiki. Pelayanan buruk. Tidak sempat menikmati pemandangan perahu di lantai atas. Sama sekali tidak direkomendasikan.,0,False,
Harbour Bay Ferry Terminal,chinmcis,True,Local Guide · 178 ulasan · 2.117 foto,5 bintang,2 tahun lalu,Semakin banyak toko yang dibuka.,0,False,
Harbour Bay Ferry Terminal,zenzora,True,Local Guide · 15 ulasan · 4 foto,5 bintang,Diedit 3 tahun lalu,"Tempatnya bagus dan ada mal serta hotel juga di dekatnya, dekat dengan makanan laut dan laut, jadi direkomendasikan untuk para pelancong.",1,False,
Harbour Bay Ferry Terminal,Kenrick Lam,False,180 ulasan · 15 foto,4 bintang,7 tahun lalu,"Masih dalam tahap pembangunan sehingga beberapa fasilitas belum beroperasi. Cukup banyak pembangunan yang sedang berlangsung di area tersebut, sehingga sebagian besar mal dan hotel yang berada tepat di sebelah terminal belum mulai beroperasi. Lebih tenang daripada Batam Central, sehingga antrean tidak terlalu menjadi masalah.",0,False,
Harbour Bay Ferry Terminal,Aulia Achmad,True,Local Guide · 265 ulasan · 357 foto,4 bintang,3 tahun lalu,Siip,0,True,
Harbour Bay Ferry Terminal,Ayah Mie,True,Local Guide · 99 ulasan · 62 foto,5 bintang,4 tahun lalu,Ini adalah layanan feri dari Johor Baru ke Pulau Batam,0,False,
Harbour Bay Ferry Terminal,Yuza Muhammad,True,Local Guide · 53 ulasan · 26 foto,5 bintang,3 tahun lalu,Terminal Feri Internasional,0,False,
Harbour Bay Ferry Terminal,Noval Reza,True,Local Guide · 58 ulasan · 33 foto,3 bintang,5 tahun lalu,"Salah satu pelabuhan penyeberangan utama di Batam selain pelabuhan Sekupang. Sebelum pandemi, pelabuhan ini sangat ramai baik oleh penumpang maupu  oleh aktivitas bisnis dan wisata.

Namun setelah pandemi, layanan pelabuhan ini sepeti kolaps, servis tetap berjalan namun sangat minim. Penerangan kurang, eskalator mati (mgkin utk penghematan) and the worse is toilet, jorok, rusak & tidak ada petugas yg membersihkan (yes, the 3 star is for the toilet).

Oh ya..selama pandemi jadwal penyeberangan ke TBK menjadi 3 kali sehari yaitu jam 09.00, 15.00 dan 17.00.",0,False,
Harbour Bay Ferry Terminal,Mark Lee,True,Local Guide · 748 ulasan · 4.805 foto,4 bintang,6 tahun lalu,Akhirnya direnovasi setelah beberapa tahun,0,False,
Harbour Bay Ferry Terminal,Dan Summer,True,Local Guide · 452 ulasan · 8.362 foto,5 bintang,3 tahun lalu,Pelabuhan feri yang bersih dan modern untuk fasilitas naik dan turun penumpang. Terdapat pusat perbelanjaan kecil.,0,False,
Harbour Bay Ferry Terminal,Willy W,False,3 ulasan,1 bintang,6 bulan lalu,"Layanan taksi ini sangat buruk dan tidak dapat diterima. Saya diberi mobil dengan AC yang rusak, yang membuat perjalanan sangat tidak nyaman. Selain itu, pengemudi sama sekali tidak bisa berkomunikasi, sehingga tidak ada cara untuk menjelaskan atau menyelesaikan masalah dengan benar.

Jaraknya hanya sedikit lebih jauh, namun pengemudi menaikkan tarif tanpa alasan yang jelas. Tidak ada penjelasan, tidak ada diskusi, tidak ada profesionalisme. Saya merasa dimanfaatkan dan sepenuhnya diabaikan sebagai pelanggan.

Ini adalah pengalaman yang membuat frustrasi dan mengecewakan. Saya tidak akan menggunakan layanan ini lagi dan tidak merekomendasikannya kepada siapa pun yang mengharapkan standar layanan dasar dan harga yang jujur.",0,False,
Harbour Bay Ferry Terminal,Agus Sapitra,True,Local Guide · 14 ulasan · 85 foto,1 bintang,4 tahun lalu,Pelabuhannya elegan,0,True,
Harbour Bay Ferry Terminal,Janice Teo,True,Local Guide · 38 ulasan · 49 foto,5 bintang,8 tahun lalu,"Terminal yang bersih dan dekat dengan pusat kota. Saya suka karena tidak terlalu ramai dan ber-AC dengan nyaman.

Kartu SIM dapat ditemukan di terminal.",1,True,
Harbour Bay Ferry Terminal,Bettan Kiyai Padang,True,Local Guide · 50 ulasan · 83 foto,5 bintang,2 tahun lalu,Pelabuhan utk menyeberang ke Singapore dan Malaysia sert ke Karimun,0,False,
Harbour Bay Ferry Terminal,Hendry Kurniawan,True,Local Guide · 302 ulasan · 1.531 foto,5 bintang,3 tahun lalu,Itu adalah pengalaman yang baik untuk tinggal di sini,0,False,
Harbour Bay Ferry Terminal,Mahesh Kumar,True,Local Guide · 543 ulasan · 663 foto,5 bintang,8 tahun lalu,Tempat-tempat bagus,0,False,
Harbour Bay Ferry Terminal,Sumarno 23,True,Local Guide · 8 ulasan,5 bintang,4 tahun lalu,👍 …,0,False,
Harbour Bay Ferry Terminal,ᄅ ᄐ ᄂ ᄆ,True,Local Guide · 313 ulasan · 498 foto,5 bintang,5 tahun lalu,Sayang taksi online tak bisa jemput penumpang didalam lokasi,0,False,
Harbour Bay Ferry Terminal,TRI JOKO SUROSO,True,Local Guide · 278 ulasan · 1.614 foto,4 bintang,Diedit 5 tahun lalu,"Bersih dan melihat area terbuka di sekitar, nyaman dengan ruang publik, toko makanan, tempat nongkrong yang bagus, bersepeda dan jogging juga.",1,True,
Harbour Bay Ferry Terminal,Ervien Guo,True,Local Guide · 89 ulasan · 41 foto,5 bintang,2 tahun lalu,Terminal feri yang sangat bagus dan modern. Dapat naik feri dari batam ke depan pelabuhan dan ke stulang laut dan feri lumba-lumba pasir gudang,0,False,
Harbour Bay Ferry Terminal,Master Clear,False,14 ulasan · 4 foto,4 bintang,5 tahun lalu,tertata rapi.. tetapi sangat sepi,0,True,
Harbour Bay Ferry Terminal,evn aja,True,Local Guide · 7 ulasan · 13 foto,3 bintang,2 tahun lalu,"Terminal & pelayanan ok. Sayangnya penjaga box parkir songong² gaya nya, tak ada ramah² nya walau disapa dan saya bilang terima kasih malah buang muka. Itu perlu diperbaiki karena ini pelabuhan internasional, walau mungkin turis² tidak berinteraksi langsung dgn  penjaga box parkir.",0,False,
Harbour Bay Ferry Terminal,Sir'an efendi Efendi,False,3 ulasan · 15 foto,5 bintang,3 tahun lalu,"Senang berada di tempat ini, tempatnya sangat bagus",1,True,
Harbour Bay Ferry Terminal,Rully Setyawan,True,Local Guide · 40 ulasan · 15 foto,5 bintang,8 tahun lalu,Tempat bersih,0,False,
Harbour Bay Ferry Terminal,Aang Gunawan,True,Local Guide · 11 ulasan · 70 foto,4 bintang,7 tahun lalu,Pelabuhan penumpang yang maau ke singapura,0,True,
Harbour Bay Ferry Terminal,Sagi Gurl,True,Local Guide · 53 ulasan · 212 foto,4 bintang,3 tahun lalu,"Tongkrongan baru favorite nya anak Batam.
Saya lebih suka kesini saat malam, Karna Kalau sore masih panas cuacanya",0,False,
Harbour Bay Ferry Terminal,S Q,True,Local Guide · 698 ulasan · 519 foto,5 bintang,3 tahun lalu,"Saya lebih suka terminal ini daripada Batam Centre. Proses imigrasi modern, ada pusat perbelanjaan yang menjual banyak produk dan makanan lokal. Namun, layanan Grab tidak tersedia di sini.",0,False,
Harbour Bay Ferry Terminal,Awan Cerah,True,Local Guide · 56 ulasan · 128 foto,5 bintang,5 tahun lalu,Ongkos ramah dikantong 😁 …,2,True,
Harbour Bay Ferry Terminal,Andri Walles Cius,True,Local Guide · 33 ulasan · 5 foto,5 bintang,7 tahun lalu,rapi dan bersih,0,False,
Harbour Bay Ferry Terminal,Shohel,True,Local Guide · 504 ulasan · 4.733 foto,3 bintang,3 tahun lalu,Oke,0,True,
Harbour Bay Ferry Terminal,Desy Agustina,True,Local Guide · 304 ulasan · 2.860 foto,3 bintang,7 tahun lalu,Kurangnya petunjuk.,1,True,
Harbour Bay Ferry Terminal,ikan hiu,True,Local Guide · 207 ulasan · 516 foto,5 bintang,6 tahun lalu,"Salah satu pelabuhan internasional terbaik yang dimiliki oleh Batam ini.
tempat sangat bersih, parkiran juga sangat luas, serta terdapat banyak sekali tempat kuliner,oleh oleh ataupun tempat bersantai minum kopi sejenak sebelum berangkat atau pergi dan tempat pelabuhan ini tidaklah padat pengunjung keluar masuk, boleh dibilang terkadang sepi.

untuk kekurangannya
saya berharap lebih baik dan baik lagi, baik segi pelayanan ataupun yang lainnya, leboh ditingkatkan. hehehe",1,False,
Harbour Bay Ferry Terminal,Budi Setiawan,True,Local Guide · 319 ulasan · 752 foto,5 bintang,7 tahun lalu,Pelabuhan dgn aktifitas lumayan sibuk dengan melayani rute ke domestik dan international. Saya sendiri melakukan perjalanan dari Tanjungbalai Karimun ke Batam lanjut menggunakan pesawat ke Jakarta dan Semarang.,1,False,
Harbour Bay Ferry Terminal,SC SC,True,Local Guide · 17 ulasan · 71 foto,5 bintang,2 tahun lalu,Bersih dan tidak terlalu ramai,0,False,
Sekupang Ferry Terminal,Tecria [Adelio],False,1 ulasan,5 bintang,7 bulan lalu,Tempat yang cukup bagus,0,False,
Sekupang Ferry Terminal,Indah Mandiri,False,8 ulasan,5 bintang,4 bulan lalu,Bawa kucing boleh gak ya d kapal?,0,False,
Sekupang Ferry Terminal,Filza Yulaini rahma 7D,False,2 ulasan,5 bintang,7 bulan lalu,"sangat baik,dan juga nyaman",0,False,
Sekupang Ferry Terminal,Khrisna Ajaa,False,4 ulasan,5 bintang,7 bulan lalu,tempatnya sangat memukau,0,False,
Sekupang Ferry Terminal,S Triple,False,1 ulasan,1 bintang,3 bulan lalu,"Ruangan kedatangan berbau rokok
Seharusnya Pelabuhan itu wilayah KTR (Kawasan Tanpa Rokok)
PELABUHAN ini harus berbenah",0,False,
Sekupang Ferry Terminal,Mario Henrikus Marbun,False,1 ulasan,5 bintang,7 bulan lalu,Pelayanan sangat baik dan tertata rapi. petugas ramah dan informatif. Fasilitas memadai dan area cukup bersih. Pengalaman yang nyaman,0,False,
Sekupang Ferry Terminal,Jojo N.,True,Local Guide · 199 ulasan · 229 foto,2 bintang,3 bulan lalu,"Terminal feri internasional Sekupang telah berubah menjadi tempat yang suram. Hampir tidak ada layanan yang tersedia, pedagang telah tutup, karena kenaikan sewa sebesar 30%.

Ini bukan cara untuk menarik penumpang yang membayar.
Lebih baik berjalan kaki 3 menit ke terminal domestik untuk mendapatkan lebih banyak pilihan yang masuk akal.
Langkah pertama adalah mengurangi harga tiket feri ke Singapura, 50 dolar AS per orang akan masuk akal. Pastikan Anda memiliki cukup pedagang yang menawarkan makanan atau barang menarik dengan harga yang wajar, bukan harga Singapura, ingat ini Batam.
Manajemen terminal baru benar-benar perlu memiliki ide yang lebih baik daripada hanya menaikkan sewa dan mengusir pedagang.",0,False,
Sekupang Ferry Terminal,annaa,False,3 ulasan,5 bintang,7 bulan lalu,"bagus banget, suka deh",0,False,
Sekupang Ferry Terminal,rei4 kecebgt,False,2 ulasan,5 bintang,7 bulan lalu,Luar biasa!!! ❤️,0,False,
Sekupang Ferry Terminal,Aditya Renger,False,1 ulasan,5 bintang,7 bulan lalu,"Layanan pelabuhan yang bersih, aman, dan efisien. Pengalaman yang sangat memuaskan.",0,False,
Sekupang Ferry Terminal,Rndr,False,2 ulasan,1 bintang,3 bulan lalu,"Terminal kedatangan tercium bau asap rokok
Sepertinya petugasnya tidak tertib dalam menjalankan KTR (Kawasan Tanpa Rokok) untuk wilayah publik/umum seperti pelabuhan
Kasihan sekali penumpang seperti saya jadi korban keegoisan orang2 tidak bertanggung jawab",0,False,
Sekupang Ferry Terminal,Joke Virgins,False,1 ulasan,1 bintang,4 bulan lalu,"Pelabuhan tidak ramah anak dan lansia
Orang-orang pada merokok sembarangan
Dalam ruangannya pun tercium residu asap rokok
Parah sih ini
Sekelas internasional port",0,False,
Sekupang Ferry Terminal,Macademia_P,True,Local Guide · 19 ulasan · 1 foto,5 bintang,7 bulan lalu,Tempatnya sangat nyaman sebelum pergi menyebrang,0,False,
Sekupang Ferry Terminal,MASS KUNCORO,False,2 ulasan · 3 foto,5 bintang,7 bulan lalu,Sekupang ferry terbaik,0,False,
Sekupang Ferry Terminal,Putri Anggraini,False,1 ulasan,5 bintang,7 bulan lalu,tempatnya nyaman dan banyak pilihan oleh oleh untuk buah tangan,0,False,
Sekupang Ferry Terminal,Rizqy Septiadi Rahmatullah,True,Local Guide · 1 ulasan,5 bintang,7 bulan lalu,"Tempat nya nyaman, bersih, Pelayanan nya Top banget",0,False,
Sekupang Ferry Terminal,Syafka,False,5 ulasan · 2 foto,5 bintang,7 bulan lalu,"PELAYANAN NYA MANTAPP, KAPAN KAPAN KESINI LAGI",0,False,
Sekupang Ferry Terminal,Ebi Gael Hutahean,False,2 ulasan,5 bintang,7 bulan lalu,Mudah dan Praktis,0,False,
Sekupang Ferry Terminal,Ojann,False,2 ulasan,5 bintang,7 bulan lalu,"Pelayanannya sangat bagus, memang cocok untuk dikasih bintang 5",0,False,
Sekupang Ferry Terminal,Dede bayu,False,1 ulasan,5 bintang,7 bulan lalu,Indah dan matahari terbenam,0,False,
Sekupang Ferry Terminal,Noé Aviste,False,1 ulasan,5 bintang,7 bulan lalu,"Pelayanannya bagus, ramah, mantap",0,False,
Sekupang Ferry Terminal,M Ridho,False,1 ulasan,5 bintang,7 bulan lalu,Puas banget,0,False,
Sekupang Ferry Terminal,Dian Hary Kurniawan,True,Local Guide · 6 ulasan · 5 foto,5 bintang,7 bulan lalu,"Nyaman, asri. Dan ini adalah pelabuhan internasional pertama di kota batam",0,True,
Sekupang Ferry Terminal,Sipolin z,False,9 ulasan · 1 foto,1 bintang,5 bulan lalu,"Ruangan tmpt cap paspornya bau rokok
Setahu saya harusnya pelabuhan itu tampa rokok",0,False,
Sekupang Ferry Terminal,Tontu Seten,False,1 ulasan,1 bintang,4 bulan lalu,Pelabuhan terburukdi tiket tertera jam 04:00 otw sampe jam 06:30 blm jga berangkat kta karyawan nya nunggu penuhpelanggan disuruh bersabar sementara pihak pelabuhan nya gak mikirin org udh nunggu lama lama gk berangkat jga..,0,False,
Sekupang Ferry Terminal,Wahyu Dwi Tama,True,Local Guide · 5 ulasan · 8 foto,5 bintang,7 bulan lalu,"Sekupang International Ferry Terimal , Terbaik",0,False,
Sekupang Ferry Terminal,Sarah Naillah,False,2 ulasan,5 bintang,7 bulan lalu,Kerenn banget,0,False,
Sekupang Ferry Terminal,zurr,False,1 ulasan,5 bintang,7 bulan lalu,tempat nya bagussss ✨ saya sukaa 👍 …,0,False,
Sekupang Ferry Terminal,Uli Lias,False,1 ulasan,5 bintang,7 bulan lalu,tempatnya indah luas dengan view laut yang indah,0,False,
Sekupang Ferry Terminal,farda imyut,False,1 ulasan,5 bintang,7 bulan lalu,tempat nya bagus juga nyaman,0,False,
Sekupang Ferry Terminal,Dinda Purna Hamdany,False,4 ulasan,5 bintang,7 bulan lalu,"pelayanan yang baik dan cepat, semoga tidak berubah selamanya",0,False,
Sekupang Ferry Terminal,Andi Elpandi,False,1 ulasan,5 bintang,7 bulan lalu,Sangat bagus sekali,0,False,
Sekupang Ferry Terminal,Muhammad Fadillah Rasha,False,2 ulasan,5 bintang,7 bulan lalu,tempatnya bagus dan bersih banget,0,False,
Sekupang Ferry Terminal,caisar dzaky,False,1 ulasan,5 bintang,7 bulan lalu,tempatnya bersih,0,False,
Sekupang Ferry Terminal,Sie nyun cian Antoni,False,2 ulasan,5 bintang,7 bulan lalu,Bagus banget tempat nya,0,False,
Sekupang Ferry Terminal,intan zulaikha,False,2 ulasan,5 bintang,7 bulan lalu,bagus bgt pelayanan ny,0,False,
Sekupang Ferry Terminal,Shynja,False,3 ulasan,5 bintang,7 bulan lalu,kereeenn,0,False,
Sekupang Ferry Terminal,muhamad syifa,False,1 ulasan,1 bintang,3 bulan lalu,"Gak ada u-turn , ditutup semua u turnnya
Jadi kalau parkir
Mau pick up di depan pelabuhan
Harus keluar pelabuhan dulu
Baru masuk lagi",0,False,
Sekupang Ferry Terminal,sahroni,False,1 ulasan,5 bintang,7 bulan lalu,tempat nya bagus,0,False,
Sekupang Ferry Terminal,Muhammad Akbar,False,1 ulasan,5 bintang,7 bulan lalu,"Tempat nya adem banget dan bagus, cocok buat foto foto",0,False,
Sekupang Ferry Terminal,Rifky Rafansyah,False,2 ulasan,5 bintang,7 bulan lalu,Bagus,0,False,
Sekupang Ferry Terminal,BatPersonsAlter,False,1 ulasan,5 bintang,7 bulan lalu,Baguss tempat ferrynya,0,False,
Sekupang Ferry Terminal,Lightning kijang,False,2 ulasan,5 bintang,7 bulan lalu,"menurut saya nyaman dan cukup rapi. Proses masuknya tertib, petugasnya membantu, dan area tunggunya bersih. Aksesnya juga mudah, jadi tidak ribet kalau mau naik atau turun ferry. Cocok buat yang sering bepergian ke luar Batam karena suasananya tenang dan pelayanannya oke👍. …",0,False,
Sekupang Ferry Terminal,Itsuki Chan,False,2 ulasan,5 bintang,7 bulan lalu,"Keren banget, kapan kapan kesini lagi hehe",0,False,
Sekupang Ferry Terminal,Yan Haikhal,False,1 ulasan,5 bintang,7 bulan lalu,Paling cocok klo mau ke SG dri batam,0,False,
Sekupang Ferry Terminal,Dinda Maya,False,2 ulasan,5 bintang,7 bulan lalu,👍🏻👍🏻👍🏻 …,0,False,
Sekupang Ferry Terminal,Safariani Safariani,False,1 ulasan,5 bintang,7 bulan lalu,sangat bagus,0,False,
Telaga Punggur Ferry Terminal,Tri Van Der Saryanto,True,Local Guide · 334 ulasan · 1.006 foto,4 bintang,7 tahun lalu,"Agak ribet juga ketika bawa motor atau mobil, area parkir tidak nyaman dan kadang berair. Tapi ya sesuai dengan tarif parkir (motor seribu rupiah).
Harus naik turun dan ada sistem Harbor Tax. Walaupun demikian Harbor Tax sudah … Lainnya",0,False,
Telaga Punggur Ferry Terminal,ari wardana,True,Local Guide · 38 ulasan · 185 foto,5 bintang,3 tahun lalu,Nyaman,0,True,
Telaga Punggur Ferry Terminal,SETIAWAN DFC,True,Local Guide · 35 ulasan · 75 foto,5 bintang,6 tahun lalu,Di lantai 3 kamu harus membeli tiket untuk bisa mendapatkan kursi keberangkatan kamu.,1,True,
Telaga Punggur Ferry Terminal,bunda julismar,True,Local Guide · 23 ulasan · 219 foto,5 bintang,5 tahun lalu,Lumayan bagus dan nyaman selama menunggu kapal datang,0,False,
Telaga Punggur Ferry Terminal,Said Rusdi,True,Local Guide · 19 ulasan · 188 foto,4 bintang,5 tahun lalu,pelayanan mereka nggk pake perasaan ..kurang sabar 🥺 …,0,False,
Telaga Punggur Ferry Terminal,Dedy Kurniawan,False,3 ulasan,3 bintang,8 tahun lalu,"Tempanya luas dan nyaman
Jadi kalau menunggu tidak merasa resah dengan fasilitas yg bagus diruang tunggu",0,False,
Telaga Punggur Ferry Terminal,Martinus Tarigan,False,6 ulasan · 2 foto,3 bintang,7 bulan lalu,Kebersihan perlu diperhatikan dan di tingkatkan,0,False,
Telaga Punggur Ferry Terminal,Be Saja,True,Local Guide · 50 ulasan · 4 foto,1 bintang,6 tahun lalu,"Bangunan sdh ok ...hanya bagi yg bawa mobil sendiri untuk penjemputan agak repot..parkir sempit....dulu bisa lgs jemput tanpa mesti cari parkiran..
.sekarang kagak bisa..di penuhi taxi semua...terutama lokasi terdekat pintu … Lainnya",1,False,
Telaga Punggur Ferry Terminal,Arip Sarifudin (Arip),True,Local Guide · 114 ulasan · 308 foto,5 bintang,7 tahun lalu,"Tempatnya nyaman bersih,dan tenang untuk menunggu kapal",0,False,
Telaga Punggur Ferry Terminal,dirta rani,True,Local Guide · 55 ulasan · 162 foto,5 bintang,8 tahun lalu,jangan pernah beli tiket ferry dengan jam keberangkatan terlalu mepet. karena aksesnya lumayan jaud dr counter penjualan tiket ke pelabuhan ferrynya,0,False,
Telaga Punggur Ferry Terminal,ISMAIL,True,Local Guide · 11 ulasan · 35 foto,5 bintang,Diedit 3 tahun lalu,Bagus cuma sayang tempat roronya nyandar 1,0,True,
Telaga Punggur Ferry Terminal,Antonius Budi,True,Local Guide · 26 ulasan · 39 foto,5 bintang,5 tahun lalu,"Pelabuhan Roro, melayani perjalanan menggunakan kendaraan pribadi untuk di bawa ke pelabuhan tanjung uban dari pulau batam.  Perjalan ditempuh dalam waktu kurang lebih 1 jam, dengan jadual mulai jam 07.00 sampai dengan 18.00",0,True,
Telaga Punggur Ferry Terminal,Idam Harun,True,Local Guide · 340 ulasan · 3.101 foto,4 bintang,Diedit setahun lalu,"Ke pulau Bintan kalau mau cepat , bagusnya naik speed, beli tiketnya di situ loket",0,True,
Telaga Punggur Ferry Terminal,Syahruji IAI,True,Local Guide · 32 ulasan · 148 foto,4 bintang,setahun lalu,Transportasi aman dan murah antar pulau,0,True,
Telaga Punggur Ferry Terminal,Slamet Sukanto,True,Local Guide · 263 ulasan · 339 foto,4 bintang,8 tahun lalu,"saya tidak merasa rugi membayar seaport tax jika kondisi pelabuhan menjadi lebih baik seperti ini. tolong pelihara, perbaiki yang masih perlu dibenahi dan pertahankan yang sudah baik.",0,False,
Telaga Punggur Ferry Terminal,Deddy rempit,False,3 ulasan · 1 foto,2 bintang,7 tahun lalu,Bp batam nya sangat lah smbong dan juga ga mau bantu anak asli batam aja susah nya setengah mapus... Tau lah kami org miskin,0,False,
Telaga Punggur Ferry Terminal,Asrirrani Virdaus,True,Local Guide · 13 ulasan · 10 foto,3 bintang,2 tahun lalu,"Cukup baik,beda dg 10thn yll tertata rapi.",0,False,
Telaga Punggur Ferry Terminal,Naufal Widian,True,Local Guide · 39 ulasan · 6 foto,5 bintang,Diedit 3 tahun lalu,"Bangunannya bersih, tqpi masih banyak space kosong yang tidak terpakai didalam bangunan yang seharusnya bisa di manfaatkan lebih baik lagi",0,False,
Telaga Punggur Ferry Terminal,Rafael Raditya,True,Local Guide · 231 ulasan · 1.335 foto,3 bintang,6 tahun lalu,"Sudah bagus dari pada dulu...tapi jalur kedatangan seharusnya dibuat nyaman, yang berjalan kaki keluar agak bikin capeeeeee bangedddd naikkkk turunnn haduhhh, satu lagi transportasi dari lokasinya agak tersembunyi karena letak nya jauhhhh … Lainnya",0,False,
Telaga Punggur Ferry Terminal,Shelly Tan,True,Local Guide · 89 ulasan · 92 foto,4 bintang,7 tahun lalu,Kenangan nyebrang dr batam ke buton yg melelahkan .hmmm,0,False,
Telaga Punggur Ferry Terminal,Inayatun,True,Local Guide · 338 ulasan · 1.053 foto,5 bintang,Diedit setahun lalu,"hmmm pelayanan cukup, not good but not bad. yg paling mengganggu di sini, mungkin di setiap pelabuhan juga sama, adalah harus menemui sopir taksi yg terus saja nanya2 kau mau ke mana di setiap langkah. iya, di setiap langkah, oleh orang … Lainnya",2,True,
Telaga Punggur Ferry Terminal,Buyung Manik,True,Local Guide · 26 ulasan,5 bintang,7 tahun lalu,Terminal fery  Telaga punggur adalah terminal penyebeberangan fery ke tanjung pinang dan dabok disini juga terdapat penyeberangan ke tanjung uban menggunakan speed boad dan roro dan speed boad ke lagoi,0,False,
Telaga Punggur Ferry Terminal,Nimas Ernawati,True,Local Guide · 41 ulasan · 74 foto,4 bintang,8 tahun lalu,pelabuhan telaga punggur semakin nyaman..semakin ok..sehbs direnovasi..tp eskalator nya knp g jalan semua ya..he..he..mksh,0,False,
Telaga Punggur Ferry Terminal,Yusman Nahabiah,True,Local Guide · 36 ulasan · 65 foto,4 bintang,8 tahun lalu,Tempatnya hampir menyamai bandara. Cuma sekarang kan lagi perbaikan ataupun renovasi jadi tempat parkir masih becek dan kotor. Jadi kalau kita parkir motor di pelabuhan dan naik pas ketemu hari abis hujan sendal ataupun sepatu kita akan kotor.  Itu aja sih. Kalau ada yang salah tolong di maafkan. Maav cuma itu foymtonya. Hehehe,1,True,
Telaga Punggur Ferry Terminal,yosseadrian,True,Local Guide · 17 ulasan · 35 foto,3 bintang,6 tahun lalu,Jarak dari tempat penjualan tiket ke kapal terlalu jauh. Tapi ruangannya bersih.,0,False,
Telaga Punggur Ferry Terminal,Muammar,True,Local Guide · 10 ulasan · 8 foto,5 bintang,3 tahun lalu,Tempat dan pelayanannya bagus,0,True,
Telaga Punggur Ferry Terminal,Kirix 666,True,Local Guide · 477 ulasan · 460 foto,5 bintang,Diedit 4 bulan lalu,"Pelabuhan kapal Fery antar pulau kabupaten/kota di Pulau Batam ini sudah cukup bagus dan memadai serta sudah dapat beroperasi sebagaimana biasanya. Ada lift juga, cuma agak bingung untuk naik turun. Ha ha ha..😂😂 …",0,True,
Telaga Punggur Ferry Terminal,Calvin Herianto,True,Local Guide · 16 ulasan · 3 foto,4 bintang,2 tahun lalu,Sdh banyak berkembang dan jauh lebih baik dari dulu,0,False,
Telaga Punggur Ferry Terminal,fatikha thurochmah,True,Local Guide · 431 ulasan · 1.432 foto,5 bintang,2 tahun lalu,Salah satu pelabuhan yg selalu ramai di batam,0,True,
Telaga Punggur Ferry Terminal,Fanie Wong,False,1 ulasan · 18 foto,2 bintang,9 tahun lalu,Masih kacau karna pembangunan blm siap dan bnyk debu...,0,False,
Telaga Punggur Ferry Terminal,JESA JE,True,Local Guide · 87 ulasan · 97 foto,5 bintang,Diedit 5 tahun lalu,"Dimasa covid , ketentuan yang berlaku seperti tempat umum lainnya- pemeriksaan Tubuh ,juga tersedia tempat untuk cuci tangan. Saran buat teman2 yang ingin berpergian, sebaiknya teman2 mengakses aplikasi eHAC terlebih dahulu guna … Lainnya",0,False,
Telaga Punggur Ferry Terminal,Dwiky Ibn Muthy,False,7 ulasan · 4 foto,3 bintang,7 tahun lalu,Akses jalannya terlalu kotor saat hujan. Dan masih banyak yg perlu di perbaiki,0,False,
Telaga Punggur Ferry Terminal,Rachmad Dhody,False,3 ulasan · 10 foto,5 bintang,2 tahun lalu,Trmpatnya nyaman dan bersih tersedia ruang tunggu dan tmpat ngopi,0,True,
Telaga Punggur Ferry Terminal,Joelfrankiy,True,Local Guide · 211 ulasan · 7.604 foto,5 bintang,7 tahun lalu,Keindahan alam dan kapal dipinggiran pelabuhan Punggur,1,True,
Telaga Punggur Ferry Terminal,Suryati Tasarina,True,Local Guide · 32 ulasan · 5 foto,4 bintang,6 tahun lalu,Lumayan brsih dan parkiran tdk bgituuu smpit,0,False,
Telaga Punggur Ferry Terminal,Givi Ofgivia,True,Local Guide · 50 ulasan · 20 foto,5 bintang,5 tahun lalu,"Juli 2021;
Masuk langsung diminta tes Genose di tempat (bila kita belum ada melakukan). Kemudian seperti biasa, beli tiket, boarding pass, cek tiket, masuk ferry.",0,False,
Telaga Punggur Ferry Terminal,Yudi Yusdiantoro,True,Local Guide · 96 ulasan · 1 foto,4 bintang,9 tahun lalu,"Pelabuhan antar pulau, bisa menggunakan kapal Roro atau speed boat",0,False,
Telaga Punggur Ferry Terminal,Baso Mustakim,True,Local Guide · 16 ulasan · 14 foto,3 bintang,7 tahun lalu,Sudah Lumayan Bagus dari Beberaoa tahun sebelumnya,0,False,
Telaga Punggur Ferry Terminal,Meyliana Anastasya Rumapea,True,Local Guide · 15 ulasan,5 bintang,3 tahun lalu,"Agak sedikit kecewa sama supir taksinya, terlalu arogan. Mungkin bisa dikasih masukan dari pihak pelabuhannya biar kitanya juga enak dan gak takut buat milih naik taksi dari pelabuhan. Mungkin bisa dicontoh pelabuhan di pinang, ada tuh counter buat mesan taksi jadi gak semrawut",1,False,
Telaga Punggur Ferry Terminal,febrianto eka putra,True,Local Guide · 98 ulasan · 106 foto,5 bintang,7 tahun lalu,Klw mau ke Anambas jangan dari sini. Kapal ke Anambas adanya dari Tanjung pinang,0,True,
Telaga Punggur Ferry Terminal,Dayteti Pirta,True,Local Guide · 37 ulasan · 41 foto,5 bintang,8 tahun lalu,Penjualan tiket ny sdh teratur.. Tempat nya bersih.. Ruang tunggu jg nyaman..,0,False,
Telaga Punggur Ferry Terminal,Irfan Sunda,True,Local Guide · 27 ulasan · 5 foto,4 bintang,7 tahun lalu,Lebih nyaman dr terminal yg dulu...,0,False,
Telaga Punggur Ferry Terminal,Eka Handa,True,Local Guide · 258 ulasan · 1.326 foto,4 bintang,7 tahun lalu,"Bagus terminalnya, cuma sayangnya penumpang kadang ketinggalan kapal karena tidak ada koordinasi dari penjual tiket kepada operator kapal. Udah keburu beli tiket, eh kapalnya udah jalan, terpaksa nunggu lagi walaupun kapalnya selalu ada, tapi waktu jadi terbuang.",0,False,
Telaga Punggur Ferry Terminal,Yudha Adrian,True,Local Guide · 86 ulasan · 39 foto,4 bintang,8 tahun lalu,"Sedang di renovasi, semoga cepat selesai agar jadi lebih nyaman",0,False,
Telaga Punggur Ferry Terminal,Riska Anggit Dwiningtyas,True,Local Guide · 91 ulasan · 286 foto,4 bintang,4 tahun lalu,"Fasilitas sudah cukup bagus, hanya perlu ditingkatkan lagi kebersihan dan kerapiannya agar layanan yang diberikan bisa semakin optimal.",0,False,
Telaga Punggur Ferry Terminal,eddy darkzz,True,Local Guide · 19 ulasan · 15 foto,4 bintang,3 tahun lalu,"Petugas parkirnya baik, cuma parkiran dalam berantakan dan tidak ada penunjuk",0,False,
Telaga Punggur Ferry Terminal,Percetakan Warna Grafindo,True,Local Guide · 6 ulasan · 46 foto,5 bintang,9 tahun lalu,Terminal pelabuhan fery untuk menyeberang ke tanjung pinang dan pulau2 lain di kepri. Tapi sayang lokasi parkirnya kurang luas sehingga sulit untuk parkir kendaraan,0,False,
Telaga Punggur Ferry Terminal,Mak Nando,True,Local Guide · 25 ulasan · 7 foto,2 bintang,2 bulan lalu,Kept Dinda,0,False,
Telaga Punggur Ferry Terminal,Abu Yazid,True,Local Guide · 54 ulasan · 46 foto,4 bintang,7 tahun lalu,"Transportasi laut yg sangat membantu...
tapi gak sedapnya pas mau beli tiket... semua penjual tiket berteriak menawarkan tiket... perasaan jadi kayak di pajak sambo. 😂 …",0,False,
Telaga Punggur Ferry Terminal,Andri Felani,True,Local Guide · 178 ulasan · 51 foto,2 bintang,8 tahun lalu,terminal blm selesai...parking lotnya sempit...blm rapi...blm nyaman....,0,False,
Telaga Punggur Ferry Terminal,Fahri Boy alfatih,True,Local Guide · 144 ulasan · 180 foto,3 bintang,8 tahun lalu,"Sudah mengalami perubahan seperti pembangunan fisik ruangan, fasilitas, tempat parkir semakin luas",0,False,
Telaga Punggur Ferry Terminal,Syafrianto,True,Local Guide · 618 ulasan · 49 foto,4 bintang,Diedit 2 tahun lalu,"Sudah agak bagus, namun masih perlu penataan lagi agar lebih rapi dan teratur",0,False,
Telaga Punggur Ferry Terminal,dimas kid,True,Local Guide · 62 ulasan · 49 foto,4 bintang,6 tahun lalu,Pelabuhan yg menyediakan tranportasi laut ke tujuan pulau yg ada di kepulauan Riau. Sdh mulai tertata baik. Saat ini parkir nya di hitung sekali masuk belum di hitung per jam. Lumayan hemat jadi nya,0,False,
Telaga Punggur Ferry Terminal,Arif Purwoko Abdullah,True,Local Guide · 29 ulasan · 9 foto,3 bintang,5 tahun lalu,"Sangat standar, mungkin karena pelabuhan domestik juga",0,False,
Telaga Punggur Ferry Terminal,Wilia Siska,True,Local Guide · 68 ulasan · 574 foto,3 bintang,8 tahun lalu,Terminalnya besar hanya saja tidak ada mini market dan ruang tunggunya,0,False,
Telaga Punggur Ferry Terminal,Arie Hadiwarsito123,False,2 ulasan · 1 foto,3 bintang,setahun lalu,Mantap,0,True,
Telaga Punggur Ferry Terminal,Deky Timor,True,Local Guide · 214 ulasan · 142 foto,5 bintang,2 tahun lalu,"Mantap akhirnya bisa sampai juga di kota batas, semoga bisa berkunjung lagi😊 …",0,False,
Telaga Punggur Ferry Terminal,Catur Budiyoso,True,Local Guide · 6 ulasan · 25 foto,4 bintang,8 tahun lalu,"Parkiran nya masih belum layak, coba di semenisasi semua dan dibikin garis parkir biar makin rapi dan muat banyak mobil",0,False,
Telaga Punggur Ferry Terminal,Lica Astary,False,3 ulasan · 1 foto,1 bintang,11 bulan lalu,"keberangkatan ga tepat waktu pls, pas sy telat 10 menit kapal dh berangkat , terus sy ikut di kapal brkutnya dh lewat 20 menit dari jam keberangkatan ga ada jalan-jalan , astaga kesel bgt",0,False,
Telaga Punggur Ferry Terminal,SUPRIYADI,True,Local Guide · 107 ulasan · 71 foto,4 bintang,3 bulan lalu,"Bagus kok tempatnya, hanya saya belum tahu apakah bisa beli tiket kapal Ferry pakai online seperti tiket kapal Roro sebelah, setidaknya menghindari antrian dan mempermudah konsumen dalam bepergian.salam",0,True,
Telaga Punggur Ferry Terminal,Wandi Santosa CMD-PT. BMW,True,Local Guide · 196 ulasan · 18 foto,3 bintang,8 tahun lalu,Pelabuhan penghubung Bintan Batam. Ga nyaman dg penjual tiketnya. Berisik.,0,False,
Telaga Punggur Ferry Terminal,Rendy Eko Prasetio,True,Local Guide · 56 ulasan · 267 foto,5 bintang,setahun lalu,Pulang ke Tanjungpinang kota Gurindam,0,True,
Telaga Punggur Ferry Terminal,Alex Chung,False,3 ulasan · 5 foto,5 bintang,2 tahun lalu,Terima kasih kepada Pengelola. Sekarang beli tiket lebih mudah via Livin' Bank Mandiri.,0,True,
Telaga Punggur Ferry Terminal,Awal Ginting,True,Local Guide · 36 ulasan · 123 foto,1 bintang,setahun lalu,Jelek ...kotor dan berdebu perlu dilakukan perhatian khusus dan orang yang bertanggung jawab,0,False,
Telaga Punggur Ferry Terminal,Erwin Fairus,True,Local Guide · 23 ulasan · 25 foto,5 bintang,7 tahun lalu,"Alternatif penyeberangan dengan kapal roro, speed ataupun feri ke tg uban, pinang, karimun dan tujuan lainnya.",1,True,
Telaga Punggur Ferry Terminal,Fakhrul Rhozy,True,Local Guide · 5 ulasan · 21 foto,3 bintang,8 tahun lalu,Susah bawak barang banyak klw lewt jenjang manual,0,False,
Telaga Punggur Ferry Terminal,Teddy Haryadi,True,Local Guide · 119 ulasan · 287 foto,5 bintang,3 tahun lalu,"Salah satu pelabuhan yang ada di tanjungpinang. Yang mana tujuan kapalnya ada ke berbagai lokasi dikepri dan keluar kepri seperti batam, bengkalis, dan lingga. Untuk yang ke tanjungpinang kapalnya ada setiap jam mulai dari jm 8 sampai jm 17 … Lainnya",0,True,
Telaga Punggur Ferry Terminal,Gibran Toto,True,Local Guide · 405 ulasan · 727 foto,5 bintang,6 tahun lalu,"Fasilitas udah oke, tinggal tingkatkan jam pelayaran kapal ke berbagai pulau",0,True,
Telaga Punggur Ferry Terminal,Zayed World,True,Local Guide · 77 ulasan · 9 foto,3 bintang,6 tahun lalu,"Padahal ketempat keberangkatan dekat,  tp berputar2.  Capek deh klo bawa anak kecil dan barang.",0,False,
Telaga Punggur Ferry Terminal,margaretha nurrunisa,True,Local Guide · 14 ulasan · 1 foto,5 bintang,7 tahun lalu,Terminal bagus dan bersih. Sbg penghubung utk penumpang yg mau ke tj pinang dan skitarnya.,0,False,
Telaga Punggur Ferry Terminal,Randa Okta,True,Local Guide · 14 ulasan · 1 foto,5 bintang,3 tahun lalu,"Pelabuhan Ferry telaga Punggur, pelabuhan Ferry domestik yang baik dalam hal fasilitas layanan penumpang",0,False,
Telaga Punggur Ferry Terminal,Muhammad Yani Sidi T,True,Local Guide · 49 ulasan · 63 foto,3 bintang,7 tahun lalu,"Saat ini sudah nyaman di bagian dalam, hanya parkirnya masih ruwet.",0,False,
Telaga Punggur Ferry Terminal,Hendrik AS,True,Local Guide · 386 ulasan · 1.732 foto,5 bintang,8 tahun lalu,Diatas KMP BARAU sesaat sebelum sailling dr Pelabuhan Telaga Punggur...,0,True,
Telaga Punggur Ferry Terminal,Leong Victor,True,Local Guide · 20 ulasan · 144 foto,4 bintang,5 bulan lalu,Tryout local ferry MV OCEANNA from Tanjung Pinang (Bintan) local ferry terminal to Telaga Pungur Ferry,0,False,
Telaga Punggur Ferry Terminal,Yan Cahyadi Anas Family,True,Local Guide · 155 ulasan · 419 foto,4 bintang,Diedit 2 tahun lalu,"Pelabuhan domestik di Pulau Batam yang memiliki rute tujuan tanjung pinang, tanjung Uban, jagoh Dabo Singkep",0,False,
Telaga Punggur Ferry Terminal,hasbi ash shiddieqy,False,7 ulasan,4 bintang,Diedit 4 tahun lalu,"pelabuhan fery domestik melayani rute tanjung pinang,tanjung uban dan dabo",0,False,
Telaga Punggur Ferry Terminal,Bara Surya Liestiawan,True,Local Guide · 70 ulasan · 101 foto,2 bintang,7 tahun lalu,"Yah pelabuhan aja buat kalo emang perlu aja. Tempat parkirnya dari dulu parah abis. Sekarang udah pake jembatan2an juga tetap aja parah. Malah parkir mobilnya di tanah, kalo ujan lumpur dan gampang selip, parah abis.",0,False,
Telaga Punggur Ferry Terminal,Kelik Wap,True,Local Guide · 30 ulasan · 32 foto,4 bintang,5 tahun lalu,"Lumayan bagus, kapal berangkat tepat waktu",0,False,
Telaga Punggur Ferry Terminal,U Dee Batam,True,Local Guide · 189 ulasan · 946 foto,2 bintang,Diedit setahun lalu,"Pick up sangat terbatas,sempit, rawan kendaraan lalu lalang dekat calon penumpang",0,True,
Telaga Punggur Ferry Terminal,John Paul,True,Local Guide · 57 ulasan · 51 foto,3 bintang,8 tahun lalu,"lay out antah berantah, byk maling kesempatan dalam kesempitan.",0,False,
Telaga Punggur Ferry Terminal,Said Zalman Alaydrus,True,Local Guide · 133 ulasan · 103 foto,2 bintang,3 tahun lalu,Terlalu banyak tangga klu mau brangkat dt btm,0,True,
Telaga Punggur Ferry Terminal,The Tutor,True,Local Guide · 153 ulasan · 283 foto,5 bintang,2 tahun lalu,"Rapi bersih, toilet bagus. Untuk bangunan depan jalan masuk sebaiknya segera diselesaikan .",1,False,
Telaga Punggur Ferry Terminal,Mantan Ajah,False,7 ulasan · 1 foto,5 bintang,8 tahun lalu,Indah sekali pemandangannya kalau melihat dari atas kapal ferry,0,False,
Telaga Punggur Ferry Terminal,rank mudo,True,Local Guide · 27 ulasan · 4 foto,3 bintang,11 bulan lalu,Terminal kedatangan tidak ramah untuk penumpang. Taxi pangkalan mengintai penumpang yang di jemput dengan kendaraan pribadi.,0,False,
Telaga Punggur Ferry Terminal,Fadhlan A,True,Local Guide · 149 ulasan · 108 foto,3 bintang,8 tahun lalu,pelabuhannya masih kurang memadai untuk lahan parkir dan drop  off calon penumpang.,0,False,
Telaga Punggur Ferry Terminal,aris stiawan,True,Local Guide · 1.098 ulasan · 942 foto,5 bintang,6 tahun lalu,"Rapih terminalnya, bersih. Pelabuhan kelas bandara nih.
Iya lah internasionaal.
Setiap hari kedatangan arrival,siapa soh arival tuh?",0,True,
Telaga Punggur Ferry Terminal,maria ingrid,True,Local Guide · 80 ulasan · 143 foto,5 bintang,2 tahun lalu,"Bersih, nyaman. kamar mandi juga bersih",0,True,
Telaga Punggur Ferry Terminal,Annissa Valentina,True,Local Guide · 434 ulasan · 991 foto,5 bintang,4 tahun lalu,"Tempatnya luas, bersih, hanya saja memang tidak bisa naik ojek online dari sini harus jalan terlebih dahulu ke pintu masuk, dan itu cukup jauh, tapi tempatnya oke kok untuk pelabuhan ini cukup bersih dan kulihat ada beberapa tempat makan dan minimarket di luarnya 😊 …",1,False,
Telaga Punggur Ferry Terminal,Dodi Zulakbar,True,Local Guide · 51 ulasan · 59 foto,5 bintang,7 tahun lalu,"Fasilitas udah lengkap,hanya saja belum rapi",0,False,
Telaga Punggur Ferry Terminal,danang maulana,True,Local Guide · 240 ulasan · 165 foto,3 bintang,9 tahun lalu,"Lokasi yang sedang dilakukan renovasi, menjadikan kawasan pelabuhan menjadi semrawut.",0,False,
Telaga Punggur Ferry Terminal,Dwi Rosa Damasena,True,Local Guide · 24 ulasan · 1 foto,5 bintang,6 tahun lalu,Pelayanan dan fasilitasnya semakin bagus dan baik.,0,False,
Telaga Punggur Ferry Terminal,Reza Kick,False,6 ulasan,4 bintang,2 tahun lalu,"nyaman, pelayanan prima
konter taksi kurang rapi",0,False,
Telaga Punggur Ferry Terminal,Mei Liean Valentina,True,Local Guide · 41 ulasan · 48 foto,4 bintang,7 tahun lalu,Sudah semakin baik setelah pembaharuan.. semoga semakin rapi lagi,0,False,
Telaga Punggur Ferry Terminal,Amplang Ibibfood Pusat Oleh-oleh,True,Local Guide · 90 ulasan · 74 foto,5 bintang,setahun lalu,Pengalaman pertama di pelabuhan batam menuju tanjung pinang,0,True,
Telaga Punggur Ferry Terminal,Kelas 3D,True,Local Guide · 54 ulasan · 1 foto,3 bintang,Diedit 3 tahun lalu,Di depan pintu keberangkatannya amburadul pengantar mobil dan motor gak teratur,0,False,
Telaga Punggur Ferry Terminal,Nofia Herawati,True,Local Guide · 288 ulasan · 250 foto,5 bintang,3 tahun lalu,Bersih...,0,True,
Telaga Punggur Ferry Terminal,Erik Firmansyah,True,Local Guide · 58 ulasan · 22 foto,5 bintang,5 tahun lalu,Terminal ferry yang sangat bagus dan lengkap fasilitasnya luar biasa. Suatu kebanggan bisa menggunakannya untuk berpergian,0,False,
Telaga Punggur Ferry Terminal,wahyu hidayat,True,Local Guide · 64 ulasan · 189 foto,5 bintang,3 tahun lalu,"Salah satu pelabuhan di Pulau Batam, penghubung antar pulau di KEPRI. salah satu rutenya yaitu tujuan tanjung uban & tanjung pinang",0,True,
Telaga Punggur Ferry Terminal,Winda Irmayanti,True,Local Guide · 118 ulasan · 564 foto,4 bintang,6 tahun lalu,Bersih dan lumayan maju yaa dibandingkan pelabuhan lain. Deket pelabuhan ada yg jual roti o juga.. … Lainnya,0,True,
Telaga Punggur Ferry Terminal,D.A Risma,True,Local Guide · 57 ulasan · 87 foto,5 bintang,Diedit 8 tahun lalu,"Ruang tunggunya nyaman, fasilitas toilet juga bersih, lebih tertib dan rapi dari sebelumnya. Dengan sistem pelayanan yang baru bagi yg ingin berpergian harus sudah stand by 30 menit sebeljm jadwal keberangkatan karena jarak tempuh dari tempat pembelian tiket ke ponton kapal lumayan jauh, sekitar 15-20 menit berjalan kaki.",1,True,
Telaga Punggur Ferry Terminal,Ozye Alloyse,True,Local Guide · 40 ulasan · 237 foto,5 bintang,7 tahun lalu,Pelabuhan yang luas dan cukup tertib untuk angkutan roro yang murah meriah 😊😊 …,0,True,
Telaga Punggur Ferry Terminal,Ogik Haryadi,True,Local Guide · 11 ulasan · 41 foto,5 bintang,3 tahun lalu,Pertamakali di Batam nafar ramadhan 1444h,0,True,
Telaga Punggur Ferry Terminal,Rie,True,Local Guide · 16 ulasan · 1 foto,5 bintang,3 tahun lalu,"Ampun Ojek sini pada maksa, saran transportasi umum mending langsung ke damri aja",0,False,
Telaga Punggur Ferry Terminal,difa hg,True,Local Guide · 122 ulasan · 274 foto,5 bintang,8 tahun lalu,"Tempat bagus dan nyaman, harga kapal juga murah, pelayanan ramah, transportasi menuju kesini juga mudah diakses, penduduk ramah sekali. Ngga nyesel datang kesini. Rasnya pengen datangggggg lagi kesini. Nanti kalau ada rezeki mau datang kesini lagi. Aamiin",0,False,
Telaga Punggur Ferry Terminal,Efendy Asiong,True,Local Guide · 25 ulasan · 1 foto,1 bintang,7 tahun lalu,sehrsnya jika batam mw berkembang. jgn di larang2 yg namanya perkmbngan teknologi.,0,False,
Telaga Punggur Ferry Terminal,Mulson Rado,True,Local Guide · 21 ulasan · 4 foto,5 bintang,2 tahun lalu,Sudah semakin rapi,0,False,
Telaga Punggur Ferry Terminal,Yoga Pratomo,True,Local Guide · 136 ulasan · 112 foto,3 bintang,7 tahun lalu,Saya pernah naik kapal ke Tanjung Pinang di pelabuhan ini,0,False,
Telaga Punggur Ferry Terminal,Raina Ode,False,10 ulasan · 7 foto,5 bintang,setahun lalu,Pelabuhan Ferry antar pulau.. bersih dan nyaman,0,True,
Telaga Punggur Ferry Terminal,Dewanto Dabo,True,Local Guide · 297 ulasan · 1.316 foto,4 bintang,Diedit 4 tahun lalu,"Nyaman, fasilitas bagus",0,True,
Telaga Punggur Ferry Terminal,Eduard dalima,True,Local Guide · 60 ulasan · 29 foto,5 bintang,4 tahun lalu,On time tujuan Batam Tanjung pinang Tanjung uban Tarempa dll tempat bersih harga tiket ekonomis mantap lah pokoknya,0,False,
Telaga Punggur Ferry Terminal,Alfarizi Al-hakim,True,Local Guide · 83 ulasan · 35 foto,4 bintang,7 tahun lalu,Udah mulai membenah dan semakin bagus cmn tolong di koreksi lagi fasilitas nya,0,False,
Telaga Punggur Ferry Terminal,Syafri Anto,True,Local Guide · 110 ulasan · 27 foto,4 bintang,7 tahun lalu,Da mulai tertata tapi fasilitas baru byk da tak berfungsi,0,False,
Telaga Punggur Ferry Terminal,Bahrul Muslimin,True,Local Guide · 81 ulasan · 205 foto,4 bintang,Diedit 8 tahun lalu,"Pelabuhan ya nyaman tpt tgg nya pun nyaman bersih, luas lagi.",1,False,
Telaga Punggur Ferry Terminal,bugie kurniawan,True,Local Guide · 71 ulasan · 76 foto,4 bintang,8 tahun lalu,Terminal pelabuhan domestik utk tujuan batam ke daerah lain di wilayah kepri,0,False,
Telaga Punggur Ferry Terminal,cLianyka,True,Local Guide · 49 ulasan · 47 foto,5 bintang,3 tahun lalu,"Akses pelabuhan very tanjungpinang ,batam, uban, dan wilayah lain dikepri
Semkin bagus dan tertata rapih, semoga kedepannya konstruksinya ttp bertahan lama,",0,False,
Telaga Punggur Ferry Terminal,Bayu Hendra Susetya,True,Local Guide · 122 ulasan,5 bintang,8 tahun lalu,tempat alternatif penyeberangan batam ke bintan. tempatnya bagus,0,False,
Telaga Punggur Ferry Terminal,Elva Hendri,True,Local Guide · 75 ulasan · 46 foto,5 bintang,setahun lalu,Ruangan tunggu bersih dan luas,0,True,
Telaga Punggur Ferry Terminal,Nayya Achmad,True,Local Guide · 296 ulasan · 156 foto,5 bintang,6 tahun lalu,"Pelabuhan telaga punggur menjadi dermaga untuk berangkat ke pinang
Dengan menggunakan kapal roro besar kita juga bisa berangkat ke buton dari pelabuhan ini",0,False,
Telaga Punggur Ferry Terminal,Last Guide,True,Local Guide · 7 ulasan · 13 foto,2 bintang,setahun lalu,"Masih seperti dulu, untuk pemakaian transportasi online susah..",0,False,
Telaga Punggur Ferry Terminal,M. Fadly Br umum,True,Local Guide · 22 ulasan · 9 foto,4 bintang,7 tahun lalu,"Pelabuhan penyeberangan..  Batam dengan beberapa tujuan pulaj seperti tanjung pinang,  tanjung uban,  kepulauan anambas dan pulah pulaj kecil lain nya",0,True,
Telaga Punggur Ferry Terminal,eko sasmito hadi,True,Local Guide · 627 ulasan · 1.212 foto,4 bintang,3 tahun lalu,Terlalu sempit utk ukuran lalu lintas antar pulau yg cukup oadat,0,False,
Telaga Punggur Ferry Terminal,Dk,True,Local Guide · 32 ulasan · 212 foto,4 bintang,8 tahun lalu,"Bakalan keren nih, sedang dalam proses pengerjaan.",1,True,
Telaga Punggur Ferry Terminal,KANG GOJEK,True,Local Guide · 16 ulasan · 13 foto,5 bintang,2 tahun lalu,hanya lewat sandar sekilas luas parkirannya,0,False,
Telaga Punggur Ferry Terminal,Triyono Vivo,True,Local Guide · 46 ulasan · 9 foto,5 bintang,3 tahun lalu,Mantap walau sebagian masih tahap pembangunan,0,False,
Telaga Punggur Ferry Terminal,Rashida Lara,True,Local Guide · 28 ulasan · 581 foto,5 bintang,setahun lalu,"Pelabuhan yg tertata rapi, bersih, modern, pelayanan ramah..",0,False,
Telaga Punggur Ferry Terminal,Darma Wangsyah,True,Local Guide · 25 ulasan · 189 foto,4 bintang,3 tahun lalu,"Tempat pelabuhan kapal ferry kalau kapal air dari pelabuhan kijang ke tanjung pinang, lumayan jauh",0,False,
Telaga Punggur Ferry Terminal,Dika WiJaya,True,Local Guide · 52 ulasan · 16 foto,4 bintang,Diedit 6 tahun lalu,Fasilitas terjaga baik dan juga nyaman. Sebaiknya kantin ada juga di dalam agar dapat bersantai saat menunggu kapal.,0,False,
Telaga Punggur Ferry Terminal,etty puriati,False,5 ulasan · 5 foto,5 bintang,Diedit 7 tahun lalu,Seafood Kelong relatif murah dari tempat yg lain..sambil mkn ombaknya bro ..;-),0,False,
Telaga Punggur Ferry Terminal,HUSNI THAMRIN,False,2 ulasan,5 bintang,2 bulan lalu,Ramai,0,False,
Telaga Punggur Ferry Terminal,jufri aulia,True,Local Guide · 248 ulasan · 77 foto,5 bintang,Diedit 2 tahun lalu,Allhamdulillah setiap hari ada Roro ke tungkal.,0,False,
Telaga Punggur Ferry Terminal,Renny Aznofita,True,Local Guide · 24 ulasan · 30 foto,5 bintang,6 tahun lalu,Semakin apdate tmpat ny.mantap.,0,True,
Telaga Punggur Ferry Terminal,ACIK ALI,True,Local Guide · 280 ulasan · 231 foto,3 bintang,5 tahun lalu,"Mantabs La
Ada tempat utk melihat lalu lintas kapal",0,False,
Telaga Punggur Ferry Terminal,Andre Hardiansyah,True,Local Guide · 87 ulasan · 25 foto,5 bintang,3 tahun lalu,"Fasilitas sangat bagus,respon petugas ramah,pelayanan baik",0,False,
Telaga Punggur Ferry Terminal,muhammad hanafi,True,Local Guide · 213 ulasan · 84 foto,3 bintang,3 tahun lalu,"Pelabuhan kalau naik fery dari tanjung pinang ke batam. Pelabuhan nya lumayan punya fasilitas lengkap ada atm, lift, dan tempat makan seperti morning bakery. Kalau mau keluar pelabuhan ga bisa pake taxi online. Harus pake taxi pangkalan.",0,True,
Telaga Punggur Ferry Terminal,Kenangan terindah,True,Local Guide · 1.202 ulasan · 3.045 foto,5 bintang,setahun lalu,"Keren banget, ruang tunggu nyaman, tempat beli jajan banyak dan harga bersahabat....",0,False,
Telaga Punggur Ferry Terminal,Yovi Ardian,True,Local Guide · 156 ulasan · 544 foto,3 bintang,7 tahun lalu,Naik turun tangga.. Eskavatornya kadang gak hidup..,0,True,
Telaga Punggur Ferry Terminal,Mohammad Rivan,True,Local Guide · 77 ulasan · 977 foto,3 bintang,8 tahun lalu,"Kondisi pelabuhan masih dalam tahap pengembangan pembangunan, tapi terlihat mangkrak karena proyek belum dilanjutkan. Beberapa bagian seperti eskalator juga sudah tidak berfungsi. AC kurang memenuhi untuk mendinginkan ruangan. Terlihat … Lainnya",0,True,
Telaga Punggur Ferry Terminal,mia afritia,True,Local Guide · 24 ulasan,4 bintang,5 bulan lalu,Seperti pelabuhan pada umumnya,0,False,
Telaga Punggur Ferry Terminal,Adietya Muhlizar,True,Local Guide · 961 ulasan · 525 foto,5 bintang,7 tahun lalu,Terminal penyebrangan lumayan cakep dan bersih 👍 …,0,True,
Telaga Punggur Ferry Terminal,yoel utami,False,20 ulasan · 1 foto,5 bintang,7 tahun lalu,Lebih rapi..tp jd lebih jauh akses k ferry nya.yg tanya jln cm butuh 5mnt.ini bisa 15mntan sampai 20mnt.apa lagi klw bawa anakkasian anak nya jln lumayan jauh walau dlm ruangan,0,False,
Telaga Punggur Ferry Terminal,taufik ilham,True,Local Guide · 25 ulasan · 1 foto,5 bintang,7 tahun lalu,Makin hari makin menuju pelayanan kelas internasional. Go BP Batam.,0,False,
Telaga Punggur Ferry Terminal,Pindi Tjhin,False,4 ulasan · 4 foto,3 bintang,11 bulan lalu,"Naik Ferry dari Telaga Punggur ke Tg Uban Cukup 15 Menit Harga Tiket hanya 64.500 / Orang , Antrian Cepat , cuma kapal nya agak delay kemudian Penumpang melebihi kapasitas dan tidak dapat tempat duduk, kemudian berbahaya karena tidak di … Lainnya",0,True,
Telaga Punggur Ferry Terminal,Hasan Basri Mangunsong,True,Local Guide · 25 ulasan · 1 foto,5 bintang,8 bulan lalu,"Kemanan penumpang sangat bagus .
Dan transportasi online cukup memadai buat passenger yg dtng dr luar Batam. Lokasinya / area pelabuhan terjaga kerbrsihan dan estetika bangun tertata rapi",0,False,
Telaga Punggur Ferry Terminal,Traveller Bintan,True,Local Guide · 39 ulasan · 353 foto,4 bintang,4 tahun lalu,"Parkiran beserak tdk rapi... Tdk ada petugas yg jaga,jd penumpang asal""kalau parkir mobil..sehingga buat macet dan sempit. Semoga bs ada petugas kedepannya.",1,False,
Telaga Punggur Ferry Terminal,acep ranal,True,Local Guide · 727 ulasan · 1.411 foto,5 bintang,Diedit setahun lalu,"Salah satu pelabuhan domestik di Kota Batam, terletak di Kelurahan Kabil Kecamatan Nongsa, ada pelabuhan ferry lapal cepat, speed boat, ada juga pelabuhan roro atau ASDP, dengan tujuan berbagai pulau baik di dalam maupun di luar Provinsi Kepulauan Riau.",0,False,
Telaga Punggur Ferry Terminal,Kim Shen,True,Local Guide · 97 ulasan · 30 foto,5 bintang,5 tahun lalu,terminal ferry yg baik dan rapi..seperti teeminal bandara aja..,0,False,
Telaga Punggur Ferry Terminal,Junaidi Tjhendrawan,True,Local Guide · 305 ulasan · 1.321 foto,5 bintang,11 bulan lalu,"Pertama ke Tanjungpinang ,pelabuhan bersih ,tertib dan rapi",0,True,
Telaga Punggur Ferry Terminal,Yudhi Wiratama,True,Local Guide · 298 ulasan · 36 foto,3 bintang,Diedit 2 tahun lalu,"Lumayan bagus dan tertib,fasilitas parkir yg perlu di tingkatkan , agar menjadi standard pelabuhan .",0,False,
Telaga Punggur Ferry Terminal,Febrie Purwoandhika,True,Local Guide · 567 ulasan · 4.559 foto,4 bintang,10 bulan lalu,"Kebersihan Pelayanan Dan keramahtamahan cukup. Fasilitas sarana Dan prasarana baik. Sewaktu disini menyeberang dengan Ferry cepat seharga Rp 80.000,- an. Berangkat satu jam sekali ke Tanjung Pinang, durasi sekitar satu jam kurang.",0,True,
Telaga Punggur Ferry Terminal,Suryani Lataka (Are),True,Local Guide · 35 ulasan · 100 foto,5 bintang,setahun lalu,Dermaga yang selalu bikin happy kalau sudah otw ke kampung Dabo Singkep dengan misi ketemu Nyokap kesayangan🥰 …,0,True,
Telaga Punggur Ferry Terminal,Jabal Nur (Janu),True,Local Guide · 12 ulasan · 38 foto,4 bintang,setahun lalu,"Mesin ATM cuman 1 jadi terbatas kalau tidak punya kartu BCA dan Mandiri, coba di tambah mesin atm bersama bank BRI",0,False,
Telaga Punggur Ferry Terminal,Rizal Piliank,True,Local Guide · 160 ulasan · 110 foto,4 bintang,6 tahun lalu,"Ini salah satu pelabuhan yg melayani rute penyebrangan ke berbagai pulau dari batam.lebih banyak rute kapal dari sini.
Sayang nya taksi pangkalan yang ada disini sangat"" arogan.",0,False,
Telaga Punggur Ferry Terminal,Laras Setyo Windyrianto,True,Local Guide · 12 ulasan · 2 foto,1 bintang,setahun lalu,HELM KU HILANG BEJIRRRRR PADAHAL PARKIR DI DALAM,0,False,
Telaga Punggur Ferry Terminal,avri lita,True,Local Guide · 158 ulasan · 204 foto,5 bintang,setahun lalu,"Perdana naik speed ke pulau Bintan,, oke pelayanan nya",0,False,
Telaga Punggur Ferry Terminal,Iwan Pakpahan,False,249 ulasan,3 bintang,8 tahun lalu,Tempat belum siap untuk pelayanan karena mati lampu tidak ada genset yg dihidupkan,0,False,
Telaga Punggur Ferry Terminal,Wahyu Budi Setyawan,True,Local Guide · 625 ulasan · 1.106 foto,5 bintang,8 tahun lalu,Terminal moderen yg sedang dalam proses pembangunan.,0,True,
Telaga Punggur Ferry Terminal,Yon Mansyah,True,Local Guide · 183 ulasan · 418 foto,3 bintang,7 tahun lalu,"Rame, pelayanan yg cepat dan tepat waktu",0,True,
Telaga Punggur Ferry Terminal,Dewi Asmara,True,Local Guide · 20 ulasan · 2 foto,5 bintang,4 tahun lalu,Tempatnya nyaman.tapi sopir taksinya pasang harga tinggi.jd byk yg order taksi online yg lebih murah.giliran penumpang order taksi online di permasalahkan.tolong dong klau gk mau penumpang order taksi online...jangan pasang harga tinggi.macam meras org.apalagi kalau tau bukan warga batam.mereka ambil kesempatan.,0,False,
Telaga Punggur Ferry Terminal,Firman Rakhidaya,True,Local Guide · 62 ulasan · 3 foto,5 bintang,5 tahun lalu,Sudah bagus dan tambah lagi fasilitas yang mendukung sebagai pelabuhan domestik,0,False,
Telaga Punggur Ferry Terminal,Ryannaldo Noorhidayat,True,Local Guide · 211 ulasan · 561 foto,4 bintang,11 bulan lalu,Salah satu pintu masuk Batam dr jalur perairan.,0,False,
Telaga Punggur Ferry Terminal,try febrianto,True,Local Guide · 165 ulasan · 883 foto,5 bintang,4 tahun lalu,Pelabuhan punggur kota Batam,0,True,
Telaga Punggur Ferry Terminal,Dasma PB,True,Local Guide · 155 ulasan · 294 foto,4 bintang,4 tahun lalu,Utk kedatangan di speed boat terminal selain mengisi Ehac di applikasi Peduli Lindungi bisa dengan foto KTP. Sangat terbantu utk orang2 yang kurang familiar dengan peduli Lindungi,0,False,
Telaga Punggur Ferry Terminal,surya alexander,True,Local Guide · 68 ulasan · 1.046 foto,5 bintang,11 bulan lalu,Salah satu tempat terbaik jika anda mau ke tanjung uban,0,False,
Telaga Punggur Ferry Terminal,ZULFANDY,True,Local Guide · 169 ulasan · 228 foto,2 bintang,9 tahun lalu,Jangan gunakan argo resmi. Kendaraan Warna hijau. Harga yang tidak wajar. Modus.,0,False,
Telaga Punggur Ferry Terminal,Mohamad Fauzi,True,Local Guide · 83 ulasan · 76 foto,5 bintang,6 tahun lalu,"Kaget sewaktu sampai kesini, perubahan drastis dr sekitar 4 thn lalu, jauh lebih rapi dan tertata, MANTAAAABZ,,,,👍👍👍 …",0,False,
Telaga Punggur Ferry Terminal,Yus Priyadi Usman,True,Local Guide · 868 ulasan · 912 foto,5 bintang,2 tahun lalu,"Bersih... nyaman....
Musim libur kantong parkir kurang.",0,True,
Telaga Punggur Ferry Terminal,Arief Yunius,True,Local Guide · 70 ulasan · 205 foto,4 bintang,Diedit 4 tahun lalu,"Pelabuhan domestik ke Tanjung pinang, tanjung uban dan sekitarnya. Pelabuhan roro dari batam ke Tanjung Uban. Bangunannya lumayan bagus dengan konsep jembatan parkirnya yang unik.",1,False,
Telaga Punggur Ferry Terminal,ardi soeghalie,True,Local Guide · 22 ulasan,5 bintang,7 tahun lalu,Rame banyak kapal sama mobil motor jg ada,0,False,
Telaga Punggur Ferry Terminal,Efrizal Freeze,True,Local Guide · 1.217 ulasan · 6.981 foto,5 bintang,6 tahun lalu,Warbisayah. Seperti Bandara,0,True,
Telaga Punggur Ferry Terminal,Ipan Streids,True,Local Guide · 15 ulasan · 74 foto,5 bintang,2 tahun lalu,Pelabuhan Domestik untuk bepergian ke tg uban dan tg pinang.,0,True,
Telaga Punggur Ferry Terminal,Lucky Darmawan,True,Local Guide · 73 ulasan · 11 foto,4 bintang,Diedit 4 tahun lalu,"Sudah lumayan teratur, keluar masuknya kendaraan",1,False,
Telaga Punggur Ferry Terminal,Indra C,True,Local Guide · 60 foto,5 bintang,setahun lalu,Lumayan adem banyak pohon teduh untuk memjemput rejeki,0,True,
Telaga Punggur Ferry Terminal,Miss Sherlin,True,Local Guide · 40 ulasan · 8 foto,5 bintang,6 tahun lalu,Kalian pasti tau tempat ini..,0,True,
Telaga Punggur Ferry Terminal,dhimas sumardiansyah,True,Local Guide · 133 ulasan · 372 foto,5 bintang,2 tahun lalu,Hari hari ramai. Siap siap cari parkiran.  Kurang nya area parkir,0,False,
Telaga Punggur Ferry Terminal,Yossi Indriani,True,Local Guide · 72 ulasan · 162 foto,5 bintang,7 tahun lalu,"Pelabuhan yg luas, ada mushola dan toilet yg lumayan bersih. Biasanya melalui pelabuhan ini untuk tujuam batam - Tanjungpinang atau sebaliknya. selaim biaya tiket kita juga membayar pas masuk pelabuhan sebesar 10k",0,False,
Telaga Punggur Ferry Terminal,Septiaji Adisurya,True,Local Guide · 75 ulasan · 69 foto,5 bintang,8 tahun lalu,"Bersih dan teratur, X-Ray nya blm jalan",0,True,
Telaga Punggur Ferry Terminal,Petrus Marpaung pmtes,True,Local Guide · 23 ulasan · 442 foto,2 bintang,3 tahun lalu,Pelayanan buruk pada pembawa barang banyak,0,False,
Telaga Punggur Ferry Terminal,Astri Oktafiandri,True,Local Guide · 27 ulasan · 65 foto,5 bintang,2 tahun lalu,"bersih, dan kapal berangkat sangat on time. kapal pertama lumayan sepi jam 07.30 kapal berangkat 07.31. kapal dari pinang lebih cepat dari tiket harusnya jam 15.00 tapi jam 14.45 sudah berangkat tapi lumayan full",0,True,
Telaga Punggur Ferry Terminal,Wiwik Sofyanti,True,Local Guide · 106 ulasan · 152 foto,4 bintang,6 tahun lalu,"Kalau Sabtu Minggu penuh, desak desakan apalagi hari hari libur",0,False,
Telaga Punggur Ferry Terminal,Bachrul Baharuddin,True,Local Guide · 22 ulasan · 7 foto,4 bintang,Diedit 7 tahun lalu,Ekskalator untuk naik rusak... Memberatkan orang tua...,0,False,
Telaga Punggur Ferry Terminal,Rizky Pratama,True,Local Guide · 24 ulasan · 36 foto,5 bintang,4 tahun lalu,"Pelabuhan penyebrangan antara batam dan tg. Pinang.
Pelabuhan yg bagus prlayanan ramah. Fasilitas lengkap seperti tempat ibadah. Tempat makan dan parkir inap.",1,True,
Telaga Punggur Ferry Terminal,rayasad 123,True,Local Guide · 6 ulasan · 8 foto,4 bintang,setahun lalu,"pelayanan naikin lagi ,trutama bagian loket tiket",0,False,
Telaga Punggur Ferry Terminal,Fadjar Kumara,True,Local Guide · 341 ulasan · 388 foto,5 bintang,Diedit 6 tahun lalu,keren..tempat menuju lagoi dan tanjung pinang,0,False,
Telaga Punggur Ferry Terminal,Yudi Novian,True,Local Guide · 65 ulasan · 54 foto,5 bintang,8 tahun lalu,"tidak antri, gampang, parkir mudah, sudah dipugar, kelas internasional.",0,False,
Telaga Punggur Ferry Terminal,heny Puspa,True,Local Guide · 55 ulasan · 69 foto,5 bintang,6 tahun lalu,Pelabuhan penyeberangan domestik yg berada di pulau batam kepulauan riau,1,True,
Telaga Punggur Ferry Terminal,DEDI SANGIRJUJUAN,False,1 ulasan · 8 foto,3 bintang,6 tahun lalu,"Berusaha untuk memperjuangkan, moga keberkahan yg kita harapkan....",1,True,
Telaga Punggur Ferry Terminal,Irham Ali,True,Local Guide · 55 ulasan · 20 foto,3 bintang,4 tahun lalu,Kalau ditinjau dari kebersihan dan kerapihan.. Sudah cukup lumayan.. Namun sisatem keluar masuk agak sesikt merepotkan.. Darivpengalaman kami yang bawak anak2 dan bawa bnyk barang.. Antara pintu masuk orang dan barang agak bikin repot,0,False,
Telaga Punggur Ferry Terminal,heri rusli,False,1 ulasan · 3 foto,2 bintang,8 tahun lalu,Sungguh jauh berbeda dari sebelumnya.ruang tunggu penumpang lebih nyaman dan tenang.sayang parkir kendaraan sangat jauh dari pintu keluar pelabuahn,0,False,
Telaga Punggur Ferry Terminal,muhammad iqbal,True,Local Guide · 103 ulasan · 29 foto,5 bintang,Diedit 2 tahun lalu,"Nyaman ruang tunggu nya luas
Banyak tempat makan
Best",0,False,
Telaga Punggur Ferry Terminal,Gidion Sim,True,Local Guide · 81 ulasan · 290 foto,4 bintang,8 tahun lalu,"Mulai ada perbaikan, tapi tetap tempat parkir ga sempurna",0,False,
Telaga Punggur Ferry Terminal,Ikhsan Akmar,True,Local Guide · 34 ulasan · 247 foto,4 bintang,8 tahun lalu,"tempatnya nyaman, tempat parkirnya luas dan kapal motornya banyak",0,False,
Telaga Punggur Ferry Terminal,Rhama Yunita,False,4 ulasan,5 bintang,3 tahun lalu,"Kebersihan bagus, suasananya aman dan nyaman. Pelayananannya cukup memuaskan",0,False,
Telaga Punggur Ferry Terminal,Warlia Yasin,True,Local Guide · 143 ulasan · 874 foto,5 bintang,6 tahun lalu,"Ya Allah rasa diteriaki dsini,
Marketingnya emang kayak gini yah?
Kok baru nyampe tapi penjual tiketnya meneriaki dn ribut sekali.bikin gak nyaman",0,True,
Telaga Punggur Ferry Terminal,Teddy wahono,False,8 ulasan · 1 foto,5 bintang,setahun lalu,Nyerang kapal Muaro Tungkal ke Batam  degan roda  empat,0,False,
Telaga Punggur Ferry Terminal,Muhammad Fadl Insani,True,Local Guide · 92 ulasan · 75 foto,5 bintang,8 tahun lalu,"Pelabuhan kapal Ferry untuk angkutan penumpang saja,  yang menghubungkan kota Batam dengan kota-kota lain di wilayah provinsi kepulauan Riau. Baru direnovasi jadi lebih megah, namun proyeknya belum 100% selesai, malah terhenti.",0,True,
Telaga Punggur Ferry Terminal,Aan Tan,True,Local Guide · 97 ulasan · 844 foto,5 bintang,setahun lalu,cabenya mantap..ayamnya krenyes..harganya murah....,0,False,
Telaga Punggur Ferry Terminal,Depari Rental Mobil Batam,True,Local Guide · 6 ulasan,5 bintang,5 bulan lalu,"Pelabuhan Punggur menyediakan
Ferry penyeberangan ke Tanjung Pinang, lobam, Pulau Dabo dan pulau pulai kecil di sekktaran daerah dan melayani Roro Tujuan Lobam, Kuala Tungkal dan Buton.",0,False,
Telaga Punggur Ferry Terminal,Ardiyansyah Sulisman,True,Local Guide · 60 ulasan · 7 foto,5 bintang,7 tahun lalu,"Terminal baru lebih bersih, luas dan tentunya lebih nyaman",0,False,
Telaga Punggur Ferry Terminal,Muhammad Iqra,True,Local Guide · 348 ulasan · 1.257 foto,4 bintang,7 tahun lalu,"Ramai, ada lift dan eskalator, cukup rapih, pelayanan baik, kapal tiap setengah jam ada.",0,False,
Telaga Punggur Ferry Terminal,Piozza Corp.,True,Local Guide · 46 ulasan · 16 foto,5 bintang,7 tahun lalu,Naik kapal Ferry disini kita akan disuguhkan dengan pemandangan laut nan indah.. angin yg kencang.. dan Singapura pun terlihat tidak jauh dari mata.. sungguh Indonesia yang mempesona,0,True,
Telaga Punggur Ferry Terminal,JODI RISKY NOVRIWAN SIANTURI,True,Local Guide · 26 ulasan · 1 foto,5 bintang,setahun lalu,"""Fasilitas-Nya Sangat Memuaskan.""",0,False,
Telaga Punggur Ferry Terminal,Muhammad Hendri,True,Local Guide · 47 ulasan · 11 foto,3 bintang,8 tahun lalu,"Tempatnya lumayan, lokasi parkir belum tertata rapi msh becek.",0,False,
Telaga Punggur Ferry Terminal,setihadmoyo luhur,True,Local Guide · 31 ulasan · 1 foto,5 bintang,5 tahun lalu,Pelabuhan menuju tanjung pinang ...dantanjung uban.. bersih ..rapi ...jos gandos,0,False,
Telaga Punggur Ferry Terminal,Maman Doni,True,Local Guide · 162 ulasan · 1.114 foto,5 bintang,5 tahun lalu,Nyebrang menyenangkan nih pelabuhan.. pelayananya ramah tetap menjaga protokoler kesehatan.. asyik bener lautnya.. 😎😎 …,0,True,
Telaga Punggur Ferry Terminal,syamsudinbob45 bob,True,Local Guide · 16 ulasan · 3 foto,4 bintang,8 tahun lalu,Kenapa Taxi Online gak bisa kita sewa di pelabuhan Telaga Punggur...? Ada apa...?,0,False,
Telaga Punggur Ferry Terminal,Batam Transport 82 Batam Transport 82,True,Local Guide · 142 ulasan · 84 foto,5 bintang,11 bulan lalu,Ferry terminal untuk tujuan tanjung uban,0,False,
Telaga Punggur Ferry Terminal,ahdhan dhany Tour and Travel,True,Local Guide · 198 ulasan · 603 foto,3 bintang,2 tahun lalu,"Parkir mobil disini masih sembraut
Parkir suka suka yg kendaraan, kadang utk 3 mobil d pake sm mereka jadi dua mobil karna letak mobil nya gk teratur, berjarajk bs nyampe 2 mter
Klu bs kasih garis utk 1 mobil gtu, jadi orang gk parkir suka2 mereka",0,False,
Telaga Punggur Ferry Terminal,ppk bintan,False,20 ulasan · 2 foto,4 bintang,7 tahun lalu,"Jalan masih semrawut, terutama parkir di badan jalan, begitu juga,area dalam.blm.tertata",0,False,
Telaga Punggur Ferry Terminal,aditya eka,True,Local Guide · 62 ulasan · 28 foto,4 bintang,6 tahun lalu,"Sudah lebih baik dari sebelumnya, hanya tempat parkir saja yg msh harus dibenahi klo hujan becek dan berlumpur.",1,True,
Telaga Punggur Ferry Terminal,Eman “Anz” Syukur,True,Local Guide · 116 ulasan · 519 foto,4 bintang,8 tahun lalu,Pelabuhan sudah sangat baik setelah adanya pembangunan di area sekitarnya. Hanya informasi sebagai petunjuk blm memadai. Masih sering ditemui kesemrawutan di luar area parkir. Diharapkan pihak pengelola bekerja sama dengan pihak keamanan untuk meningkatkan kenyamanan penumpang,0,False,
Telaga Punggur Ferry Terminal,Tj Pinang,True,Local Guide · 114 ulasan · 71 foto,5 bintang,2 tahun lalu,Perjalanan menuju kampung halaman,0,True,
Telaga Punggur Ferry Terminal,heroes,True,Local Guide · 144 ulasan · 204 foto,4 bintang,8 tahun lalu,Mulai tertata rapi walaupun dari pintu masuk ke dermaga masih terasa jauh,0,False,
Telaga Punggur Ferry Terminal,JOn LG,True,Local Guide · 138 ulasan · 50 foto,4 bintang,2 tahun lalu,Saya kesana dengan 15 rekan kerja dan saat itu syukurnya tidak terlalu ramai. Fasilitasnya lumayan bagus dan tidak ribet saat itu,0,False,
Telaga Punggur Ferry Terminal,Akhbar Sabililah,False,5 ulasan,1 bintang,4 tahun lalu,"Pelayanan buruk, pusat informasi terbatas. Petugas tiket tidak memberitahukan jadwal yang sebenarnya, sehingga keberangkatan lebih cepat dari jam yang telah ditentukan.",0,False,
Telaga Punggur Ferry Terminal,Eko Zuldiansyah,True,Local Guide · 383 ulasan · 343 foto,5 bintang,Diedit 8 tahun lalu,Utk dermaganya perlu diperluas utk naik dan turun penumpang kapal,0,False,
Telaga Punggur Ferry Terminal,ali fia,True,Local Guide · 16 ulasan · 1 foto,5 bintang,Diedit 2 tahun lalu,Selama ini tergolong pelabuhan yang cukup nyaman,0,False,
Telaga Punggur Ferry Terminal,Elven Chalis,False,2 ulasan · 2 foto,5 bintang,6 tahun lalu,"Terminal Ferry Telaga Punggur cukup nyaman, aman dan jadwal ferry ke Tanjungpinang tepat waktu harapan untuk angkutan darat kesana terutama para sopir taksi tidak perlu pake paksa dan ngotot untuk mendapatkan penumpang",0,False,
Telaga Punggur Ferry Terminal,JE_WE 1,True,Local Guide · 56 ulasan · 112 foto,3 bintang,5 tahun lalu,"Agak membingungkan bagi penumpang yg baru pertama sekali melakukan perjalanan, karena tidak begitu banyak tanda arah yang dipajang ditempat tersebut...",0,False,
Telaga Punggur Ferry Terminal,Ilham widiyanfatari,True,Local Guide · 86 ulasan · 672 foto,5 bintang,6 tahun lalu,"Mungkin untuk fasilitas dilengkapi lagi ,dan akses dari mulai masuk sampai ke perahu aga lumayan jauh juga naik turun ...",0,True,
Telaga Punggur Ferry Terminal,Kanedi Wahyudi,True,Local Guide · 196 ulasan · 213 foto,4 bintang,7 tahun lalu,"Pelayanan dan fasilitas sudah mulai bagus dr beberapa tahun yg lalu, saat ini angin lumayan kencang dan begitu juga dgn ombak nya",1,False,
Telaga Punggur Ferry Terminal,Allun Aja,False,5 ulasan,5 bintang,3 tahun lalu,"Pelabuhanny bagus,,pelayananny baik,,makanan dikantinny jg enak,,tpi buruh bongkar muatny pasang harga tinggi",0,False,
Telaga Punggur Ferry Terminal,Bewe kurniawan,True,Local Guide · 85 ulasan · 148 foto,3 bintang,8 tahun lalu,Sudah semakin bagus dan bersih setelah renovasi.. pelabuhan untuk menuju tanjung uban dan tanjungpinang,0,False,
Telaga Punggur Ferry Terminal,Rony Andrian,True,Local Guide · 552 ulasan · 2.554 foto,5 bintang,7 tahun lalu,Penyebrangan ferry baik kapal cepat maupun kapal roro,0,True,
Telaga Punggur Ferry Terminal,E S,True,Local Guide · 4 ulasan · 45 foto,5 bintang,7 bulan lalu,Jemput buah hati dari Tanjung uban 😍 …,0,True,
Telaga Punggur Ferry Terminal,ikan hiu,True,Local Guide · 207 ulasan · 516 foto,4 bintang,7 tahun lalu,"super padat lah.
tapi memang mantap. hehehe",0,True,
Telaga Punggur Ferry Terminal,SITI Nurhalimah,True,Local Guide · 22 ulasan · 21 foto,4 bintang,7 tahun lalu,Sebenarnya bagus cuman kalo mau keluar susah bisa salah arah karena gak ada petunjuknya,0,False,
Telaga Punggur Ferry Terminal,Manja Sari Ta,True,Local Guide · 295 ulasan · 1.650 foto,4 bintang,setahun lalu,Pelayanan nya sangat khas Indonesia sekali. Pelabuhan nya bagus. Tertib. SDM nya sudah bagus tapi perlu ditingkatkan supaya semakin baik pelayanan nya. Kebersihan nya juga bagus dan perlu ditingkatkan. Berkali kali menggunakan jasa … Lainnya,0,True,
Telaga Punggur Ferry Terminal,Agustiar Azet,True,Local Guide · 92 ulasan · 11 foto,3 bintang,8 tahun lalu,Terminal sudah bagus tapi untuk keberangkatan penumpang capek karena harus berputar,0,False,
Telaga Punggur Ferry Terminal,Habibana Albanjar,False,3 ulasan · 2 foto,4 bintang,2 tahun lalu,Baru pertama kali. Semoga beruntung,0,False,
Telaga Punggur Ferry Terminal,ikrom osteriks,True,Local Guide · 37 ulasan · 96 foto,4 bintang,3 tahun lalu,Cukup nyaman pelabuhan... Tinggal pelayann dlm fery yg kurg,0,False,
Telaga Punggur Ferry Terminal,Faisal Sir,True,Local Guide · 1.431 ulasan · 2.837 foto,5 bintang,4 tahun lalu,"Boarding pass Rp. 10.000,- Kapal Ferry berangkat on time, jika telat datang bisa ditinggal. Ada rumah makan Padang di dalam terminal.",0,False,
Telaga Punggur Ferry Terminal,Johni Girsang,True,Local Guide · 192 ulasan · 12 foto,4 bintang,2 tahun lalu,"Ditempat kedatanga disediakan kursi roda

Hanya saja untuk mencari parkir mobil susah banget, dan posisi pintu masuk setelah keluar harus kelilimg jauh karena jalannya searah mungkin jaraknya ada 2 s.d 3km",0,False,
Telaga Punggur Ferry Terminal,Eben Sinuraya,True,Local Guide · 55 ulasan · 21 foto,5 bintang,setahun lalu,"Sebaiknya jika mau pesan taksi, langsung di Terminal nya saja, kalau pesan Online, jauh jalan apalagi kalau kita punya barang banyak",0,False,
Telaga Punggur Ferry Terminal,NyentrikWEB Batam,True,Local Guide · 18 ulasan · 13 foto,5 bintang,setahun lalu,"Pelabuhan domestik ke tg pinang, uban, bintan, dabo.

Kmu lgi nyri jasa bikin website? Bisa search : nyentrikweb",0,False,
Telaga Punggur Ferry Terminal,Muhammad Hafiz,True,Local Guide · 216 ulasan · 656 foto,5 bintang,7 tahun lalu,semoga pihak pemerintah menertibkan parkir2 disekitar terminal dan taxi di pelabuhan. karena membuat tidak nyaman,1,True,
Telaga Punggur Ferry Terminal,Rio Pambudi,True,Local Guide · 187 ulasan · 10 foto,5 bintang,7 tahun lalu,Pelabuhan di lengkapi lif dan eskalator.gampang cari taxsi karena di pintu keluar sudah ada .tapi kl mau murah keluar pelabuhan bentar belok kiri ada halte bis trsns batam ada di situ.,0,False,
Telaga Punggur Ferry Terminal,MMI Media Channel (Mhd Munirul Ikhwan),True,Local Guide · 251 ulasan · 337 foto,4 bintang,7 tahun lalu,Mantap sekarang.,0,True,
Telaga Punggur Ferry Terminal,Adhi Wijaya,True,Local Guide · 87 ulasan · 63 foto,5 bintang,8 bulan lalu,Menuju ke Punggur dari Kantor... Melewati susasana dan Aroma yang menyayat hati...,0,False,
Telaga Punggur Ferry Terminal,RJonI Btm,True,Local Guide · 18 ulasan · 3 foto,4 bintang,5 tahun lalu,Sudah mulai ramai sejak Pandemi dulu Sepi..,0,False,
Telaga Punggur Ferry Terminal,arjuna ndae,True,Local Guide · 258 ulasan · 492 foto,5 bintang,3 tahun lalu,"Menyediakan kapal yg menuju tarempa, jemaja, bitung, tanjung pinang dll.",0,False,
Telaga Punggur Ferry Terminal,Nh,True,Local Guide · 306 ulasan · 1.686 foto,5 bintang,Diedit 2 tahun lalu,"Jika ke pinang dan Lagoi bisa melalui pelabuhan ini,sekarang bgt rapi dan bersih",0,True,
Telaga Punggur Ferry Terminal,Tantimin Advokat,True,Local Guide · 88 ulasan · 210 foto,4 bintang,3 tahun lalu,Pelabuhan telaga punggur naik ferry oceanna menuju tg pinang,0,True,
Telaga Punggur Ferry Terminal,hidayatullah muhammad,True,Local Guide · 156 ulasan · 320 foto,5 bintang,2 tahun lalu,"- Fasilitas Lengkap & Ramah Pengguna
- Alur Keberangkatan & Kedatangan sangat jelas dan teratur.",0,False,
Telaga Punggur Ferry Terminal,Lgaol Marbun,True,Local Guide · 24 ulasan · 49 foto,5 bintang,5 tahun lalu,Sangat bagus tertata rapi nyaman,0,True,
Telaga Punggur Ferry Terminal,Ruziana Fathruzi,True,Local Guide · 47 ulasan · 56 foto,5 bintang,2 bulan lalu,"ternyata untuk angkutan online sudah berpindah ke dekat gapura kampung tua, lumayan jalan nanjak.
Tapi bisa naik trans batam yang parkirnya lebih dekat, harga murah 5 ribu/orang",0,False,
Telaga Punggur Ferry Terminal,Rizz,True,Local Guide · 139 ulasan · 24 foto,3 bintang,2 tahun lalu,"Semenjak sudah renov parkiran jadi lebih lapang. Lantai 3 penjualan tiket panas, AC gak sejuk WC-nya gak ada tisu dan sabun cuci tangan. Ruang tunggu lantai 2 lumayan sejuk dan WC-nya ada tisu serta sabun cuci tangan. Kapal Ferry kayak keong semenjak tak pakai solar subsidi.",0,False,
Telaga Punggur Ferry Terminal,Supra yogi,False,3 ulasan,4 bintang,7 tahun lalu,"Pelayanan dan prasarana di pelabuhan telaga punggur cukup memuaskan,nyaman,aman,tertib,bersih dan modern,tapi sarana/tempat parkir kendaraan baik roda empat mau pun roda dua belum memadai",0,False,
Telaga Punggur Ferry Terminal,Anna Enggar,True,Local Guide · 67 ulasan · 130 foto,5 bintang,3 tahun lalu,Pelabuhannya sudah bagus dan nyaman bagi traveller.,0,False,
Telaga Punggur Ferry Terminal,Edie Nurdy - View Sudut Batam,True,Local Guide · 143 ulasan · 3.482 foto,5 bintang,6 tahun lalu,"Terminal Ferry Telaga Punggur berlokasi di daerah Kabil Batam, pelabuhan domestik ini bersebelahan dengan pelabuhan kapal Roro.",0,True,
Telaga Punggur Ferry Terminal,Bimo R,True,Local Guide · 50 ulasan · 235 foto,3 bintang,7 tahun lalu,Mulai berbenah,0,True,
Telaga Punggur Ferry Terminal,nipra Hd Sormin,True,Local Guide · 16 ulasan · 78 foto,3 bintang,9 tahun lalu,Tempat duduk di ruang tunggu terlalu sedikit.. Parkir mobil blm tertib,0,False,
Telaga Punggur Ferry Terminal,Gibran Sesunan,True,Local Guide · 730 ulasan · 98 foto,5 bintang,setahun lalu,"Luas, bersih, dan nyaman. Melayani penyeberangan ke Bintan, Dabo, dan lain-lain. Terminal keberangkatan lebih rapi dibandingkan terminal kedatangan yang terlihat agak semrawut, perlu ditingkatkan pelayanannya.",0,True,
Telaga Punggur Ferry Terminal,Nasher Saputra,True,Local Guide · 81 ulasan · 37 foto,5 bintang,5 tahun lalu,"Tempat orang bepergian ke pulau seberang seperti pulau bintan, karimun dan singkep",0,True,
Telaga Punggur Ferry Terminal,rengit leuweung channel,True,Local Guide · 38 ulasan · 37 foto,5 bintang,7 tahun lalu,Edisi # nyaman indah murah terjamin perjalanan y...bisa keliling pulau kecil pakai sevit but dr pelabuhan ferry punggur batam...sok cobaan tuh 👍👍👍👍 …,0,True,
Telaga Punggur Ferry Terminal,Yusuf Ahmadi,True,Local Guide · 154 ulasan · 677 foto,5 bintang,5 tahun lalu,"Semakin bagus tapi mohon papan petunjuk arah dan informasi diperbesar, diperjelas, dan diperbagus. Jangan berupa kertas atau petunjuk kecil.",0,False,
Telaga Punggur Ferry Terminal,andri purniawan,True,Local Guide · 672 ulasan · 45 foto,3 bintang,7 tahun lalu,"Ruang tunggunya sdh ""Oke"", tp sayangnya jalan akses menuju ke kapal masih terlihat agak berantakan",1,False,
Telaga Punggur Ferry Terminal,Fajrin Nur,True,Local Guide · 13 ulasan · 43 foto,5 bintang,4 tahun lalu,Kalo mau nyebrang harus pake barcode app peduli lindungi ato kartu vaksin kalo g ada cukup unjukkan KTP. Dah beres,0,False,
Telaga Punggur Ferry Terminal,Brian Dika,True,Local Guide · 40 ulasan · 33 foto,4 bintang,5 tahun lalu,Kebersihannya terbaik dibandingkan pelabuhan yang lain. Tapi abang taxinya agak memaksa padahal udah ada yang jemput.,0,False,
Telaga Punggur Ferry Terminal,David Irawan,True,Local Guide · 251 ulasan · 338 foto,5 bintang,setahun lalu,Pelabuhan lokal tersibuk di batam,0,True,
Telaga Punggur Ferry Terminal,Riyono Sugeng,True,Local Guide · 154 ulasan · 94 foto,5 bintang,6 tahun lalu,Pelabuhan yg bersih tp sayang ruang tunggu belum memadai,0,False,
Telaga Punggur Ferry Terminal,Muhammad Rusmanto,True,Local Guide · 27 ulasan · 455 foto,5 bintang,6 tahun lalu,Indah bangett....,0,True,
Telaga Punggur Ferry Terminal,Fredy Wong,True,Local Guide · 45 ulasan · 41 foto,4 bintang,7 tahun lalu,"sudah mulai tertata rapi, kecuali parkiran mobil motornya yang masih membingungkan..,",0,False,
Telaga Punggur Ferry Terminal,Ria Nurlena,True,Local Guide · 12 ulasan · 19 foto,5 bintang,setahun lalu,"Pelayanan baik,bersih dan keberangkatan speedboat tepat waktu",0,True,
Telaga Punggur Ferry Terminal,Hary Eka Pratama,True,Local Guide · 32 ulasan · 14 foto,5 bintang,6 tahun lalu,Kalau mau ke batam- Tanjungpinang ya lewat sini nii... Semoga makin bagus pelayanan dan fadilitasnya,0,False,
Telaga Punggur Ferry Terminal,siswadi amrullah,True,Local Guide · 84 ulasan · 199 foto,4 bintang,7 tahun lalu,Lumayan bagus tapi fasilitas parkir masih kurang,0,False,
Telaga Punggur Ferry Terminal,Ayiph Sastroe,True,Local Guide · 13 ulasan · 93 foto,3 bintang,7 tahun lalu,Pelayanan cukup memuaskan.hanya saja keberangkatan kapal sering tidak on time,0,False,
Telaga Punggur Ferry Terminal,AceTube TV,False,4 ulasan · 1 foto,5 bintang,2 tahun lalu,"Ok, Tapi perlu akses yang dekat untuk ke pelabuhan Roro. (Saran)",0,False,
Telaga Punggur Ferry Terminal,khanda angga,False,9 ulasan · 1 foto,4 bintang,setahun lalu,"Mantapp, tempat parkir kurang luas.",0,False,
Telaga Punggur Ferry Terminal,Sugeng Pribadi,True,Local Guide · 132 ulasan · 192 foto,5 bintang,3 tahun lalu,"Layanan mulai dari penjualan tiket, pemeriksaan penumpang sampai masuk kapal cukup bagus.
Hanya usul, pengelola perlu punya media sosial (minimal Instagram) yang memberi … Lainnya",0,True,
Telaga Punggur Ferry Terminal,Edy Susanto,True,Local Guide · 85 ulasan · 63 foto,5 bintang,5 tahun lalu,"Terminal Ferry Domestik Telaga Punggur melayani rute ferry ke Pulau Bintan.
Terdapat fasilitas lift dari lantai dasar ke lantai keberangkatan.
Fasilitas ponton nya, sepertinya masih perlu ditingkatkan kenyamanannya (situasi per September 2020).",0,False,
Telaga Punggur Ferry Terminal,Ibnu Salman,True,Local Guide · 265 ulasan · 373 foto,5 bintang,4 tahun lalu,"Tempat nya bersih, pelayanan ramah, banyak yang jualan",0,False,
Telaga Punggur Ferry Terminal,Rini Pratiwi,True,Local Guide · 323 ulasan · 2.769 foto,5 bintang,3 tahun lalu,Mau kesini lagi,0,True,
Telaga Punggur Ferry Terminal,rudi julianto,True,Local Guide · 27 ulasan · 4 foto,3 bintang,7 tahun lalu,tempatnya gede tapi banyak yang kosong. mau nyari toilet pun susah,0,False,
Telaga Punggur Ferry Terminal,ami devita,True,Local Guide · 22 ulasan · 110 foto,4 bintang,7 tahun lalu,Salah satu pelabuhan Domestik di Batam yang melayani rute Batam - Tanjung Pinang (Tanjung Pinang - Batam) dari Batam - Tanjung Uban( PP) Batam - Dabo (PP),0,False,
Telaga Punggur Ferry Terminal,Iman Prabawa,True,Local Guide · 168 ulasan · 570 foto,5 bintang,6 tahun lalu,Tempat kalau kita mau ke Tanjung Pinang atau kota Uban naik kapal.,0,False,
Telaga Punggur Ferry Terminal,Kost Eksekutif Dutamas Batam Center,True,Local Guide · 550 ulasan · 4.370 foto,3 bintang,setahun lalu,"Terminalnya sdh bagus. Kapal Roro Ferrynya yang harus dimaintenance lagi biar Penumpangnya nyaman.
Meski penyeberangan Batam Tanjung Uban kali ini dapat yang ada ruangan VIPnya … Lainnya",0,True,
Telaga Punggur Ferry Terminal,sindy oktaria,True,Local Guide · 455 ulasan · 689 foto,4 bintang,8 tahun lalu,Tempat nya skrg sangat nyaman dan modern...,0,False,
Telaga Punggur Ferry Terminal,Djer.Dolanan,True,Local Guide · 323 ulasan · 3.838 foto,4 bintang,setahun lalu,"Terminal Fery khusus penumpang ke Tanjung pinang, sebelumnya sempat kesasar ke terminal Fery khusus kendaraan 😄😁 … Lainnya",0,True,
Telaga Punggur Ferry Terminal,Andyka S.,True,Local Guide · 120 ulasan · 79 foto,4 bintang,7 tahun lalu,Sudah berbenah menjadi lebih baik namun masih belum bisa order kendaraan online,1,False,
Telaga Punggur Ferry Terminal,Mukmin Sapto Pamungkas,True,Local Guide · 85 ulasan · 464 foto,4 bintang,9 tahun lalu,"Penjual tiketnya mantep, kepala sampai keluar l-keluar wkwk",0,False,
Telaga Punggur Ferry Terminal,roy Arch Design,True,Local Guide · 132 ulasan · 225 foto,4 bintang,3 tahun lalu,Lumayan jauh perjalanan dari pintu gerbang hingga ke kapal.,1,False,
Telaga Punggur Ferry Terminal,Raka Abimanyu,False,3 ulasan · 1 foto,5 bintang,2 tahun lalu,"Bersih, rapi, nyaman, memuaskan",0,False,
Telaga Punggur Ferry Terminal,Arman Asmara,True,Local Guide · 1.377 ulasan · 3.841 foto,5 bintang,8 tahun lalu,"Dermaga dengan tujuan keberangkatan lokal😀
24 Oktober 2017 nyebrang ke Tg. Uban …",1,True,
Telaga Punggur Ferry Terminal,SD ALKAHFI ISLAMIC SCHOOL BATAM,True,Local Guide · 139 ulasan · 244 foto,4 bintang,6 tahun lalu,"kebetulan kondisi tadi sepi, jadi lumayan nyamanlah. semoga semakin meningkat.",0,False,
Telaga Punggur Ferry Terminal,Bambang Hartono,True,Local Guide · 88 ulasan · 147 foto,5 bintang,6 tahun lalu,Tempat wisata favorit kami terutama pasir timbul nya...Mantaapppp,1,False,
Telaga Punggur Ferry Terminal,RA Video,True,Local Guide · 7 ulasan · 46 foto,4 bintang,2 tahun lalu,Bisa sekali masuk mahal. Padahal cuma ngedrop / jemput penumpang,0,False,
Telaga Punggur Ferry Terminal,Titania Arsad,True,Local Guide · 86 ulasan · 729 foto,5 bintang,4 tahun lalu,"Setelah tempatnya di renov jadi lebih bagus, cuman mungkin masih proses renov jadi masih berantakan, terus juga yg jual tiketnya ga sesuai, kmrn beli yg jam 9, pas masuk boarding pas aja udah gabisa karna jam 9 pas buru2 kirain ketinggalan kapal, eh ternyata emg kapalnya berangkat jam 10 jd ngaret 1 jam",0,False,
Telaga Punggur Ferry Terminal,Betriyasih Yulasmi,True,Local Guide · 46 ulasan · 175 foto,4 bintang,setahun lalu,Baru kali ini sih liat waktu sampai keluarnya mundur🤣 …,0,False,
Telaga Punggur Ferry Terminal,Harri Sumpeno,True,Local Guide · 134 ulasan · 2 foto,4 bintang,setahun lalu,"terminal ferry Telaga Punggur memiliki fasilitas : - tempat parkir inap
- escalator dan lift
- ruang tunggu yang luas … Lainnya",0,False,
Telaga Punggur Ferry Terminal,Sukhirul Sudipo,True,Local Guide · 44 ulasan · 52 foto,5 bintang,2 tahun lalu,Lengkap dengan Mushalla dan tempat makan di samping halaman parkir Pelabuhan Kundur,0,False,
Telaga Punggur Ferry Terminal,Atik Kaharudin,False,14 ulasan,5 bintang,2 tahun lalu,Pelabuhan Sudah keren nggak pake ngantri sampai mo pingsan kek dulu bersih lebih rapi dan terkoordinir,0,False,
Telaga Punggur Ferry Terminal,harry santoso,True,Local Guide · 86 ulasan · 27 foto,5 bintang,5 tahun lalu,Sudah Rapi Pelabuhannya.. Tinggal Dirawat Dan dijaga bersama,0,False,
Telaga Punggur Ferry Terminal,Alifandi Erolflin,True,Local Guide · 409 ulasan · 1.268 foto,4 bintang,8 tahun lalu,Aman dan nyaman. padahal pertama kali saya berkunjung.,0,False,
Telaga Punggur Ferry Terminal,lady napitupulu,True,Local Guide · 460 ulasan · 3.408 foto,4 bintang,3 tahun lalu,"Menyeberang di Jumat pagi, suasana kondusif, tidak antri, cukup teratur.",0,True,
Telaga Punggur Ferry Terminal,Vidria Erita,True,Local Guide · 165 ulasan · 100 foto,5 bintang,7 tahun lalu,Pelabuhan yang letak ny bagus. Bisa menjadi pusat perhubungan laut batam bintan tanjung pinang. Pokoknya bs jd pelabuhan center nanti nya,0,False,
Telaga Punggur Ferry Terminal,Luluk Eka,True,Local Guide · 287 ulasan · 254 foto,4 bintang,setahun lalu,"Diluar expektasi fasilitas terminal, loket, jalur antrian, food court, ruang tunggu nya bagus, tinggal akses transportasi nya agar lebih lengkap yg bisa akses masuk dan dan fair terutama jika berurusan dng taxi..(taxi on line biar … Lainnya",0,False,
Telaga Punggur Ferry Terminal,Syarifah Asyura,True,Local Guide · 180 ulasan · 1.669 foto,4 bintang,7 tahun lalu,"Pelabuhan untuk arah destinasi ke tanjungpinang,  uban,  dan beberapa pulau lain sekitar batam,  kapal tersedia sampai dengan jam 5.30 sore ke tanjungpinang",0,False,
Telaga Punggur Ferry Terminal,Bibs,True,Local Guide · 238 ulasan · 1.267 foto,2 bintang,5 tahun lalu,Pelayanan terminal tidak banyak perubahan dan tidak nyaman.,0,True,
Telaga Punggur Ferry Terminal,Indiana Namaul Husnah,True,Local Guide · 73 ulasan · 397 foto,2 bintang,setahun lalu,"akses taksi/taksi online sulit
kurang palang petunjuk jalan untuk akses masuk bagi motor",0,True,
Telaga Punggur Ferry Terminal,Iggy Budiman,True,Local Guide · 181 ulasan · 743 foto,4 bintang,8 tahun lalu,"Lebih dekat ke Batam Center, Bandara dan Nongsa daripada Sekupang.",0,True,
Telaga Punggur Ferry Terminal,Awenklah,True,Local Guide · 105 ulasan · 143 foto,4 bintang,2 tahun lalu,Paling pusing kalo dah masalah taxi di sini,0,False,
Telaga Punggur Ferry Terminal,tommy siahaan,True,Local Guide · 21 ulasan · 6 foto,4 bintang,8 tahun lalu,"Pelabuhan berkelas international,yg melayani rute batam-Tg.pinang dengan kapal ferry dan kapal roro",0,False,
Telaga Punggur Ferry Terminal,Edie Wibowo,True,Local Guide · 24 ulasan · 24 foto,3 bintang,setahun lalu,"25 th yll sy menggunakan pelabuhan ini untuk ke tanjung pinang.
Hal positif pengalaman kemarin saya gedung pelabuhan sudah diperbesar, cuman sayangnya kebersihannya kurang bagus. Dan banyak ruangan useless. … Lainnya",0,False,
Telaga Punggur Ferry Terminal,akrim lasalimu,True,Local Guide · 16 ulasan · 17 foto,2 bintang,Diedit 8 tahun lalu,"Uang masuk nya mahal,tidak sesuai sama fasilitas yg ada",1,False,
Telaga Punggur Ferry Terminal,Nona Wierly,False,14 ulasan · 4 foto,5 bintang,7 tahun lalu,"Baru 2 kali kesini, tapi arah/ direction nya sangat membantu, satpamnya ramah buat arahin kita harus kemana",0,False,
Telaga Punggur Ferry Terminal,Sukadi Adi,True,Local Guide · 254 ulasan · 12 foto,5 bintang,3 tahun lalu,"Tempat penyebangan ke pulua2 sekitar  Kepri ,tmpt nyaman dan aman",0,False,
Telaga Punggur Ferry Terminal,Muhammad Nasir,False,2 ulasan · 19 foto,4 bintang,6 tahun lalu,"Sudah mulai bagus, area Parkir agar lebih diperbagus",0,False,
Telaga Punggur Ferry Terminal,Labib Muharis,True,Local Guide · 3 ulasan · 63 foto,5 bintang,3 tahun lalu,"Masukan untuk prlabuhan Telaga Punggur, agar ada dan di mudahkan transportasi onlaine masuk dan mengambil penumpang di sekitar pelabuhan, karena pelabuhan milik seluruh warga indonesia. Sehingga bisa memudahkan kami yg datang ke batam dgn biaya yg murah.",0,True,
Telaga Punggur Ferry Terminal,Eka UmiJourney,False,82 ulasan · 106 foto,5 bintang,8 tahun lalu,Makin nyaman makin bersih makin rapi. Keren,0,True,
Telaga Punggur Ferry Terminal,Mandala Sidabutar,False,8 ulasan · 22 foto,2 bintang,7 tahun lalu,Bagus..tapi masalah tadi yg begitu anarkis dan pemaksaan,0,False,
Telaga Punggur Ferry Terminal,NURHAYATI RETNANINGTYAS,True,Local Guide · 115 ulasan · 634 foto,4 bintang,7 tahun lalu,"Dua bulan yang lalu, ...menyeberang ke Tanjung Pinang dari Terminal Ferry Telaga Punggur ...waktu tempuh sekitar 1 jam",0,True,
Telaga Punggur Ferry Terminal,Hudha Salman,True,Local Guide · 46 ulasan · 66 foto,3 bintang,8 tahun lalu,"Penghubung kota Batam dgn Kota Tanjungpinang (pulau Bintan)
Kapal Ferry : Baruna dan Marina
Jadwal Baruna setiap 30 menit di jam genap (misal 08.00 ato 08.30 dst)
Jadwal Marina setiap 30 menit di jam Ganjil (misal 08.15 ato 08.45)",0,False,
Telaga Punggur Ferry Terminal,Martinus Widodo,True,Local Guide · 69 ulasan · 3 foto,5 bintang,7 tahun lalu,Bagus sebagai Pelabuhan Kapal Penyeberangan antar Pulau di Riau n Kepulauan.,0,False,
Telaga Punggur Ferry Terminal,bontor tobing,True,Local Guide · 93 ulasan · 165 foto,5 bintang,3 tahun lalu,Pelabuhan di batam untuk bawa kendaraan mobil/ sepeda motor dari batam-bintan PP,0,False,
Telaga Punggur Ferry Terminal,Pakcik Dolly,True,Local Guide · 302 ulasan · 1.485 foto,5 bintang,2 tahun lalu,Pelabuhan dengan fasilitas yg lengkap..,0,True,
Telaga Punggur Ferry Terminal,Dwi Adhari Nugraha,True,Local Guide · 27 ulasan · 5 foto,4 bintang,5 tahun lalu,"Pintu masuk antar Pulau di Batam, sekarang sudah jauh lebih baik dari dulu :)",0,False,
Telaga Punggur Ferry Terminal,Peri Kecil,True,Local Guide · 158 ulasan · 217 foto,5 bintang,6 tahun lalu,Asyik nya menyusuri lautan,0,True,
Telaga Punggur Ferry Terminal,Mulia Sijabat,True,Local Guide · 53 ulasan · 48 foto,2 bintang,8 tahun lalu,"Tempatnya semakin baik hanya saya semakin menyulitkan penguna motor yang ingin menginap.
Jalur menuju ke kapal juga semakin jauh, ditambah seringnya ekskalator yang suka mati.",0,False,
Telaga Punggur Ferry Terminal,F.A. Febriyanto,True,Local Guide · 44 ulasan · 58 foto,3 bintang,9 tahun lalu,"Akses keluar-masuk pelabuhan lancar, tapi alurnya kurang rapi. Jika hujan ada kemungkinan becek tercampur tanah. Ruang tunggu oke, tapi kadang gaduh karena suara penjaga loket tiket. Jalan keluar-masuk anjungan hanya berupa pembatas tidak permanen",1,False,
Telaga Punggur Ferry Terminal,Mestawa,True,Local Guide · 59 ulasan · 453 foto,5 bintang,7 tahun lalu,"Pelabuhan punggur adalah pelabuhan yang sudah resmi. Aman baik kita naik taksi,  babas dari pencurian, perampokan,  kemajuan pelabuhan punggur berkembang dari tahun ketahun",0,True,
Telaga Punggur Ferry Terminal,welly anggoro,True,Local Guide · 219 ulasan · 2.175 foto,5 bintang,3 tahun lalu,"Tempat berangkatnya kapal ke beberapa pulau, banyak spot untuk foto2.",0,True,
Telaga Punggur Ferry Terminal,hf defryzal,True,Local Guide · 120 ulasan · 689 foto,5 bintang,3 tahun lalu,"Pelayanan petugas nya baik, ramah  dan murah senyum, terminal ferry terkeren yang pernah ada",0,True,
Telaga Punggur Ferry Terminal,petra sarasati,True,Local Guide · 37 ulasan · 32 foto,1 bintang,setahun lalu,"Sakit hati banget, mau nyusuin anak di ruang menyusui gak dibolehin petugasnya alasanya dilarang petugas karantinaa. Malah di arahin ke bilik itu tanpa kursi atau apapun. Oknum ibu2 pegawai asdp batam ini gak punya hati nurani banget, dalam di dalem pas saya tanya baik2 cuma main hape dan sangat siniss",0,True,
Telaga Punggur Ferry Terminal,Emde,True,Local Guide · 591 ulasan · 1.701 foto,4 bintang,Diedit setahun lalu,Akses utama penyeberangan dari batam ke bintan. Selalu ramai dipenuhi antrian penumpang. Setiap tahun ada perbaikan dan perubahan agar para penumpang semakin nyaman dan dipermudah dalam perjalanannya,0,False,
Telaga Punggur Ferry Terminal,jek surimai,True,Local Guide · 114 ulasan · 22 foto,3 bintang,7 tahun lalu,bagus krn masih baru tp tax nya mahal banget.,1,False,
Telaga Punggur Ferry Terminal,Hanif Kharisma Trashasri Amiseno (HAKHATA),True,Local Guide · 106 ulasan · 33 foto,5 bintang,4 tahun lalu,"Pelabuhan Ferry Punggur, salah satu pelabuhan yg ada di Batam terletak didaerah Punggur. Pelabuhan nya nyaman bersih dan dimasa pandemi ini protokol nya cukup ketat untuk pengguna jasa ferry pelabuhan Talaga Punggur. Jam operasional mulai … Lainnya",1,False,
Telaga Punggur Ferry Terminal,hadi komix,False,6 ulasan,1 bintang,Diedit 6 tahun lalu,Jasa transportasi pelabuhan bar bar... saya bilang tidak mau naik taxinya di ikuti trs smpai halte trans,2,False,
Telaga Punggur Ferry Terminal,UJ OFFICIAL,True,Local Guide · 33 ulasan · 27 foto,2 bintang,5 tahun lalu,Sangat disayangkan sekelas terminal seperti itu tanpa ada wifi utk umum kalah oleh hotel kelas melati,0,False,
Telaga Punggur Ferry Terminal,Robby Lou,True,Local Guide · 34 ulasan · 543 foto,2 bintang,7 tahun lalu,"Tempat kotor, petunjuk arah terbatas, dan banyak preman taxi",0,False,
Telaga Punggur Ferry Terminal,rihan vieri,True,Local Guide · 316 ulasan · 54 foto,3 bintang,3 tahun lalu,"Masih belum bisa dijemput memakai taksi online, sepertinya d monopoli olwh taksi pangkalan.",0,False,
Telaga Punggur Ferry Terminal,Novan Dwiky Adimas,True,Local Guide · 78 ulasan · 86 foto,5 bintang,7 tahun lalu,"Cukup rapi mewah dan teratur pelabuhan kelas terbaik, tiketing, boarding pass, dan keberangkatan tersistem dengan baik, bersih tempatnya, semoga selalu dijaga dan dikelola dengan baik",0,False,
Telaga Punggur Ferry Terminal,Lendra Elmita,False,3 ulasan · 9 foto,5 bintang,2 tahun lalu,Viewnya bagus banget di ruang tunggu dan pembelian tiket.,0,True,
Telaga Punggur Ferry Terminal,Fatra Hadibowo,True,Local Guide · 154 ulasan · 105 foto,5 bintang,setahun lalu,Cukup Baik,0,True,
Telaga Punggur Ferry Terminal,suheimi Sp,True,Local Guide · 4 ulasan · 3 foto,5 bintang,3 tahun lalu,Kondisi cuaca gelap mau hujan terus ni di uban😇😇😇 …,0,True,
Telaga Punggur Ferry Terminal,Al Bana,True,Local Guide · 20 ulasan · 125 foto,5 bintang,setahun lalu,"Fasilitas cukup baik..
Pelayanan Lumayanlah..
Berbagai Tujuan Kepulau-pulau di Kepri..",0,True,
Telaga Punggur Ferry Terminal,Angga Anantataqwa,True,Local Guide · 330 ulasan · 1.552 foto,4 bintang,8 tahun lalu,At least Pelabuhan Terminal Ferry Telaga Punggur ini sudah lebih baik dari sebelumnya dibangun. sudah ada ruang tunggu ber-ac dan eskalator. hanya saja untuk keberangkatan kita harus turun 2 lantai untuk sampai ke dermaga.,1,False,
Telaga Punggur Ferry Terminal,Andre Traveler,True,Local Guide · 85 ulasan · 753 foto,1 bintang,setahun lalu,"Tolong BP Batam atau petugas siapa saja yang bertanggung jawab sama pelabuhan ini, tolong diperbaiki kualitas taksinya. Sangat tidak ramah. … Lainnya",0,False,
Telaga Punggur Ferry Terminal,Sunny Murtaqi,True,Local Guide · 23 ulasan · 39 foto,3 bintang,7 tahun lalu,"yang ingin nyeberang ke/dari batam disini tempatnya, tapi kalo sore jam 5 antrinya booo..",0,False,
Telaga Punggur Ferry Terminal,Henpriadi Koto,True,Local Guide · 36 ulasan · 13 foto,5 bintang,sebulan lalu,Transit dalam perjalanan Batam Bintan pp naik motor.,0,False,
Telaga Punggur Ferry Terminal,Bee,True,Local Guide · 366 ulasan · 1.312 foto,5 bintang,2 tahun lalu,Kalau mau ke batam-tanjung pinang bisa lewat pelabuhan ini. Bisa ke tanjung uban atau pelabuhan sri bintan … Lainnya,0,True,
Telaga Punggur Ferry Terminal,cah dienk,False,6 ulasan · 4 foto,4 bintang,Diedit 7 tahun lalu,"Setelah renovasi, ruang tiket, lobby dan lainnya terasa nyaman...
pelabuhan serasa bandara",0,True,
Telaga Punggur Ferry Terminal,Novriandi Hardinata Saputra,True,Local Guide · 76 ulasan · 29 foto,5 bintang,6 tahun lalu,"Salah satu pelabuhan fery terpadat di kepri,tempatnya sudah sangat nyaman dan bagus,pelayanan juga memadai,kapal yg membawa penumpang juga sudah sangat bagus dan memadai keselamatan berlayarnya.",0,False,
Telaga Punggur Ferry Terminal,Wilda Asryani,True,Local Guide · 71 ulasan · 118 foto,5 bintang,7 tahun lalu,Ramai org berkunjung jika liburan. Tempatnya lebih rapi daripada dulu.,0,False,
Telaga Punggur Ferry Terminal,Irwan Hidayat,True,Local Guide · 71 ulasan · 9 foto,3 bintang,7 tahun lalu,Mohon dipercepat untuk pembangunan lahan parkirnya,0,False,
Telaga Punggur Ferry Terminal,Thecute Wild,True,Local Guide · 1.068 ulasan · 11.960 foto,5 bintang,6 tahun lalu,"Kalau mau menyebrang dari Batam ke Tanjung Pinang, dari sini tempatnya. Setelah direnovasi oleh pihak BP Batam, pelabuhannya menjadi sangat bagus seperti bandara. Hanya saja kebersihan lantai ditempat ini memang masih perlu ditingkatkan.
Satu hal yang agak disayangkan dari tempat ini, ojek online dilarang menjemput penumpang.",7,False,
Telaga Punggur Ferry Terminal,Henky Andema,True,Local Guide · 45 ulasan · 36 foto,5 bintang,3 tahun lalu,"Pelayanan oke dan tidak ribet, hanya saja pembenahan toilet harus dilakukan.",0,False,
Telaga Punggur Ferry Terminal,Ardiansyah Djaelani,True,Local Guide · 46 ulasan · 26 foto,5 bintang,7 tahun lalu,Bagus namun Penataan Perparkiran dan Lalu Lintas kendaraan belum nyaman,0,False,
Telaga Punggur Ferry Terminal,Rini Astuti,True,Local Guide · 33 ulasan · 58 foto,4 bintang,2 tahun lalu,Akses keluar pelabuhannya cukup baik.,0,True,
Telaga Punggur Ferry Terminal,Bayu Setyadi,True,Local Guide · 22 ulasan · 7 foto,5 bintang,6 tahun lalu,Bersih rapi memberlakukan protokol new normal,0,False,
Telaga Punggur Ferry Terminal,Budi Susetyo (Budi logging),True,Local Guide · 326 ulasan · 214 foto,4 bintang,10 bulan lalu,Cukup rapih tertib kru naik bisa dipetcaya (portir barang),0,False,
Telaga Punggur Ferry Terminal,Abu Ishaq el Ranayi,True,Local Guide · 39 ulasan · 1 foto,4 bintang,7 tahun lalu,"Walaupun sudah menggunakan sistem boarding pass bagi calon penumpang kapal ferry tujuan lingga, namun tetap saja pengelola pelabuhan ini BELUM MAMPU dalam menertibkan penumpang saat masuk kapal. … Lainnya",0,False,
Telaga Punggur Ferry Terminal,Riapatria Nur,True,Local Guide · 262 ulasan · 174 foto,4 bintang,6 tahun lalu,Pelyanannya mantap sekali..tapi kalau kapal ada yg rusak duhh nunggunya lama bangetsangat menyenangkan menyebrang dari oulau batam ke tanjung uban..bawa mobil..sekali sekali menikmati perjalanan agak jauhan..kan biasanya cm keliling … Lainnya,0,False,
Telaga Punggur Ferry Terminal,aidil afandi,True,Local Guide · 63 ulasan · 12 foto,5 bintang,2 tahun lalu,"Terminalnya bagus, bersih, staf staf juga baik dan ramah, diarahkan kemana kta harus beli tiket dan lain sebagianya, gak sempat foto karena buru-buru ngerjar waktu 10 menit langsung naik ferry ke tjg pinang.",0,False,
Telaga Punggur Ferry Terminal,TANDUR #Tani Pantang Mundur,True,Local Guide · 10 ulasan · 8 foto,5 bintang,3 tahun lalu,Mantap.. namun membingungkan... Perlu penambhan penugasan..,0,False,
Telaga Punggur Ferry Terminal,Mas Udri,True,Local Guide · 212 ulasan · 52 foto,4 bintang,4 bulan lalu,Cukup bagus dan perku sikit improp,0,False,
Telaga Punggur Ferry Terminal,Domu Marbun,True,Local Guide · 214 ulasan · 438 foto,1 bintang,Diedit 3 tahun lalu,"Pelayanan Kurang memadai, ruang tunggu tidak memadai,jadwal kapal tidak sesuai di ticket, dll",0,False,
Telaga Punggur Ferry Terminal,sarni azlina harahap,False,6 ulasan · 1 foto,5 bintang,7 tahun lalu,Pelabuhan yg nyaman dan mudah dilalui ketempat lain,0,False,
Telaga Punggur Ferry Terminal,Lim Agus,True,Local Guide · 34 ulasan · 81 foto,5 bintang,7 tahun lalu,Bagus terminal ferry kita sekang 👍 kebanggaan Batam dan kita semua …,1,False,
Telaga Punggur Ferry Terminal,Hartono _,True,Local Guide · 263 ulasan · 705 foto,3 bintang,Diedit setahun lalu,Lumayan bagus. Tapi ya gitu² aja modelnya. Kalo dari loket tiket mau ke dermaga ferry harus tawaf dulu. Muter² melewati dua eskalator. Padahal ada shortcut yg bisa langsung ke gate boarding pass.,0,False,
Telaga Punggur Ferry Terminal,Mas Indra,False,4 ulasan · 3 foto,5 bintang,9 bulan lalu,Mantap tempatnya luar biasa,0,False,
Telaga Punggur Ferry Terminal,Ade Rahman,True,Local Guide · 18 ulasan · 2 foto,4 bintang,7 tahun lalu,"Terminal pelabuhan ferry batam ke tanjungpinang. Tempatnya bersih, pelayanan sudah sangat baik. Namun masih belum terdapat atm center.",0,False,
Telaga Punggur Ferry Terminal,Datuk Seri Rizky Bagus Oka,True,Local Guide · 307 ulasan · 638 foto,5 bintang,6 tahun lalu,"Pelabuhan domestik, baru di Renovasi, bersih nyaman",0,True,
Telaga Punggur Ferry Terminal,Okta Eka Putra,True,Local Guide · 154 ulasan · 101 foto,3 bintang,7 tahun lalu,"No comment-lah, secara standarisasi cukup baik tapi masih harus banyak diperbaiki terutama budaya kerja dan hal"" yang berkaitan dengan kualitas layanan dan kenyamanan konsumen.",0,False,
Telaga Punggur Ferry Terminal,Ricye Vy,True,Local Guide · 54 ulasan · 210 foto,4 bintang,Diedit 3 tahun lalu,"Aku pas kesini kebetulan pagi-pagi banget, waktu itu mau nyebrang naik kapal pertama ke Pulau Bintan, dan beruntungnya aku bisa melihat sunrise.",1,True,
Telaga Punggur Ferry Terminal,invisible me,True,Local Guide · 32 ulasan · 41 foto,4 bintang,3 tahun lalu,"Kondisi bangunan semakin membaik,
Ruang  tnunggu lumayan nyaman,
Dan dengan berbagai stand makanan dan oleh""",0,True,
Telaga Punggur Ferry Terminal,Didi Junaidi,True,Local Guide · 17 ulasan · 142 foto,3 bintang,8 tahun lalu,"Petugasnya kurang senyum, cembetut aja kelaut aja",0,True,
Telaga Punggur Ferry Terminal,Khalid Daulay,True,Local Guide · 115 ulasan · 34 foto,1 bintang,8 tahun lalu,Terminal msh dalam proses pembangunan sejak setahun yg lalu tak kunjung selesai,0,False,
Telaga Punggur Ferry Terminal,Tedy Ardha,True,Local Guide · 534 ulasan · 52 foto,4 bintang,3 tahun lalu,Tempat bersih dan teratur. Hanya saja keberangkatan sering sekali lewat 10 menit dari jadwal. Mohon lebih diperhatikan,0,False,
Telaga Punggur Ferry Terminal,Bernhard,True,Local Guide · 255 ulasan · 1.013 foto,5 bintang,8 tahun lalu,"Setiap selang waktu  15 menit, akan ada ferry yang berangkat ke tanjung Pinang, ibukota prov. Kep. Riau-Indonesia..",0,False,
Telaga Punggur Ferry Terminal,Coco Pio,False,1 ulasan · 3 foto,5 bintang,3 tahun lalu,luar biasa,0,True,
Telaga Punggur Ferry Terminal,Bakhtiar ER,True,Local Guide · 56 ulasan · 5 foto,4 bintang,4 tahun lalu,"Tempat nunggu pas mau nyebrang ke Tj Pinang, lokasi bersih, banyak jual makanan skarang dan harga yahh lumayanlah..👍 …",0,False,
Telaga Punggur Ferry Terminal,Amidya Tri Agusti,True,Local Guide · 151 ulasan · 896 foto,5 bintang,7 tahun lalu,"Fasilitas umum yang sangat membantu penyebrangan antar pulau. Dari Batam menuju Tanjung Pinang, atau ke tempat tujuan lain. Dengan akses yang memudahkan dan pelayanan yang cukup baik.",0,True,
Telaga Punggur Ferry Terminal,Danis S,True,Local Guide · 414 ulasan · 964 foto,5 bintang,2 tahun lalu,"Tempatnya bersih dan rapi
Semoga tetap terjaga seperti itu",0,True,
Telaga Punggur Ferry Terminal,Hajar Annisa Abdurahman,True,Local Guide · 118 ulasan · 5 foto,5 bintang,6 tahun lalu,"Tempat bagus, banyak jenis kapal yang singgah",0,False,
Telaga Punggur Ferry Terminal,Neuerhadi Bae,True,Local Guide · 44 ulasan · 57 foto,4 bintang,7 tahun lalu,Satu-satunya pelabuhan penyeberangan dari Batam Ke nb Pulau Bintan yaitu Tanjungpinang dan Tanjung Uban. Beroperasi mulai jam 07.30 sampai jam 17.30.,0,False,
Telaga Punggur Ferry Terminal,Eddi Adinata,False,1 ulasan,5 bintang,7 tahun lalu,Gua pertama kali masuk loket tiketnya saya milih kapal marina aja dah dr pada pusing cari kapalnya yg cocok,0,False,
Telaga Punggur Ferry Terminal,Eddy Bralink,True,Local Guide · 28 ulasan · 8 foto,5 bintang,setahun lalu,Ruang tggu nyaman ...view bangus k,0,True,
Telaga Punggur Ferry Terminal,Keluarga Yasidy,True,Local Guide · 23 ulasan · 22 foto,5 bintang,8 tahun lalu,Sangat rapi dan teratur,0,True,
Telaga Punggur Ferry Terminal,Agung JS,True,Local Guide · 121 ulasan · 272 foto,4 bintang,5 tahun lalu,Pelabuhan nya sudah bagus beda dengan yg dulu2,0,True,
Telaga Punggur Ferry Terminal,Ummi Intani Hasibuan (Little Ifaf),True,Local Guide · 71 ulasan · 75 foto,5 bintang,2 tahun lalu,"Bagus tempatnya, bersih, luas.. Pelayanannya juga bagus banget.. Kapal kapalnya juga bagus, modern. Sepanjang perjalanan di kasi tontonan film gtu jd gak bosen.. Kmren perjalanan batam-karimun ombaknya tenang bgt",0,True,
Telaga Punggur Ferry Terminal,Yeono Yeono,True,Local Guide · 55 ulasan · 72 foto,4 bintang,Diedit 5 tahun lalu,"Pelabuhan laut ke Tg Pinang dan Tg Uban. Penempatan loket, ruang tunggu, ruang check in, jalur boarding masih bisa dibuat lebih baik",0,True,
Telaga Punggur Ferry Terminal,violet greentea,True,Local Guide · 21 ulasan · 9 foto,5 bintang,8 tahun lalu,Tempatnya bagus. Tapi agak bingung tempat parkirnya :),0,False,
Telaga Punggur Ferry Terminal,F. SITORUS,True,Local Guide · 37 ulasan · 39 foto,5 bintang,2 tahun lalu,Kebersihan sangat bagus  serta Fasilitas trasportasi dapat di jangkau dengan mudah,0,False,
Telaga Punggur Ferry Terminal,Setio S,True,Local Guide · 112 ulasan · 3.391 foto,5 bintang,Diedit 2 tahun lalu,"Jetty to Bintan/Tanjungpinang
Pelabuhan ferry jurusan tanjungpinang speedboat jurusan tanjung uban",3,True,
Telaga Punggur Ferry Terminal,shoohibun najiib,True,Local Guide · 206 ulasan · 407 foto,5 bintang,Diedit 4 tahun lalu,"Pelabuhannya sudah bagus, dan lengkap. Untuk akses keluar mobil kurang tepat, jalan yang harusnya bisa digunakan dipakai untuk parkir dan jalur taxi",2,False,
Telaga Punggur Ferry Terminal,Sanggom Monalisa Hutabarat,True,Local Guide · 112 ulasan · 61 foto,5 bintang,7 tahun lalu,"Saya batusan dari sini kemarin, sangat bagus dan indah pemandangannya. Anda akan menemukannkecantikan alam pantai yang sangat baagus disini.",0,True,
Telaga Punggur Ferry Terminal,Umri Margolang,True,Local Guide · 101 ulasan · 191 foto,3 bintang,6 tahun lalu,"Jasa taxi dari pelabuhan ke bandara Rp. 100.000,- jarak tempuh hanya kurang lebih 15 menit",0,True,
Telaga Punggur Ferry Terminal,Ikhwan Addinusurya,True,Local Guide · 25 ulasan · 33 foto,4 bintang,5 tahun lalu,Sangat menarik,0,True,
Telaga Punggur Ferry Terminal,Sandezthira Almatiin,True,Local Guide · 18 ulasan · 18 foto,3 bintang,3 tahun lalu,"Fasilitas lengkap, proses chek in mudah, keberangkatan tepat waktu. Hanya saja kapal yg fasilitasnya harus dimaksimalkan lagi, karena AC sempat sedikit panas.",0,True,
Telaga Punggur Ferry Terminal,DAVID JOHNIE,True,Local Guide · 190 ulasan · 573 foto,4 bintang,Diedit 6 tahun lalu,"Salah satu terminal ferry yang sibuk di batam, lewat terminal ini kita bisa ke tanjung pinang, uban, dll. Minus nya /Kendala nya disini kita tidak bisa menggunakan atau mengorder ojek atau taxi online, dikarena kan ada nya larangan sepihak … Lainnya",0,False,
Telaga Punggur Ferry Terminal,Isnin Syn,True,Local Guide · 17 ulasan · 11 foto,3 bintang,Diedit 3 tahun lalu,"Plabubannya bagus pelayanan juga baik, hanya saja sulit untuk memesan taxi online atau grab di lokasi ini kita di paksa untuk naik taxsi plabuhan, saran ada kenalan atau saudara untuk menjemput saat tiba di plabuhan",0,False,
Telaga Punggur Ferry Terminal,Daryatno Yatno,False,9 ulasan · 2 foto,5 bintang,2 tahun lalu,Nyaman aja sih,0,False,
Telaga Punggur Ferry Terminal,bang map,True,Local Guide · 33 ulasan · 207 foto,2 bintang,8 tahun lalu,"Tempat pelabuan domestik batam.. Tanjung Pinang, uban, dabok, anambas dan wilayah kepri lainnya",1,True,
Telaga Punggur Ferry Terminal,The Hunterlove,True,Local Guide · 188 ulasan · 534 foto,5 bintang,Diedit 8 tahun lalu,"Gedung baru super mewah,security tingkat tinggi,view pulau-pulau kecil.",1,False,
Telaga Punggur Ferry Terminal,uli manalu,True,Local Guide · 45 ulasan · 59 foto,5 bintang,2 tahun lalu,Pelabuhannya bersih. Luas. Nyaman. Aman. Banyak stand penjual makanan dan minuman. Ada kopi O dan Morning Bakery juga.,1,True,
Telaga Punggur Ferry Terminal,Maman Nurjaman,True,Local Guide · 33 ulasan · 20 foto,4 bintang,4 bulan lalu,Tempat cukup baik,0,False,
Telaga Punggur Ferry Terminal,Muhammad Nur Bijak Bestari,True,Local Guide · 52 ulasan · 12 foto,5 bintang,7 tahun lalu,"Pelabuhan Punggur best wkwk nyebrang ke pinang,tg.batu,dll di pelabuhan ini banyak elevator dan lift dah bagus wkwk",0,False,
Telaga Punggur Ferry Terminal,Kevinsyah Hanafi Siregar,True,Local Guide · 151 ulasan · 32 foto,5 bintang,4 tahun lalu,Bagus tempatnya,0,True,
Telaga Punggur Ferry Terminal,Achmad Yani,True,Local Guide · 394 ulasan · 297 foto,5 bintang,7 tahun lalu,Terminal ferry telaga punggur sangat layak menjadi terminal ferry internasional.. bangunan 3 lantai dengan interior sangat memanjakan penumpang.. mendukung mobilitas penumpang disediakan lift dan skalator.. dijamin penumpang betah berlama2 … Lainnya,0,False,
Telaga Punggur Ferry Terminal,Sukiran Medan,True,Local Guide · 637 ulasan · 1.793 foto,4 bintang,4 tahun lalu,Mendekati perfect. Toilet tdk terjaga kebersihannya,0,False,
Telaga Punggur Ferry Terminal,Moh Thahir,True,Local Guide · 22 ulasan · 192 foto,5 bintang,7 tahun lalu,"Pelabuhan Punggur memiliki fasilitas yg cukup, dan layak, tetatur dan bersih.",0,False,
Telaga Punggur Ferry Terminal,Mama Tishabel,False,10 ulasan · 11 foto,5 bintang,3 tahun lalu,Nyaman saat tidak berdesakan..ga mesti takut kelaparan,0,False,
Telaga Punggur Ferry Terminal,Nofa,False,1 ulasan,4 bintang,3 tahun lalu,Semua ok cuma pas mau scan tiket kaga bisa petugas nya lambat mau bantu,0,False,
Telaga Punggur Ferry Terminal,Sari A5,True,Local Guide · 74 ulasan · 251 foto,5 bintang,Diedit 2 tahun lalu,"Parkirny selalu padat, hari minggu full, harap bersabar cari parkiran",2,True,
Telaga Punggur Ferry Terminal,Harbie Soebrata,True,Local Guide · 103 ulasan · 396 foto,4 bintang,3 tahun lalu,"Terminal Ferry yang melayani keberangkatan ke berbagai tujuan yang ada di Kepri. Tempatnya luas, fasilitas disini cukup lengkap, adanya tempat penjualan tiket, ATM bersama BNI & Mandiri, kantin stefi, permainan untuk anak"", free charging … Lainnya",0,False,
Telaga Punggur Ferry Terminal,PAPASEMreview,True,Local Guide · 70 ulasan · 23 foto,4 bintang,3 bulan lalu,Cemana lah ya.. Perlu adanya petugas yg bersifat komunikatif.. Buat apa klian rame2 tegak dstu klo apda cuek,0,True,
Telaga Punggur Ferry Terminal,Aries tari,True,Local Guide · 291 ulasan · 1.105 foto,3 bintang,7 tahun lalu,Bagus tapi pelayan simpang siur.kurang didikin kayaknya,0,False,
Telaga Punggur Ferry Terminal,Mas Piang,True,Local Guide · 189 ulasan · 1.668 foto,5 bintang,Diedit 7 tahun lalu,"Tempatnya rame....hilir mudik penumpang
Tujuan Tanjung Pinang (PP), Tanjung Pandan, Jagoh Dabo Singkep & Daek Lingga … Lainnya",3,True,
Telaga Punggur Ferry Terminal,Agus Riswanto,True,Local Guide · 46 ulasan · 13 foto,3 bintang,8 tahun lalu,Jalan masih kurang teratur dan bnyak parkir sembarangan,0,False,
Telaga Punggur Ferry Terminal,chua qianlong,False,8 ulasan · 9 foto,5 bintang,7 tahun lalu,"Bagus bersih bagian dalam ,, diluar agak kurang ..mungkin karna ada pembangunan insfratruktur jalan dsbg ..",0,False,
Telaga Punggur Ferry Terminal,farid fta,True,Local Guide · 11 ulasan · 19 foto,5 bintang,setahun lalu,masi sama spt biasa,0,False,
Telaga Punggur Ferry Terminal,Erfan koerrniawan moechtar,True,Local Guide · 157 ulasan · 60 foto,5 bintang,Diedit 2 tahun lalu,"Alhamdulillah, aman",0,True,
Telaga Punggur Ferry Terminal,dewi ida,True,Local Guide · 101 ulasan · 395 foto,3 bintang,11 bulan lalu,"Tiba di Terminal Feri Telaga Punggur di Batam setelah melalui perjalanan 1 jam dari Terminal Feri Sri Bintan Pura, Tanjung Pinang dengan Kapal Oceanna 7. Terminal tidak terlalu besar & untuk ke daerah Nagoya Batam memerlukan waktu 30 menit dengan taksi offline seharga 130.000 yang mudah ditemui di luar pintu kedatangan.",0,True,
Telaga Punggur Ferry Terminal,Mekanik Elekterik,False,4 ulasan,1 bintang,4 bulan lalu,Apakah tangal 15 ada kapal feri dari pungut ke pelabuhan tanjung buton,0,False,
Telaga Punggur Ferry Terminal,Wilsen Chen,True,Local Guide · 139 ulasan · 24 foto,2 bintang,9 tahun lalu,"Ketika naik kapal semuany berdesakan, ga ad tempat buat ngantri.. Turis bisa bingung kalo datang kesini",0,False,
Telaga Punggur Ferry Terminal,Reza Giovani,False,9 ulasan · 8 foto,1 bintang,4 bulan lalu,"Selalu overload saat musim liburan, dg kursi ruang tunggu terbatas dan ruangan yg panas..seharusnya dg PAD yg ada bisa utk diprioritaskan kenyamanan penumpang mengingat pelabuhan utama dr batam ke tanjungpinang",0,True,
Telaga Punggur Ferry Terminal,Angga Fatah,True,Local Guide · 153 ulasan · 242 foto,3 bintang,7 tahun lalu,"Mengalami perubahan yg signifikan setiap tahunnya,  area parkir sudah tertata.",1,False,
Telaga Punggur Ferry Terminal,Dandy Satria,True,Local Guide · 36 ulasan · 37 foto,4 bintang,8 tahun lalu,"Fasilitas baru, lebih aman. Hanya saja fasilitas toilet kurang terawat dan bau",0,False,
Telaga Punggur Ferry Terminal,Tetty Kobe,True,Local Guide · 49 ulasan · 160 foto,4 bintang,8 tahun lalu,Tempat penyebrangan ke tanjung uban tj pinang dengan mengunakan roro,0,False,
Telaga Punggur Ferry Terminal,Hotdi Simanullang,True,Local Guide · 36 ulasan · 22 foto,5 bintang,Diedit 2 tahun lalu,Nyaman dan aman. Mantaplah...,0,True,
Telaga Punggur Ferry Terminal,seloso kliwon,True,Local Guide · 154 ulasan · 523 foto,3 bintang,7 tahun lalu,Pelabuhannya bagus tertata,0,True,
Telaga Punggur Ferry Terminal,Aria Bagiasa C,True,Local Guide · 88 ulasan · 259 foto,4 bintang,setahun lalu,"Pelabuhan Punggur di Batam adalah salah satu pelabuhan penting yang melayani transportasi penumpang dan barang, khususnya untuk rute Batam–Tanjung Pinang dan Batam–Pulau-pulau di sekitar Kepulauan Riau. Terletak di bagian timur Pulau Batam, … Lainnya",0,True,
Telaga Punggur Ferry Terminal,Warnet Maimo,True,Local Guide · 62 ulasan · 511 foto,1 bintang,8 tahun lalu,Kesannya kumuh biarpun bangunan megah. Taksinya mahal-mahal. Sementara taksi online dilarang ambil penumpang.,1,False,
Telaga Punggur Ferry Terminal,sarno Aja,True,Local Guide · 60 ulasan · 322 foto,4 bintang,3 tahun lalu,Penyebrangan batam ketanjung uban,0,True,
Telaga Punggur Ferry Terminal,Herdi Wahyudi,True,Local Guide · 34 ulasan · 1 foto,3 bintang,8 tahun lalu,Dari parkiran mobil naik tangga ke lantai 3. Gakada eskalator apah? Parkiran becek..,0,False,
Telaga Punggur Ferry Terminal,Ratno Gianto Nababan,False,3 ulasan,4 bintang,3 tahun lalu,"agak sepi, jarang ada orang sepanjang jalan",0,False,
Telaga Punggur Ferry Terminal,Wiwit Widono,True,Local Guide · 61 ulasan · 17 foto,4 bintang,9 tahun lalu,Perlu ditingkatkan pelayanan dan gedung baru segera diaktifkan supaya pelayanan meningkat.,0,False,
Telaga Punggur Ferry Terminal,Jubah Air,True,Local Guide · 53 ulasan · 28 foto,4 bintang,3 tahun lalu,"Menyenangkan . . .  Bersih dan rapi . . .
Tapi loketnya kok selalu membingungkan ya",0,True,
Telaga Punggur Ferry Terminal,angel dhara audrey,True,Local Guide · 33 ulasan · 99 foto,2 bintang,5 tahun lalu,Kali Pertama Sih Ak Naik Fery Ini...Tapi Keadaan Pelabuhannya Sangat Mengecewakan...Sanitasi Udara Diruangan Bawah Kurang Mungkin Karena Itu Hari AC nya Mati Kali Yaaa...Kasian Anak2 Juga Ada Yg Bawa Baby Kulihat Kepanasan Juga...Gk Ada … Lainnya,0,False,
Telaga Punggur Ferry Terminal,Abednego Juntak (Nego),True,Local Guide · 101 ulasan · 15 foto,5 bintang,5 tahun lalu,"Pelayanan baik, bersih, teratur dan tepat waktu",0,True,
Telaga Punggur Ferry Terminal,bram setiawan,True,Local Guide · 70 ulasan · 80 foto,3 bintang,7 tahun lalu,"Dalemnya semakin bagus, tp luarnya masih perlu dibenahi",0,False,
Telaga Punggur Ferry Terminal,Ikbal Mechanical,True,Local Guide · 55 ulasan · 26 foto,4 bintang,2 tahun lalu,"Fasilitas ok utk pelabuhan Ferry, kekurangan sulit order transport online (Go-Jek, Grab dan sejenisnya) karena wilayah pelabuhan adalah lahan parkir taxi pangkalan. Mirip seperti di Bandara penumpang kdg harus jalan keluar untuk bisa naik transport online jika tidak dipesan dahulu sblm Ferry yg ditumpangi  tiba",0,False,
Telaga Punggur Ferry Terminal,Den Ko Ha,True,Local Guide · 196 ulasan · 789 foto,5 bintang,7 tahun lalu,"Bisa parkir nginap
Tinggal ke pinang",1,True,
Telaga Punggur Ferry Terminal,Daniel kok san,True,Local Guide · 472 ulasan · 88 foto,4 bintang,2 tahun lalu,"Terminal ferry dari pulau ke pulau sekitaran Kepri.
Tempatnya rapi dan bersih",0,False,
Telaga Punggur Ferry Terminal,Roy Safriadi Sevendi Siregar,True,Local Guide · 203 ulasan · 1.751 foto,4 bintang,2 tahun lalu,"Pilihan kapal banyak, jadwal juga tepat waktu",1,True,
Telaga Punggur Ferry Terminal,Fuk Lie,True,Local Guide · 29 ulasan · 13 foto,5 bintang,7 tahun lalu,"Bagus sekarang, bersih dan nyaman tempatnya..tempat parkir juga luas sekarang",0,False,
Telaga Punggur Ferry Terminal,Aurelino Nizar,True,Local Guide · 32 ulasan · 9 foto,5 bintang,3 tahun lalu,Akses ke Berbagai Pulau di Kepri,0,True,
Telaga Punggur Ferry Terminal,Nova Saputra,True,Local Guide · 504 ulasan · 2.521 foto,5 bintang,7 tahun lalu,"Sudah dua kali kesini naik kapal Roro, sering terjadi antrian panjang kalau hari-hari besar",0,False,
Telaga Punggur Ferry Terminal,Anton Edi Andoko,True,Local Guide · 56 ulasan · 67 foto,5 bintang,7 tahun lalu,"Pelabuhan Domestik Punggur
Trmpat Menunggu yg Nyaman dan Full Ac",0,True,
Telaga Punggur Ferry Terminal,Hijrian Family,True,Local Guide · 204 ulasan · 317 foto,5 bintang,setahun lalu,"Rapi dan bersih, alhamdulillah bisa meraskaan nyeberang disini.",0,False,
Telaga Punggur Ferry Terminal,Syaif muhami shidiq (Kukirakira),True,Local Guide · 247 ulasan · 1.726 foto,2 bintang,9 tahun lalu,"bangunan kurang bagus, banyak calo dan adanya uang masuk 10rb ke pelabuhan, buat apa tuuh kan udh bayar tiket",0,False,
Telaga Punggur Ferry Terminal,Ibnu Bondan,True,Local Guide · 33 ulasan · 11 foto,5 bintang,3 tahun lalu,Atap belum sepenuhnya melindungi dari hujan. Terutama di celah antar bangunan.,0,False,
Telaga Punggur Ferry Terminal,Surya Aji (Aji),True,Local Guide · 47 ulasan · 24 foto,3 bintang,3 tahun lalu,"Standar, belum ada pemesanan Ro-ro via online
Pembelian tiket langsung dan pembayaran by tapcash",0,False,
Telaga Punggur Ferry Terminal,Nona'Aini,True,Local Guide · 84 ulasan · 276 foto,5 bintang,7 tahun lalu,"Sekarang sudah lebih bagus ala ala bandara.
Penjemput atau pengantar bisa antar langsung ke ferry apabila sangat mendesak",0,False,
Telaga Punggur Ferry Terminal,Abdul Rahman Sarabiti,True,Local Guide · 34 ulasan · 12 foto,4 bintang,7 tahun lalu,"Fasilitas nyaa masih kurang,untuk keparkiran nya terlalu jauh, dan untuk ketempat bus way nya jauh  juga, kasian yang bawak barang banyak liftnyaa juga kurang.",0,False,
Telaga Punggur Ferry Terminal,PAKPAHAN DIMTON,True,Local Guide · 251 ulasan · 301 foto,3 bintang,3 tahun lalu,"Kurang teratur dan kurang rapi.

Baiknya disediakan lift untuk mempermudah dan membuat nyaman pengunjung karena … Lainnya",0,True,
Telaga Punggur Ferry Terminal,suwarno sp,False,2 ulasan,5 bintang,setahun lalu,Pelayanan tiket baik,0,False,
Telaga Punggur Ferry Terminal,Naufal Firdaus,True,Local Guide · 90 ulasan · 236 foto,3 bintang,7 tahun lalu,"Dermaga yg bersih, penataan yg bagus, tapi loket menawarkan dg teriak teriak",0,False,
Telaga Punggur Ferry Terminal,FAQIH03 Alfian,True,Local Guide · 106 ulasan · 191 foto,5 bintang,6 tahun lalu,"Temaptnya baru, dan masih di renofasi
Bersih dan bagus tempatnya, mantab",0,True,
Telaga Punggur Ferry Terminal,Winson Taw,True,Local Guide · 164 ulasan · 2.967 foto,5 bintang,4 tahun lalu,"Pelabuhan yang bisa ke Tanjung Pinang, Tanjung Uban(Bintan), Daik, Sei Tenam, Dabo Singkep(Lingga)",3,False,
Telaga Punggur Ferry Terminal,Adi Susanto,True,Local Guide · 99 ulasan · 52 foto,4 bintang,3 tahun lalu,"Tempatnya bersih, tertib, teratur, pelayanan bagus terlebih kepada Usia manula. Tidak ada calo. Cuman petunjuk. Arah masuk setelah penjualan tiket ke Dermaga oerlu diperjelas agar memudahkan penumpang usia manula.",0,False,
Telaga Punggur Ferry Terminal,Sukma Adi Perdana,True,Local Guide · 37 ulasan · 12 foto,4 bintang,6 tahun lalu,Tempat yang paling penting bagi orang yang ingin berpergian ke Tanjungpinang,0,False,
Telaga Punggur Ferry Terminal,Kamila Gemstone,True,Local Guide · 98 ulasan · 88 foto,5 bintang,6 tahun lalu,"Pelabuhan domestik.. sy sendiri melakukan penyebrangan ke Tanjungpinang untuk pertama kalinya..
Tiket kapal nya murah hanya 54rb..
semua ok..👍 …",0,True,
Telaga Punggur Ferry Terminal,Little RF Family,True,Local Guide · 633 ulasan · 1.562 foto,2 bintang,8 tahun lalu,"Pengelolahnnya masih kurang, ketika masuk ke kapal pengaturanya kurang baik,sampe desak2 kan...",0,False,
Telaga Punggur Ferry Terminal,Ismail albintani,True,Local Guide · 146 ulasan · 205 foto,3 bintang,7 tahun lalu,"Seputar terminal Ferry sdh mulai tertata dengan baik, taxinya juga sdh mulai tertib dan ramah",0,False,
Telaga Punggur Ferry Terminal,SM MM 88,True,Local Guide · 456 ulasan · 6.873 foto,5 bintang,2 tahun lalu,"Tahun 2016 terakhir saya ke batam, tahun 2024, saya kesini lagi, saya sampai lupa dengan banyaknya perubahan pada terminalnya... semua sudah berubah, dan modren, sudah lebih baik....semoga pelayanannya juga lebih profesional...👍👍👍👍 …",0,True,
Telaga Punggur Ferry Terminal,Nur Wulandari,True,Local Guide · 103 ulasan · 51 foto,4 bintang,8 tahun lalu,Sedang tahap pembangunan untuk pelebaran dan peningkatan fasilitas. Parkir untuk mobil/motor bermalam juga banyak di depan area ini. Sehingga penumpang bisa menitipkan motor/mobilnya untuk beberapa hari.,1,False,
Telaga Punggur Ferry Terminal,midnight owl,True,Local Guide · 29 ulasan · 29 foto,4 bintang,4 tahun lalu,"tempat yg bikin haru setelah bandara!

fasum seperti toilet nya bersih, jadi nyaman bgt!",0,True,
Telaga Punggur Ferry Terminal,IkaRini,True,Local Guide · 93 ulasan · 58 foto,5 bintang,7 tahun lalu,Terminal Ferry bagi yang akan menyebrang ke tanjung pinang dari batam... pelabuhan Bersih dan nyaman... Fasilitas modern dan ok,0,False,
Telaga Punggur Ferry Terminal,acep ranal,False,4 ulasan,5 bintang,setahun lalu,"Pelabuhan Ferry yang ada di Kota Batam, terdapat pilihan kapal cepat alumminium dengan ukuran sedang, dan kapal cepat fiber dengan ukuran kecil. Pelabuhan Ferry Telaga Punggur adalah salah satu pelabuhan utama di Pulau Batam, Indonesia. … Lainnya",0,False,
Telaga Punggur Ferry Terminal,selly herawati,True,Local Guide · 386 ulasan · 731 foto,5 bintang,5 tahun lalu,"Pelabuhan yg cukup besar, katanya sih dsni bisa untuk destinasi domistik, internasional dan juga RoRo. Tempatnya juga bersih",0,False,
Telaga Punggur Ferry Terminal,Aulia Farabi,True,Local Guide · 260 ulasan · 86 foto,4 bintang,8 tahun lalu,Sudah bagus. Sudah bersih. Tapi papan pengumuman kurang,0,False,
Telaga Punggur Ferry Terminal,Dewi Sulistyowati,True,Local Guide · 222 ulasan · 1.296 foto,5 bintang,2 bulan lalu,"Pelabuhan yang melayani tujuan rute Bintan (Tanjung Uban) naik speedboat harga tidak sampai 60 ribu lama perjalanan 20 menit dan tujuan Tanjungpinang (Sri Bintan Pura) naik Ferry dengan harga tiket 80.500, lama perjalanan 1,5 jam.",0,True,
Telaga Punggur Ferry Terminal,desvika ice,True,Local Guide · 113 ulasan · 387 foto,5 bintang,4 tahun lalu,"Pelabuhan ferry di daerah Batam bagi yang akan  melakukan perjalanan menuju tanjung pinang, tanjung uban, tanjung batu dan daerah lainnya di Kepulauan Riau. Tempat y asik bgt, bersih, rapi, pegawai y ramah.",0,True,
Telaga Punggur Ferry Terminal,Syafril Aziz,True,Local Guide · 25 ulasan · 13 foto,3 bintang,8 tahun lalu,Inilah satu2nya Pelabuhan penyeberangan dr P batam ke Sumatera (Tg Buton),0,False,
Telaga Punggur Ferry Terminal,Hendri Kurniawan,True,Local Guide · 182 ulasan · 2 foto,4 bintang,Diedit setahun lalu,"Terminal Ferry antar pulau mulai rute Batam Yo tanjung pinang,labom,lagoi,uban dan Dabo Singkep dst..yg saat Fery data g dan pergi akan disuguhi dgn pemandangan pulau2 yg cukup indah utk diabadikan baik pulau kosong ataupun yg berpenghuni … Lainnya",0,False,
Telaga Punggur Ferry Terminal,Ade Permanik Channel,True,Local Guide · 236 ulasan · 2.034 foto,3 bintang,8 tahun lalu,"Pelabuhan sudah modern, ada liftnya, WC-nya juga bersih...",0,False,
Telaga Punggur Ferry Terminal,Handreas Seru,True,Local Guide · 14 ulasan · 8 foto,5 bintang,2 tahun lalu,Penumpang Kapal Roro pada lebaran ke 5 tahun 2024. Sangat menarik. Saya sangat menikmati perjalanan.,1,True,
Telaga Punggur Ferry Terminal,Niki Suryo Seto,True,Local Guide · 16 ulasan · 91 foto,5 bintang,3 minggu lalu,"Baru pertama kesini dan baru tau proses di pelabuhan sudah sebaik ini, harga juga oke dengan mangkas waktu yang jauh banget kalau ferry 1 jam lebih speed boat cuma 10 menit",0,True,
Telaga Punggur Ferry Terminal,Nurdin Syah,True,Local Guide · 120 ulasan · 105 foto,4 bintang,7 tahun lalu,"Mantap, perlu ditingkat fasilitas dan yg paling penting pengunjung yg keluar terminal butuh fasilitas kendaraan yg nyaman, murah, ramah mcm orang melayu",0,False,
Telaga Punggur Ferry Terminal,suara kala,True,Local Guide · 47 ulasan · 95 foto,5 bintang,5 tahun lalu,"Pelabuhan ini menghubungkan Pulau Batam- Tanjung Uban -Tanjung Pinang, Kepulau Riau. … Lainnya",1,True,
Telaga Punggur Ferry Terminal,Trhoz ID,True,Local Guide · 33 ulasan · 86 foto,4 bintang,8 tahun lalu,Baik nya ditambah penataan dermaga dan informasi kapal yang akan berangkat.,0,False,
Telaga Punggur Ferry Terminal,Endial Fil Ardh,True,Local Guide · 93 ulasan · 219 foto,5 bintang,Diedit 4 tahun lalu,"Lumayan gede pelabuhannya. Semoga terjaga kebersihannya. Berkualitas pelayanannya ke masyarakat luas, terlebih wisatawan yg berkunjung ke Batam & Bintan.",1,False,
Telaga Punggur Ferry Terminal,Joko Setiawan,True,Local Guide · 167 ulasan · 10 foto,5 bintang,11 bulan lalu,Kapal2nya ready kalo buat menikmati danau Toba,0,False,
Telaga Punggur Ferry Terminal,librarian,True,Local Guide · 30 ulasan · 97 foto,5 bintang,3 tahun lalu,"Salah satu pelabuhan tersibuk di Batam. Disebelahnya pelabuhan Roro yang mau bawa kendaraan ke Bintan lewat tanjung uban..
Video yang saya unggah ketika cuaca buruk pada awal tahun baru Januari 2023, … Lainnya",2,True,
Telaga Punggur Ferry Terminal,BOS Mufassa,True,Local Guide · 365 ulasan · 1.885 foto,3 bintang,8 tahun lalu,Penyebrangan pertama ke tanjung pinang,0,True,
Telaga Punggur Ferry Terminal,Rudy Rusmiady,False,2 ulasan,5 bintang,5 tahun lalu,Pelabuhan domestik batam tujuan antar kota batam dan kabupaten di kepualaun riau.,0,False,
Telaga Punggur Ferry Terminal,Yusrizal Rizal,True,Local Guide · 152 ulasan · 2 foto,4 bintang,2 tahun lalu,"Pelabuhannya bagus, untuk kwalitas peningkatnya cukup baik",0,False,
Telaga Punggur Ferry Terminal,Teguh Perdana,True,Local Guide · 21 ulasan · 3 foto,4 bintang,8 tahun lalu,"fasilitas sudah bagus, hanya saja di tangga keberangkatan menggunakan eskalator tangga padahal banyak penumpang yang membawa barang bawaan, jadinya tidak efisien. masih banyak orang yang merokok, diperlukan pelatihan manajerial sehingga ""humans""nya bisa seperti di bandara pada umumnya",0,False,
Telaga Punggur Ferry Terminal,Emylio Saputra Lingga,True,Local Guide · 136 ulasan · 418 foto,5 bintang,7 tahun lalu,"pelabuhan trasmigrasi para penumpang antar pulau, sekarang suasananya cukup tertata dengan baik dan perlu penataan ulang lg agar terlihat bersih dan rapi.",0,False,
Telaga Punggur Ferry Terminal,Sutrisno Adi Chandra,True,Local Guide · 60 ulasan · 37 foto,5 bintang,5 tahun lalu,"Punggur dah keren!!! Cakepp...
Stand nya masih sepi tapi.. … Lainnya",0,False,
Telaga Punggur Ferry Terminal,Akut Wibowo,True,Local Guide · 172 ulasan · 1.786 foto,4 bintang,8 tahun lalu,Sudah mulai selesai bangunan barunya. Mantap!,0,False,
Telaga Punggur Ferry Terminal,Gunawan Amin,True,Local Guide · 55 ulasan · 73 foto,4 bintang,5 tahun lalu,Pelabuhan fery antar pulau khusus dari pulau Bintan dan sekitar menuju ke pulau Batam.. Cukup ramai dan tersedia Area parkir yang luas.. Juga pelayanan yang tertib,1,True,
Telaga Punggur Ferry Terminal,diajeng sulastri,True,Local Guide · 72 ulasan · 124 foto,5 bintang,4 tahun lalu,"Sekarang sdh Baguss..
Mau ditingkatkan terus Malah..biar makin joss",0,False,
Telaga Punggur Ferry Terminal,Wong YoJo,True,Local Guide · 94 ulasan · 24 foto,4 bintang,6 tahun lalu,"Salah satu pelabuhan di pulau Batam. Dari pelabuhan ini berbagai armada kapal cepat melayani pelabuhan tujuan di pulau-pulau di berbagai penjuru Kepri.
Bangunan relatif masih baru, tapi fasilitas seperti rumah makan masih kurang memadai/nyaman.",0,False,
Telaga Punggur Ferry Terminal,weihan yao,True,Local Guide · 3 ulasan · 7 foto,2 bintang,9 tahun lalu,sudah direnovasi hampir 3 tahun tapi tidak selesai - selesai. sedih melihatnya,0,False,
Telaga Punggur Ferry Terminal,rusdi zulkarnain,True,Local Guide · 996 ulasan · 7.033 foto,4 bintang,8 bulan lalu,"TERMINAL FERRY TELAGA PUNGGUR melayani pemberangkatan/kedatangan ferry dan kapal roro ke beberapa jurusan seperti Tanjung Pinang, Pulau Singkep, Pulau Lingga atau Pelabuhan Tanjung Uban. … Lainnya",0,False,
Telaga Punggur Ferry Terminal,Gunawan channel,True,Local Guide · 124 ulasan · 43 foto,5 bintang,5 tahun lalu,"Tempatnya bersih,parkir kendaraan aman,cuma saya setiap kesitu nyebrang ke Tanjung Uban selalu naik speed boat,serasa naik kora kora,tapi kebetulan yang saya pernah jalanin catain nya handal handal,mantap pokok nya,ada yang lupa Prokes juga … Lainnya",1,False,
Telaga Punggur Ferry Terminal,Reza Maha,True,Local Guide · 3.821 ulasan · 15.365 foto,5 bintang,2 tahun lalu,Ferry ke Tanjung Pinang,0,True,
Telaga Punggur Ferry Terminal,Randy Thio張沅鑫,True,Local Guide · 224 ulasan · 416 foto,5 bintang,4 tahun lalu,"pelabuhan lokal untuk menuju ke tanjung pinang / pulau bintan
perubahannya masi nanggung tapi boleh lah dibanding sebelumnya
untuk akses masuk kapalnya tolong diatur biar ga berebutan dan cepat cepat masuk kapal",0,False,
Telaga Punggur Ferry Terminal,Fery Budiono,True,Local Guide · 153 ulasan · 417 foto,5 bintang,8 tahun lalu,"pelabuhan penyebrangan yg bagus,  bersih,  teratur, ada improvement dibanding 15 thn yg lalu",1,False,
Telaga Punggur Ferry Terminal,De Si,True,Local Guide · 252 ulasan · 580 foto,4 bintang,Diedit 3 tahun lalu,"Parkiran, area tunggu penumpang dll cukup luas dan bersih.

Parkir inap aman karena saya sering ke tanjung pinang 2 hari, motor saya parkirkan dipelabuhan sejauh ini masih aman",1,True,
Telaga Punggur Ferry Terminal,aly afifi,True,Local Guide · 345 ulasan · 945 foto,4 bintang,7 tahun lalu,"Pelayanan standart untuk terminal kapal, secara umum baik, bahkan sekarang ada peningkatan dengan lift sebagai penunjang sarana yang ada",0,False,
Telaga Punggur Ferry Terminal,Fatma vhey,True,Local Guide · 176 ulasan · 2.120 foto,4 bintang,7 tahun lalu,"Tempatnya udah lebih besar dari yang sebelumnya dan jauh lebih bagus.

Udah ada liftnya juga. Tempatnya bersih.
Semoga lebih bagus lagi yah",0,False,
Telaga Punggur Ferry Terminal,Joko Anggara,False,8 ulasan,5 bintang,5 tahun lalu,Pelabuhan sangat bagus bersih jalur tidak membingungkan pelayanannya sangat ramah👍⭐⭐⭐⭐🌟 …,0,False,
Telaga Punggur Ferry Terminal,Eko Purwanto,True,Local Guide · 68 ulasan · 15 foto,2 bintang,7 tahun lalu,Makanan dan minuman relatif terjangkau...ada mushalla buat sholat.,0,False,
Telaga Punggur Ferry Terminal,BoNa Fd07,True,Local Guide · 67 ulasan · 64 foto,5 bintang,3 tahun lalu,Bagus...,0,True,
Telaga Punggur Ferry Terminal,Rosa Lisda,True,Local Guide · 230 ulasan · 812 foto,4 bintang,3 tahun lalu,"Turun dari bandara kami langsung ke sini. Karna mau menyeberang ke Tanjung Pinang. Karna kami tibanya tengah hari, jadi lapar, makan dulu. Baru berangkat.",0,True,
Telaga Punggur Ferry Terminal,K O E N T J O R O,True,Local Guide · 154 ulasan · 9.638 foto,5 bintang,2 tahun lalu,kapal untuk nyebrang ke tj pinang nyaaa gak tentu jam nyaaa hemmmm,1,False,
Telaga Punggur Ferry Terminal,Spearfishing Jakarta,True,Local Guide · 95 ulasan · 191 foto,5 bintang,6 tahun lalu,Terminal kapal yg bersih dan tertib utk perjalanan anda,0,False,
Telaga Punggur Ferry Terminal,Rony “RoGuKa” Kalfarisi,True,Local Guide · 284 ulasan · 838 foto,5 bintang,Diedit 5 bulan lalu,"Mantap, Ferry nya tepat waktu, nyaman dan bersih. Tapi kalau penuh bisa ga dapat tempat duduk",0,True,
Telaga Punggur Ferry Terminal,Johan Joe,True,Local Guide · 58 ulasan · 99 foto,5 bintang,10 bulan lalu,Pelabuah telaga punggu sudah lumayan bagus,0,True,
Telaga Punggur Ferry Terminal,Galang Radi,True,Local Guide · 5 ulasan · 4 foto,1 bintang,5 bulan lalu,Pelayanan buruk,0,False,
Telaga Punggur Ferry Terminal,faber pangondian,True,Local Guide · 322 ulasan · 149 foto,4 bintang,Diedit setahun lalu,"Pelabuhan yg selalu ramai, bersih dan rapi ..Toilet perlu dijaga kebersihannya lebih beraih",0,False,
Telaga Punggur Ferry Terminal,Eko Suprianto,True,Local Guide · 302 ulasan · 250 foto,5 bintang,5 tahun lalu,"Nyebrang... pelabuhan dengan fasilitas yang bagus, mantap bersih",0,False,
Telaga Punggur Ferry Terminal,Adianto Meilano,True,Local Guide · 16 ulasan · 80 foto,2 bintang,9 tahun lalu,Parkirnya tidak rapi. Jalan oenuh dengan mobil. Semoga bisa dirapikan. Dan pembangunannya dipercepat penyelesaiannya.,0,False,
Telaga Punggur Ferry Terminal,dr. erie pama,True,Local Guide · 79 ulasan · 27 foto,5 bintang,2 tahun lalu,"Bagus viewnya , enak bwt merenung sambil  ngopi",0,False,
Telaga Punggur Ferry Terminal,gondres,True,Local Guide · 103 ulasan · 202 foto,4 bintang,6 tahun lalu,Msih prlu ditata lg tmpt parkirny,0,False,
Telaga Punggur Ferry Terminal,Yogi,True,Local Guide · 28 ulasan,5 bintang,7 tahun lalu,Biasanya disini selalu padat dan ramai. Pelabuhan penyebrangan antara Batam - Tanjung Pinang.,0,False,
Telaga Punggur Ferry Terminal,Kang Hadie,True,Local Guide · 561 ulasan · 1.282 foto,5 bintang,9 bulan lalu,2018 Pernah nyebrang dari tanjung pinang ke telaga punggur batam... kurang lebih 1 jam perjalanan laut dengan ferry cepat,0,False,
Telaga Punggur Ferry Terminal,Sabamhot pandiangan,True,Local Guide · 19 ulasan · 43 foto,5 bintang,2 tahun lalu,Bagusss bersih dan nyaman,0,True,
Telaga Punggur Ferry Terminal,Sarno Kasman,True,Local Guide · 18 ulasan · 78 foto,4 bintang,5 tahun lalu,"Lumayan lancar dimasa pandemi ini,tidak dipersulit untuk keluar daerah...",0,True,
Telaga Punggur Ferry Terminal,Syaiful Bahri Siregar,False,71 ulasan · 96 foto,3 bintang,9 tahun lalu,Sedang ada renovasi dan tempat masih kurang teratur.,0,False,
Telaga Punggur Ferry Terminal,Iben Benito,True,Local Guide · 153 ulasan · 1 foto,3 bintang,Diedit 3 tahun lalu,Lumayan sdh ada perubahan mejadi lebih baik,0,False,
Telaga Punggur Ferry Terminal,Antonius Panjaitan,False,8 ulasan · 5 foto,2 bintang,setahun lalu,Tiket kapal ro-ro menuju Kuala Tungkal dibilang habis lalu disarankan beli kepada agen di area itu juga,0,False,
Telaga Punggur Ferry Terminal,Rajhgun,True,Local Guide · 153 ulasan · 1.381 foto,4 bintang,3 tahun lalu,"Terminal keberangkatan domestik laut di daerah punggur. Tidak kalah bagus dengn terminal internasional. Bagus, bersih dan tertata rapi.",0,False,
Telaga Punggur Ferry Terminal,SRC AMALINA,True,Local Guide · 306 ulasan · 1.717 foto,4 bintang,Diedit 7 tahun lalu,"Menunggu kapal SATRIA PRATAMA , pengangkut mobil-mobil yang sempat terjebak berhari-hari di pelabuhan Buton.",0,True,
Telaga Punggur Ferry Terminal,Rissa Churria (Ummi Rissa),True,Local Guide · 188 ulasan · 2.397 foto,5 bintang,6 tahun lalu,"Terminal Ferry Telaga Punggur terletak di Jl. Patimura, Kabil, Kecamatan Nongsa, Kota Batam, Kepulauan Riau 29467.
Dari bandara Hang Nadim Batam ke Punggur hanya 20 menit saja menggunakan taxy. … Lainnya",1,False,
Telaga Punggur Ferry Terminal,fahmi Piranad,True,Local Guide · 377 ulasan · 305 foto,5 bintang,setahun lalu,Penyeberangan yg bersih dan ok,0,False,
Telaga Punggur Ferry Terminal,Rosmini Sihombing,True,Local Guide · 305 ulasan · 348 foto,5 bintang,6 tahun lalu,Semakin canti rapi pelabuhannya,0,True,
Telaga Punggur Ferry Terminal,Bangun Tua Harahap,True,Local Guide · 33 ulasan · 19 foto,4 bintang,8 bulan lalu,Lumayan bagus pelayanannnya,0,False,
Telaga Punggur Ferry Terminal,Esanov Putra,True,Local Guide · 49 ulasan · 4 foto,4 bintang,8 tahun lalu,Semakin rapi dan berbenah.. semoga selalu tambah baik,0,False,
Telaga Punggur Ferry Terminal,Meinaria Sidauruk,True,Local Guide · 27 ulasan · 5 foto,5 bintang,9 bulan lalu,"Pelabuhannya bersih, jadwalnya tepat waktu, petugasnya ramah",0,False,
Telaga Punggur Ferry Terminal,Dasalaku Samuel,True,Local Guide · 35 ulasan · 87 foto,5 bintang,3 tahun lalu,"Salah satu pelabuhan domestik di Batam, tujuan tanjung pinang, Kuala enok, Dabo singkep, Tanjung uban, lobam, dll",1,True,
Telaga Punggur Ferry Terminal,Luhur Setia,True,Local Guide · 112 ulasan · 7 foto,5 bintang,5 tahun lalu,Jalur menuju tanjung pinang .. tanjung uban...  pelabuhan tertata rapi dan tersedia parkir luas dapat menginap,0,False,
Telaga Punggur Ferry Terminal,Alexander Lumbangaol,True,Local Guide · 55 ulasan · 28 foto,5 bintang,8 tahun lalu,Ruang tunggu bagus n bersih. Tdk ada lagi calo,0,False,
Telaga Punggur Ferry Terminal,Winandy Gandung,True,Local Guide · 39 ulasan · 40 foto,5 bintang,7 tahun lalu,"Fasilitas sudah bagus dari beberapa tahun yg lalu, parkir yg agak susah,",0,False,
Telaga Punggur Ferry Terminal,Teguh Dinata,True,Local Guide · 151 ulasan · 67 foto,4 bintang,7 tahun lalu,"Harusnya barang dimasukan ke x ray, ini mah kalau org mau bawa barang2 terlarang lolos semua dah",0,False,
Telaga Punggur Ferry Terminal,Jeanette J,True,Local Guide · 664 ulasan · 524 foto,5 bintang,8 tahun lalu,"Terminal sdh diperbaharui, bersih, nyaman, pemandangan dr dlm melalui kaca, melihat laut yg indah.
Toilet bersih, ada eskalator unt turun ke dermaga",0,False,
Telaga Punggur Ferry Terminal,dewanto,True,Local Guide · 261 ulasan · 562 foto,4 bintang,Diedit 3 tahun lalu,Terminal Ferry yang aman dan nyaman,1,True,
Telaga Punggur Ferry Terminal,Jekson Maruli Tua,False,4 ulasan · 1 foto,5 bintang,sebulan lalu,Bagus dan tertip. Toilet nya sidikit lebih di perhatikan kebersihan nya,0,False,
Telaga Punggur Ferry Terminal,U Dee Batam,True,Local Guide · 66 ulasan · 154 foto,3 bintang,Diedit 2 tahun lalu,"Sudah lumayan, tapi dibeberapa point mesti ada perbaikan atau peningkatan lagi.
Space parkir sangat sedikit untuk ukuran pelabuhan utama antar pulau",0,False,
Telaga Punggur Ferry Terminal,Mita Tjahyani,True,Local Guide · 203 ulasan · 561 foto,4 bintang,8 tahun lalu,"Penyeberangan ke Tanjung Pinang, ke Tanjung Uban ( dng kapal Roro unt yg bawa kendaraan butuh waktu 1 jam tiket mobil Rp. 227rb ). Dan bisa naik sped yg hanya 15 menit dng kapasitas 40 orang. Tiket 47rb per orang.",0,True,
Telaga Punggur Ferry Terminal,Mabnia Nibseam,False,7 ulasan · 9 foto,4 bintang,7 tahun lalu,Tempat belum sepenuh nya selesai pembangunan,0,True,
Telaga Punggur Ferry Terminal,"Andri Arianto, S.H",False,116 ulasan · 199 foto,5 bintang,8 tahun lalu,Makin keren meski masih banyak struktur bangunan yang belum tuntas keliatannya..,1,True,
Telaga Punggur Ferry Terminal,Maria Magdalena,True,Local Guide · 183 ulasan · 23 foto,3 bintang,7 tahun lalu,Mencukupi untuk pelabuhan. Dan kalau berniat jalan ke pelabuhan sebaiknya naik ke pelabuhan ini karena dekat.,0,False,
Telaga Punggur Ferry Terminal,Fikry Hermansyah,True,Local Guide · 11 ulasan · 4 foto,5 bintang,3 bulan lalu,"Selama pengalaman naik Ferry atau Kapal Roro, Terminal ini yang aku suka, bukan cuma karena pelayanan bagus, tapi tempatnya yang dekat dengan posisi warung makan & pedagang roti, yang tidak jauh dari pelabuhan.",0,True,
Telaga Punggur Ferry Terminal,Deus Blasphemic,False,15 ulasan,1 bintang,6 tahun lalu,"Salah satu pelabuhan utama ke Tj. Pinang, tapi tidak banyak pilihan transportasi darat. Dikuasai oleh mafia taxi pangkalan",1,False,
Telaga Punggur Ferry Terminal,to sin,True,Local Guide · 186 ulasan · 205 foto,4 bintang,7 tahun lalu,Buat pengunjung pelabuhan harap berhati-hati menggunakan transportasi umum didaerah ini. Sebaiknya gunakan transportasi umum resmi Trans Batam. Hindari ojek pangkalan atau taksi pangkalan yg memasang tarif sesuka hati. Jangan mengorder Ojek online atau taksi online karena akan mengakibatkan keributan dan ketidaknyamanan.,0,False,
Telaga Punggur Ferry Terminal,Mulyadi,True,Local Guide · 416 ulasan · 1.115 foto,2 bintang,6 tahun lalu,Terminalnya masih dalam proses pengerjaan dan mangkrak sudah 1tahun lebih,0,False,
Telaga Punggur Ferry Terminal,erwin pasha official,True,Local Guide · 20 ulasan · 5 foto,4 bintang,2 tahun lalu,Speed ke tanjung uban selalau bawa penumpang kelebihan muatan...,0,False,
Telaga Punggur Ferry Terminal,susita sita,False,9 ulasan · 3 foto,5 bintang,6 tahun lalu,"Karena kita negara kepulauan, maritim, untuk ke Tanjung pinang, perlu menyeberangi pulau di pelabuhan punggur,.cukup baik dari segi pelayanan ny,  dan  lumayan untuk  kapalny cukup nyaman. Harga tiketny jg terjangkau",1,False,
Telaga Punggur Ferry Terminal,Sulfan Efendi,True,Local Guide · 72 ulasan · 4 foto,4 bintang,Diedit 4 bulan lalu,Halte  dibikin tempat parkir  jadi kakau kita menurunkan penumpang susah dan halte terlalu dekat dengan gate keluar mobil dari pelabuhan mohon ditertipkan mobil yg parkir trmks,0,False,
Telaga Punggur Ferry Terminal,Arko,True,Local Guide · 27 ulasan · 35 foto,4 bintang,setahun lalu,Check in online bikin susah,0,True,
Telaga Punggur Ferry Terminal,Bangparoh (bangparoh),True,Local Guide · 116 ulasan · 165 foto,5 bintang,Diedit 3 tahun lalu,"Salah satu pelabuhan terbersih, sangat disayangkan ojol masih gg bisa masuk pelabuhan,",0,False,
Telaga Punggur Ferry Terminal,Nengah Adiyasa,True,Local Guide · 102 ulasan · 189 foto,4 bintang,6 tahun lalu,Sudah lebih baik setelah gedung barunya dibuka,0,False,
Telaga Punggur Ferry Terminal,Novi Yansyah,False,3 ulasan · 15 foto,4 bintang,3 bulan lalu,"Lumayan bagus, arus mudik tidak ribet, tidak ngantri, minus ruang kurang pelabuhan pendinginan, terasa sedikit panas",0,True,
Telaga Punggur Ferry Terminal,Guntur Yudha Prawira,True,Local Guide · 181 ulasan · 1.600 foto,3 bintang,8 tahun lalu,"Hati2 dalam pembelian tiket.. jangan percaya dengan jam keberangkatan  yang di tempel di loket.pastikan jangan terkecoh. Tanyakan jam keberangkatan., Lihat kapalnya terlebih dahulu.
*Pengalaman pribadi..",1,True,
Telaga Punggur Ferry Terminal,Hhadiyat,True,Local Guide · 271 ulasan · 1.614 foto,4 bintang,2 tahun lalu,"Terminalnya bersih dan rapi. Proses drop off penumpang, pembelian tiket dan masuk ke kapal sangat mudah. Harga tiket nyeberang ke Tanjung Pinang Rp. 79rb  per org (2023). Tersedia eskalator dan lift utk penyandang disabilitas. Utk urusan … Lainnya",1,True,
Telaga Punggur Ferry Terminal,nurdin _,True,Local Guide · 62 ulasan · 1.156 foto,4 bintang,7 tahun lalu,"Sekarang pelabuhan ini sudah bagus & menggunakan eskalator untuk menaiki second floor, juga kebersihan terjaga",0,True,
Telaga Punggur Ferry Terminal,Abdullah Munir Soko,True,Local Guide · 19 ulasan · 11 foto,5 bintang,3 tahun lalu,"Sangat baik,
Fasilitas area parkir roda dua dan empat tersedia dan terpantau aman.",0,False,
Telaga Punggur Ferry Terminal,ali topan,True,Local Guide · 32 ulasan · 1 foto,5 bintang,3 tahun lalu,Sudah menjadi fasilitas pelabuhan yg baik,1,False,
Telaga Punggur Ferry Terminal,Cisworo 67,True,Local Guide · 27 ulasan · 10 foto,4 bintang,6 tahun lalu,Terminal penyebrangan antarn kota dan antar pula yg nyaman dan tertib,0,False,
Telaga Punggur Ferry Terminal,Fikri Irpan Fauzi,True,Local Guide · 15 ulasan · 247 foto,5 bintang,7 tahun lalu,Mempermudah perjalanan laut 👍 …,0,True,
Telaga Punggur Ferry Terminal,Hengky Suryanto,True,Local Guide · 11 ulasan · 6 foto,5 bintang,8 tahun lalu,Bagus Pelabuhannya sudah seperti bandara hanya x ray blum jalan,0,False,
Telaga Punggur Ferry Terminal,supriadi,True,Local Guide · 21 ulasan · 13 foto,5 bintang,Diedit 7 tahun lalu,Cukup nyaman dan yang serunya banyaknya jajanan yang dijual disekitar,1,False,
Telaga Punggur Ferry Terminal,Marsiska Amelia,True,Local Guide · 9 ulasan · 8 foto,5 bintang,3 tahun lalu,Pelayanan dari kru kapal ramah... Dan pelayanan penjual tiket dan bapak pas masuk boarding pas ramah.sampai saya salah jalan pun ditunjukkan jalan oleh bapak nya disana karna masih bingung. Alhamdulillah,1,True,
Telaga Punggur Ferry Terminal,munir rubiakto,True,Local Guide · 23 ulasan · 26 foto,5 bintang,setahun lalu,Nyeberang ke pinang bayar 80.500 pp 161k sudah termasuk retribusinya. Dikapal nyaman sekali..perjalanan 1jam kurang lebihnya.,0,False,
Telaga Punggur Ferry Terminal,Desmayu,True,Local Guide · 189 ulasan · 289 foto,5 bintang,7 tahun lalu,Pelabuhan yang mulai berkembang mnjadi yg lebih baik.. pelayanannya dn bangunan gedungnya.. yahh walau skrg klo mau berangkat harus lewat gedung atas baru turun kebwh.. udh lumayan baik sih.. nah klo kedatangan kita dr gedung bwah klo mau naik taxi angkutan umum gitu harus jalan ke atas lagi.. krn gedung bwah byk parkir mobil..,0,False,
Telaga Punggur Ferry Terminal,Gerhana Ml,True,Local Guide · 54 ulasan · 407 foto,4 bintang,7 tahun lalu,Terminal domistik yg udah di ubah dengan bentuk yg modern....dan canggih.... kenyamanan serta keamanan yg terjaga...,0,True,
Telaga Punggur Ferry Terminal,adzkiya fatimah azzahra,False,2 ulasan,4 bintang,7 tahun lalu,Smakin baik dan bagus Walaupun msh dlm perbaikan...,0,False,
Telaga Punggur Ferry Terminal,Sudarsono Pulaujung,True,Local Guide · 89 ulasan · 80 foto,4 bintang,Diedit 4 tahun lalu,"Mantap
Sebagai salah satu pelabuhan penyeberangan antar pulau di kepri",2,True,
Telaga Punggur Ferry Terminal,LDR BATAM,True,Local Guide · 18 ulasan · 8 foto,5 bintang,8 tahun lalu,Area dibawah gedung baru menjadi area parkir mobil sementara,2,True,
Telaga Punggur Ferry Terminal,Wira HD,True,Local Guide · 73 ulasan · 31 foto,5 bintang,5 tahun lalu,"Pelabuhan laut batam ke tanjungpinang... Bagi yg berpergian di masa pandemi, cukup mengisi eHAC dan menjaga jarak.. Di pintu masuk ada sensor suhu tubuh tinggal arahkan telapak tangan ke sensor, jd mengurangi antrian",0,False,
Telaga Punggur Ferry Terminal,Yulius Birama Yogya,True,Local Guide · 154 ulasan · 27 foto,5 bintang,Diedit 6 bulan lalu,"Pelabuhan domestik yang melayani Tanjung Pinang Dan Tanjung Uban dengan ruang tunggu yg lega
Juga dilengkapi dengan parkir inap yang aman dan nyaman",0,True,
Telaga Punggur Ferry Terminal,DAMON OFFICIAL,True,Local Guide · 11 ulasan · 17 foto,1 bintang,5 tahun lalu,Kotor dan tidak nyaman karna banyak taxi pangkalan yg arogan dan kurang sopan,1,False,
Telaga Punggur Ferry Terminal,Luluk Panjalu,True,Local Guide · 36 ulasan · 101 foto,4 bintang,8 tahun lalu,"Gedung baru, jalan layang ok, lahan parkir blm semen,",0,False,
Telaga Punggur Ferry Terminal,Chrisnico Adli,True,Local Guide · 183 ulasan · 378 foto,4 bintang,8 tahun lalu,Akan dikasih bintang 5 jikalau pelabuhan barunya sudah resmi digunakan,0,False,
Telaga Punggur Ferry Terminal,Hasbullah Sentra,True,Local Guide · 108 ulasan · 233 foto,5 bintang,7 tahun lalu,Pelayanannya sudah mulai bagus dan fasilitas semakin baik namun sepertinya manajemen pelabuhannya kurang optimal,0,False,
Telaga Punggur Ferry Terminal,Lukman nil hakim,True,Local Guide · 90 ulasan · 53 foto,3 bintang,Diedit 5 tahun lalu,Kita tidak perlu menunggu lama untuk keberangkatan ke kota tanjungpinang,4,False,
Telaga Punggur Ferry Terminal,Tri Hadmanto,True,Local Guide · 129 ulasan · 95 foto,4 bintang,6 tahun lalu,"Gedungnya masih baru, namun angkutan dari dan  ke kota harus diatur lebih baik lagi",0,False,
Telaga Punggur Ferry Terminal,Semua Tentang Batam,True,Local Guide · 185 ulasan · 2.243 foto,5 bintang,8 tahun lalu,".
Pelabuhan Telaga punggur akan disulap sebesar Mall Kakak.
Badan Pengusahaan (BP) Batam masih terus melakukan perbaikan Pelabuhan Domestik … Lainnya",1,False,
Telaga Punggur Ferry Terminal,Ajid Gaming,True,Local Guide · 49 ulasan · 171 foto,4 bintang,8 tahun lalu,"Pelabuhan dan fasilitasnya sudah terlihat mewah dan bagus, Hanya masih terlalu banyak space kosong jadi terlihat sepi",0,False,
Telaga Punggur Ferry Terminal,Jay Cole,True,Local Guide · 571 ulasan · 1.486 foto,4 bintang,6 tahun lalu,"Pelabuhannya sudah direnovasi tetapi pelayanannya harus ditingkatkan juga. Seperti penjempuyan taxi online belum bisa dipelabuhan ini, harusnya batam sudah mengikuti negara-negara tetangga lainnya.",1,False,
Telaga Punggur Ferry Terminal,Desy AR,True,Local Guide · 59 ulasan · 55 foto,5 bintang,7 tahun lalu,"Ini pelabuhan bisa menuju pulau Bintan, pulau yang begitu indah , karena saya dan keluarga telat naik kapal Ferry, kami memutuskan untuk naik jet poil/sevitbut wadaw super super ngebut, mantappppp",0,False,
Telaga Punggur Ferry Terminal,Aldi Finoto,True,Local Guide · 114 ulasan · 141 foto,5 bintang,2 tahun lalu,"Bgus
Bersih
Nyaman",0,True,
Telaga Punggur Ferry Terminal,Tapak suci Pimda 336,True,Local Guide · 32 ulasan · 47 foto,5 bintang,5 tahun lalu,Tertip terlayani dengan ramah,0,True,
Telaga Punggur Ferry Terminal,Randy Ardhani,True,Local Guide · 57 ulasan · 58 foto,5 bintang,8 tahun lalu,Pelabuhannya bagus. Jadwal kapal tepat waktu,0,False,
Telaga Punggur Ferry Terminal,Muhammad Rafiq,True,Local Guide · 292 ulasan · 1.871 foto,5 bintang,2 tahun lalu,Tempat yang merindukan.,0,True,
Telaga Punggur Ferry Terminal,kasdianto kasdianto,True,Local Guide · 206 ulasan · 175 foto,5 bintang,8 tahun lalu,"Salah satu akses penting menuju kota Tanjungpinang,  dan nyaman pelayanannya",0,False,
Telaga Punggur Ferry Terminal,Sutarmi Syafri,False,4 ulasan · 8 foto,5 bintang,5 bulan lalu,Terminalnya nyaman dan luar biasa,0,False,
Telaga Punggur Ferry Terminal,Iwan Lovina,True,Local Guide · 139 ulasan · 31 foto,3 bintang,5 tahun lalu,"Untuk parkiran nya gak ikuti aturan perda tentang parkir yg 15 menit pertama free,bukan masalah 2000 nya tapi tentang aturan apalagi pelabuhan BP Batam sendiri",1,False,
Telaga Punggur Ferry Terminal,detra,True,Local Guide · 232 ulasan,3 bintang,Diedit 9 bulan lalu,Tempat turun taxi ke tpt jual tiket jaraknya lumayan jauh. Dari tpt tiket ke tot scan barcode jg jauh. Akses utk kursi roda ribet,0,False,
Telaga Punggur Ferry Terminal,Channel YouTube LAMBE MUNCIS,True,Local Guide · 2.187 ulasan · 4.558 foto,5 bintang,Diedit 8 tahun lalu,Pelabuhannya sekarang tambah kece.,0,True,
Telaga Punggur Ferry Terminal,Imam Kurniawan,True,Local Guide · 144 ulasan · 396 foto,5 bintang,6 bulan lalu,"Tempat pulang pergi nya penumpang kapal atau pun roro terbaik di batam....

Terkadang juga sering dijadikan tmpt transaksi kirim barang luar pulau, sudah jarang terjadinya keributan antar pangkalan ojek didaerah tersebut...",0,True,
Telaga Punggur Ferry Terminal,Sigalingging Tv,False,1 ulasan,1 bintang,setahun lalu,"Saya apresiasi dengan kapal tapi tidak dengan semua petugasnya, judes ngomongnya ga sopan belum lagi ketika kita bertanya ke petugas malah mukannya kayak mesem mesem padahal ini first time saya naik kapal roro, jadi bertanya gimna attitude pelayananya di training atau tidak ada trainingnya",0,False,
Telaga Punggur Ferry Terminal,Brando Sagala,True,Local Guide · 62 ulasan,1 bintang,7 tahun lalu,Tidak nyaman bagi pengguna taxi online.....ditempat ini hak kita sebagai pengunjung yang datang kebatam tidak bebas,1,False,
Telaga Punggur Ferry Terminal,jauhar mubarok,True,Local Guide · 147 ulasan · 346 foto,5 bintang,6 tahun lalu,"Pelabuhan Punggur demikian biasa disebut. Punggur merupakan pelabuhan ferry untuk rute/tujuan domestik. Dari pelabuhan punggur melayani penyeberangan menuju tanjungpinang, daik, jagoh, tanjunguban, karimun, dan pulau lainnya. … Lainnya",0,False,
Telaga Punggur Ferry Terminal,אב יצחק,True,Local Guide · 158 ulasan · 201 foto,5 bintang,7 tahun lalu,"Tahun 2019 merupakan mudik yang paling mudah walaupun awalnya sangat membingungkan ketika masuk pelabuhan ini.
Penataan ruangan masuk sudah sangat rapi dan nyaman, berbeda dari tahun-tahun … Lainnya",0,False,
Telaga Punggur Ferry Terminal,PITA,True,Local Guide · 13 ulasan · 19 foto,5 bintang,6 tahun lalu,"Pelabuhan sdh oke, tampilannya sudah standar internasional.",0,False,
Telaga Punggur Ferry Terminal,muhammad munib,True,Local Guide · 261 ulasan · 221 foto,5 bintang,Diedit 7 tahun lalu,"Mantab gan, kondisi dah 100%",0,True,
Telaga Punggur Ferry Terminal,RaiN Rush official lyric,True,Local Guide · 219 ulasan · 21 foto,5 bintang,6 tahun lalu,Aman buat yang ingin berseberang pulau dengan santai..,0,False,
Telaga Punggur Ferry Terminal,awie w,False,9 ulasan · 1 foto,1 bintang,setahun lalu,Utk yg nunggu dipelabuhn roro kurang tmpt duduknya... Mau duduk kursi kosong pegawai tak ijinkan tp ttp ada org lain yg duduk g jelas pegawainya!!! Klu bs tambh lg kursi utk nunggu kapal yg lm bgt! Udah gt utk apa beli online jam nya blh … Lainnya,0,False,
Telaga Punggur Ferry Terminal,NEO BATAM,True,Local Guide · 99 ulasan · 3 foto,5 bintang,3 tahun lalu,Lokasi saat ini sudah semakin luas dan nyaman lahan parkir juga luas,1,False,
Telaga Punggur Ferry Terminal,ifdil jamal,True,Local Guide · 16 ulasan · 117 foto,5 bintang,5 tahun lalu,sudah jauh lebih nyaman,0,True,
Telaga Punggur Ferry Terminal,Ir Buang Yeo,True,Local Guide · 17 ulasan · 9 foto,3 bintang,7 tahun lalu,Masih dalam tahap finishing sehingga masih belum nyaman,0,False,
Telaga Punggur Ferry Terminal,HengkiApr 01,True,Local Guide · 39 ulasan · 127 foto,5 bintang,3 tahun lalu,Pelabuhan nya bersih cepat dengan halte bis juga dekat,0,True,
Telaga Punggur Ferry Terminal,Syam Andi,True,Local Guide · 4 ulasan · 7 foto,3 bintang,setahun lalu,"Aturan kurang ketat dalam pembelian tiket,, masih banyak calo yg dpt membuat kapal over kapasitas.. semoga kedepannya lebih baik dan teratur..",1,True,
Telaga Punggur Ferry Terminal,Arif Yogi,True,Local Guide · 98 ulasan,5 bintang,7 tahun lalu,Petugasnya ramah... sayang kadang poter suka berebut,0,False,
Telaga Punggur Ferry Terminal,dag's,True,Local Guide · 193 ulasan · 622 foto,5 bintang,9 tahun lalu,"Salah satu pelabuhan speed dari Pulau Batam menuju Pulau Bintan, bisa ke Tanjung Uban maupun Tanjung Pinang 😎 …",0,False,
Telaga Punggur Ferry Terminal,J M,True,Local Guide · 38 ulasan · 76 foto,5 bintang,6 tahun lalu,"Oke Pelabuhannya ^ _ ^, Kapalnya enak meskipun banyak bau makanan karena wajar kan para penumpang makan 😊. …",0,False,
Telaga Punggur Ferry Terminal,Powo Salim,True,Local Guide · 65 ulasan · 243 foto,5 bintang,6 tahun lalu,"Pelabuhan domestik akses keluar batam dengan tujuan
Tj. Pinang,  tj. Uban . Dan ke pulau pulau yg lain",0,False,
Telaga Punggur Ferry Terminal,Rhylsi,True,Local Guide · 205 ulasan · 1.735 foto,5 bintang,Diedit 3 tahun lalu,"Bersihh selaluu, no comment hehe
untuk harga tiket rasanya setahun udah naik 😂 .. lumayan juga kalo batam pp tanjungpinang
tiketnya 69k + 10k …",2,True,
Telaga Punggur Ferry Terminal,Fitri Yenti,True,Local Guide · 24 ulasan · 15 foto,4 bintang,8 tahun lalu,Pelabuhannya dah rapi sekarang..beda banget sm dulu.semoga bisa dipelihara dg baik,0,False,
Telaga Punggur Ferry Terminal,dj mar3art,True,Local Guide · 17 ulasan · 21 foto,3 bintang,6 tahun lalu,Bersih sepi sunyi senyap karena corona,0,True,
Telaga Punggur Ferry Terminal,Jongos Miskin,True,Local Guide · 48 ulasan · 108 foto,1 bintang,7 tahun lalu,"Layanan boardingnya kurang jadi tdk tau ferry di posisi mana,  kurang ramah sekelilingny",0,False,
Telaga Punggur Ferry Terminal,Richie Fadheli STORY,True,Local Guide · 11 ulasan · 29 foto,5 bintang,5 tahun lalu,Tiap hari dimari.. Karena kantor nya dimari... Hihi,0,False,
Telaga Punggur Ferry Terminal,Golden Land,False,3 ulasan,1 bintang,setahun lalu,"Petugas kasir di pembelian tiket selalu pura-pura lupa mengembalikan uang penumpang.
Walaupun hanya Rp500,- tetapi kebiasaan itu membuat kesal juga.",0,False,
Telaga Punggur Ferry Terminal,Toto Suhadi,True,Local Guide · 5 ulasan · 12 foto,5 bintang,3 tahun lalu,"Pelabuhan penyebrangan utk pulang kampung (Tg.Pinang) dgn naik kapal yg mengasikkan.
Trimks.",0,True,
Telaga Punggur Ferry Terminal,Han Rizky,True,Local Guide · 119 ulasan · 1.232 foto,4 bintang,8 tahun lalu,"Pelabuhan ferry ini sedang direnovasi, sangaaaaaaat lama renovasinya, bertahun-tahun tak selesai. Alhamdulillah sdh bisa digunakan",0,False,
Telaga Punggur Ferry Terminal,Alient Traveller,True,Local Guide · 18 ulasan · 10 foto,5 bintang,Diedit 5 tahun lalu,Ruang tunggunya nyaman banget apa lagi sekarang banyak tempat tongkrongan kalau nunggu kenrangkatan bisa sambil ngopi cantik di MB,0,True,
Telaga Punggur Ferry Terminal,guntur sukoco,True,Local Guide · 186 ulasan · 1.200 foto,5 bintang,7 tahun lalu,salah satu terminal penerbangan yang dikelola cukup baik oleh pemerintah baik fasilitas yang berada di dalamnya agen-agen penjualan nya dan juga pelayaran yang luar biasa seperti bandara terdapat sebuah lift eskalator yang memudahkan para … Lainnya,2,False,
Telaga Punggur Ferry Terminal,Suhe Aja,True,Local Guide · 211 ulasan · 127 foto,5 bintang,7 tahun lalu,"Tempatnya bagus, petunjuk cukup informatif, tersedia jalur untuk kursi roda",0,False,
Telaga Punggur Ferry Terminal,Icap Jendral,True,Local Guide · 29 ulasan · 181 foto,5 bintang,8 tahun lalu,Pelayanan lumayan memuaskan,0,True,
Telaga Punggur Ferry Terminal,M. Sofuan Iwan,True,Local Guide · 34 ulasan · 88 foto,4 bintang,5 tahun lalu,"Pelayanan yg cukup memuaskan.
Tingkatkan terus jasa pelayanannya dan semoga sukses selalu",0,False,
Telaga Punggur Ferry Terminal,kurniasih Bantul3,False,5 ulasan · 12 foto,5 bintang,4 bulan lalu,Tempat penyeberangan dari Batam  ke Pulau Singkep   lumayan rame jika hari raya. Hanya fasilitas kurang luas ruang tunggunya. Tapi pemandangan sekitar sangat bagus lautnya tenang pokoke ok lah,0,True,
Telaga Punggur Ferry Terminal,novi Sianipar,True,Local Guide · 64 ulasan · 110 foto,3 bintang,7 tahun lalu,Tidak ada troli untuk membawa barang-barang.. Harus bayar kuli panggul 50k,0,False,
Telaga Punggur Ferry Terminal,Lina Whizz,True,Local Guide · 152 ulasan · 277 foto,3 bintang,7 tahun lalu,"Ferry ke tj uban bintan start dari jam 7-18:00 wib. Harga dari punggur 53rb, dari uban 42rb. Perjalanan dengan speed boat sekitar 15-20 menit, transportasi masuk dan keluar punggur yang agak susah. Jika dengan taxi suka digetok sekitar 100-150rb dengan tujuan batam centre",1,True,
Telaga Punggur Ferry Terminal,Abdul Rohim,True,Local Guide · 109 ulasan · 38 foto,5 bintang,8 tahun lalu,"Gedung bagus.
Cuma kurang petunjuk arah. Apalagi ini gedung baru.
Jalan satu arah. … Lainnya",0,False,
Telaga Punggur Ferry Terminal,Soleh Gustiar,False,4 ulasan · 7 foto,1 bintang,setahun lalu,"Parkir kacau balau, sistem tiketing tidak berjalan baik, masih banyak penumpang membayar tiket di dalam speedboat",0,False,
Telaga Punggur Ferry Terminal,Laut,True,Local Guide · 13 ulasan · 87 foto,2 bintang,5 bulan lalu,"Sistem onboarding Aneh, Udah tau kapasitas kursi kapal terbatas masih maksa Sampai Gak ada tempat duduk yang tersisa",0,True,
Telaga Punggur Ferry Terminal,Boby Gunarso,True,Local Guide · 104 ulasan · 867 foto,4 bintang,7 tahun lalu,"interior bersih, tapi sayangnya di luar kesannya agak tandus. akan lebih baik jika diperbanyak pepohonan dan aspal jalan masuk diperbaiki.",0,False,
Telaga Punggur Ferry Terminal,BELLOH YELLOH,False,3 ulasan · 1 foto,2 bintang,setahun lalu,"Tmpt wudhu ditutup kalo setelah subuh jadi harus nyari westafel, menurutku itu aj yg menurutku kecewa, yg lainnya oklah",0,False,
Telaga Punggur Ferry Terminal,tri muljono,True,Local Guide · 320 ulasan,4 bintang,7 tahun lalu,Kebersihan tempat bagus keamanan oke porter mantap ..,0,False,
Telaga Punggur Ferry Terminal,heri desprianto,True,Local Guide · 204 ulasan · 147 foto,4 bintang,7 bulan lalu,Bersih n rapi,0,True,
Telaga Punggur Ferry Terminal,acua acua,True,Local Guide · 8 ulasan,3 bintang,3 bulan lalu,"kurang profesional dalam masalah antrian penumpang saat mau boarding dan masuk ke kapal, diharapkan kepada operator kapal ferry dapat menerapkan kembali no kursi penumpang sesuai yg tertera pada tiket penumpang saat pembelian tiket",0,False,
Telaga Punggur Ferry Terminal,Budi Ahmad,True,Local Guide · 25 ulasan,5 bintang,7 tahun lalu,"Pelayanannya nyaman, bagus dan terasa seperti di bandara",0,False,
Telaga Punggur Ferry Terminal,Haryo S Nugroho,True,Local Guide · 173 ulasan · 163 foto,5 bintang,3 tahun lalu,Pelabuhan untuk penyeberangan ke tj Uban dan tj pinang. Bulan desember sampai awal Februari lumayan juga gelombangnya diabnding bulan bulan yg lain,0,False,
Telaga Punggur Ferry Terminal,All Anambas,True,Local Guide · 25 ulasan · 47 foto,5 bintang,7 tahun lalu,Sangat bagus dgn kondisi yg sekarang,0,False,
Telaga Punggur Ferry Terminal,Guardian Hasibuan,True,Local Guide · 231 ulasan · 97 foto,3 bintang,8 tahun lalu,Masih tahap pembangunan jadi belum rapi. Nanti kalau udah nampak hasil akhirnya baru deh di kasi bintang 5. Transportasi online gak bisa masuk kesini.,0,False,
Telaga Punggur Ferry Terminal,arlin natalia,True,Local Guide · 90 ulasan · 113 foto,5 bintang,Diedit 3 tahun lalu,Bagus... Rapih Dan bersih juga nyaman.,0,True,
Telaga Punggur Ferry Terminal,Imam Mustofa,True,Local Guide · 190 ulasan · 65 foto,3 bintang,7 tahun lalu,Tempatnya semakin bagus dan rapi tetapi parkiran masih blm tertata dan lift masih belum sering berfunsi kasihan orang tua atau orang yg menggunakan tongkat,0,False,
Telaga Punggur Ferry Terminal,Bang_74cK,True,Local Guide · 363 ulasan · 654 foto,4 bintang,3 tahun lalu,Okeh,0,True,
Telaga Punggur Ferry Terminal,Yudi Handoko,True,Local Guide · 61 ulasan · 33 foto,4 bintang,Diedit 2 tahun lalu,"Bersih, parkir luas,  kurang dingin.",0,False,
Telaga Punggur Ferry Terminal,FERDIAN DWI FITRA,True,Local Guide · 88 ulasan · 221 foto,5 bintang,setahun lalu,"Pelabuhan Yang sangat besar
Ada beberapa Kapal yang bisa kita naiki
seperti Kapal Ferry, Kapal Roro, Dan Kapal Speed boat … Lainnya",1,True,
Telaga Punggur Ferry Terminal,Lani Puspita,True,Local Guide · 245 ulasan · 118 foto,4 bintang,7 tahun lalu,"Pelabuhan menuju Tanjung Pinang, Tanjung Uban, Dabo Singkep, Sungai Tenam, & Anambas.",0,False,
Telaga Punggur Ferry Terminal,Awang Maulhana,True,Local Guide · 125 ulasan · 15 foto,5 bintang,7 tahun lalu,Tempat yang tak pernah sepi. Semoga pembangunnanya lekas selesai.,0,False,
Telaga Punggur Ferry Terminal,Zulkarnain,True,Local Guide · 43 ulasan · 7 foto,5 bintang,8 tahun lalu,Terimakasih banget infonya sangat teratur Dan mudah akses di pelabuhan telaga Punggur,0,False,
Telaga Punggur Ferry Terminal,Mairizon Chaniago,True,Local Guide · 11 ulasan · 98 foto,4 bintang,3 tahun lalu,Diharapkan kapal penyebrangan ke sumatera di ganti lebih besar,0,False,
Telaga Punggur Ferry Terminal,Yana Puspita,False,3 ulasan,2 bintang,5 bulan lalu,"Pertama ke sini karena pindah tugas, bawa barang pindahan, jelas banyak.  Dari depan sampe kapal sejauh itu gak ada troli sebiji biji. Padahal itu  hal utama dalam sebuah layanan transportasi publik seperti pelabuhan kapal penumpang. … Lainnya",0,False,
Telaga Punggur Ferry Terminal,073_ Nanda D Kartika,True,Local Guide · 109 ulasan · 508 foto,3 bintang,8 tahun lalu,"Yah setidaknya lebih baik dari pada roro punya.
Buatin kursi2 buat yang nunggu2 kenapa...
Lelah tauk, nunggu kapal selanjutnya. Aigoo",0,False,
Telaga Punggur Ferry Terminal,Soni Herawan,True,Local Guide · 22 ulasan · 8 foto,4 bintang,5 tahun lalu,"Ramah peduli ,tepat waktu",0,True,
Telaga Punggur Ferry Terminal,rizal koto,True,Local Guide · 295 ulasan · 24 foto,4 bintang,2 bulan lalu,"Secara umum sudah ok, lengkap petunjuk nya, sip sih",0,False,
Telaga Punggur Ferry Terminal,Stephanie Young,True,Local Guide · 66 ulasan · 311 foto,1 bintang,7 tahun lalu,"Pelabuhannya oke, yang gak oke itu kita didekatin dan diikutin terus""an sma taxi pangkalan disitu.",0,False,
Telaga Punggur Ferry Terminal,Hadiyatno,True,Local Guide · 15 ulasan · 22 foto,5 bintang,2 tahun lalu,rute perjalanan mudik ke bintan😍 …,0,False,
Telaga Punggur Ferry Terminal,zafran arka,True,Local Guide · 93 ulasan · 122 foto,5 bintang,7 tahun lalu,"Terminal punggur sekarang sudah tambah bagus rapi dan bersih...semoga kedepannya tambah bagus..saran saya untuk ke tanjung pinang gunakan kapal oceana selain tiketnya murah, kapal on time didalam kapal ada yang jual aqua, teh botol dan mie gelas..perjalanan nyaman dan waktu tempuh antara 45 menit sampai 1 jam perjalanan.",0,True,
Telaga Punggur Ferry Terminal,Rumzi Rumzi,True,Local Guide · 56 ulasan · 8 foto,3 bintang,7 tahun lalu,Ini pelabuhan penghubung Tanjungpinang Batam .... 30 menit sdh sampai bandara hang Nadim Batam,0,False,
Telaga Punggur Ferry Terminal,Andri Palapa,True,Local Guide · 354 ulasan · 399 foto,5 bintang,setahun lalu,Terminal ferry penyebrangan ke Tanjung Pinang. Fasilitasnya lengkap. Lokasinya bersih.,0,True,
Telaga Punggur Ferry Terminal,Tiang Grage,True,Local Guide · 100 ulasan · 179 foto,4 bintang,7 tahun lalu,"Bangunan baru lebih elegan dan bersih
Jasa taxi sudah lebih teratur namun belum memungkinkan untuk angkutan berbasis online",0,False,
Telaga Punggur Ferry Terminal,deni safroni,True,Local Guide · 51 ulasan · 18 foto,5 bintang,6 tahun lalu,"Semenjak renovasi pelabuhan nya makin paten, bukan kaleng2 😄👍 …",0,False,
Telaga Punggur Ferry Terminal,Romy Ardian,True,Local Guide · 359 ulasan · 404 foto,4 bintang,3 tahun lalu,"Sudah makin bagus pelayanan nya, semoga dipertahankan",0,True,
Telaga Punggur Ferry Terminal,Andri Febriyanto,True,Local Guide · 140 ulasan · 364 foto,5 bintang,setahun lalu,"terminal penyebrangan ke pulau bintan, tersedia kapal roro dan speed.",0,True,
Telaga Punggur Ferry Terminal,Haqqy Rerian Erlangga,True,Local Guide · 142 ulasan · 175 foto,4 bintang,6 tahun lalu,"Terminal yang bersih dan sekarang tertata rapih dibandingkan beberapa tahun silam,parkir udah lumayan luas bagi yg memiliki kendaraan,disini juga tersedia transportasi umum atau taksi ,tetapi ada hendaknya melakukan penawaran sebelum pergi ke lokasi yang dituju",0,False,
Telaga Punggur Ferry Terminal,Afan Agusto,True,Local Guide · 42 ulasan · 23 foto,5 bintang,7 tahun lalu,"Bagus, parkir luas dan teratur bersih dan nyaman",1,True,
Telaga Punggur Ferry Terminal,Bobby,True,Local Guide · 188 ulasan · 187 foto,1 bintang,7 tahun lalu,"Pelabuhan plg hancur penataannya, tempat jemput malah jadi tempat standby nya taxi, persis kayak di hang nadim..",1,False,
Telaga Punggur Ferry Terminal,Khalfian Rhapsody,True,Local Guide · 1.494 ulasan · 4.469 foto,4 bintang,2 tahun lalu,Makin banyak perbaikan.,0,True,
Telaga Punggur Ferry Terminal,anton sidabutar,True,Local Guide · 32 ulasan · 135 foto,4 bintang,5 tahun lalu,"Pelayanan tiketingnya bagus.. Dan kapal berangkat tepat waktu.
yang gak bagus di luar terminal banyak supir taksi yg berkeliaran cari penumpang dengan agak maksa.",0,False,
Telaga Punggur Ferry Terminal,Tensa Zanketsu,True,Local Guide · 15 ulasan · 8 foto,5 bintang,8 tahun lalu,Banyak pilihan untuk ojek dan taxi,0,True,
Telaga Punggur Ferry Terminal,Rangkoto,True,Local Guide · 207 ulasan · 85 foto,3 bintang,6 tahun lalu,Nyari transportasi online susah Krn sdh d kuasai taksi lokal,0,False,
Telaga Punggur Ferry Terminal,Fakhrie Hidayat Hsb,True,Local Guide · 15 ulasan,3 bintang,setahun lalu,"Bayarnya masih cash, hadeehh thn 2024 ini",0,False,
Telaga Punggur Ferry Terminal,Kumara,True,Local Guide · 427 ulasan · 539 foto,5 bintang,Diedit 3 tahun lalu,Tempat untuk menyeberang dari Batam ke pulau bintan,0,True,
Telaga Punggur Ferry Terminal,achmad zulfikri,True,Local Guide · 110 ulasan · 28 foto,4 bintang,2 tahun lalu,"Nyebrang k tj uban lewat pel punggur,lumayan bersih,mewah,lengkap jajanan dn makanan",0,False,
Telaga Punggur Ferry Terminal,Salah Jurusan,True,Local Guide · 90 ulasan · 214 foto,3 bintang,8 tahun lalu,Fisiknya mirip bandara.... Tapi pelayanannya perlu di tingkatkan lagi....,0,True,
Telaga Punggur Ferry Terminal,Hendry Suprianto,True,Local Guide · 77 ulasan · 120 foto,3 bintang,setahun lalu,"Sejujurnya aga sebel kalau mau jemput orang ke sini, tempat jemputnya pendek, rame, kadang dipake parkir taxi, parkir di area dalam ga layak.",0,False,
Telaga Punggur Ferry Terminal,Mustari Ari,True,Local Guide · 6 ulasan · 2 foto,1 bintang,5 tahun lalu,Parah signal IM3 ga bisa sama sekali akibatnya ga bisa untuk ehac,0,False,
Telaga Punggur Ferry Terminal,Nadia Khaira,True,Local Guide · 161 ulasan · 148 foto,3 bintang,8 tahun lalu,"Terminalnya sedang direnovasi. Tempat parkir kendaraan cukup luas di dalam, hanya belum diperkeras, sehingga kalo hujan becek. Keberangkatan ferry masih belom on schedule. Seringkali telat 10-30 menit dari jadwal. Penjual tiket masih berebut penumpang seperti biasa, sehingga cukup ribut di sekitar lokasi penjualan tiket",0,True,
Telaga Punggur Ferry Terminal,sandy andaru,True,Local Guide · 38 ulasan · 393 foto,4 bintang,8 tahun lalu,Suasananya lebih tertata dan tertib setelah renovasi,0,False,
Telaga Punggur Ferry Terminal,Jendri Sunandar Saragih SE MSi Ak,True,Local Guide · 65 ulasan · 171 foto,5 bintang,4 tahun lalu,Lumayan bagus dermaganya,0,True,
Telaga Punggur Ferry Terminal,Winter_Soldier,True,Local Guide · 14 ulasan · 19 foto,4 bintang,6 tahun lalu,Pelabuhan Bagus. Batam-Tg.Pinang,0,True,
Telaga Punggur Ferry Terminal,Hendy Loh,True,Local Guide · 80 ulasan · 64 foto,1 bintang,7 tahun lalu,"Toilet Cowok lantai 1 sudah rusak sebulan lebih belum diperbaiki.

Lahan parkir juga belum dicor & rapikan, berantakan sekali. … Lainnya",0,False,
Telaga Punggur Ferry Terminal,Imam Kurniawan,True,Local Guide · 18 ulasan · 69 foto,5 bintang,4 bulan lalu,"Terminal super sibuk di Batam...
Yang melayani penyebrangan antar pulau... … Lainnya",0,True,
Telaga Punggur Ferry Terminal,Suhairian Syah,True,Local Guide · 21 ulasan · 2 foto,5 bintang,6 tahun lalu,Pelabuhannya sudah mulai tertata dan tertib pengaturannya. Lahan parkirnya luas.. Semoga makin modern dan makin tertib,0,False,
Telaga Punggur Ferry Terminal,Roni Hardian Putra,True,Local Guide · 63 ulasan · 516 foto,4 bintang,5 tahun lalu,"Bangunan terminal masih dalam tahap penyempurnaan, fasilitas udah bagus, minus ga ada ATM. Untuk level pelabuhan domestik udah bagus.",0,True,
Telaga Punggur Ferry Terminal,Della Nofliza Putri,True,Local Guide · 23 ulasan · 9 foto,4 bintang,7 tahun lalu,"Kalo hujan, utk parkiran mobil hadehh hancurrr. Tanah kuning semua. Yg lain goodlah",0,False,
Telaga Punggur Ferry Terminal,Dwiki Ichsan Akbar,False,2 ulasan,1 bintang,setahun lalu,"Tiket tiket online yg sangat ribet, jadwal roro yg gak jelas nyampe jam berapa bersandar jam berapa sumpah dah buruk sekali",0,False,
Telaga Punggur Ferry Terminal,Titin Zain Sri Prihatin Wahyuni PS (Titin),True,Local Guide · 64 ulasan · 145 foto,4 bintang,7 tahun lalu,Banyak perbaikan. Sekarang ruang tunggunya lebih nyaman.,0,False,
Telaga Punggur Ferry Terminal,Titi Arimba,True,Local Guide · 90 ulasan · 237 foto,4 bintang,Diedit 6 tahun lalu,"Udah bagus, udah bersih, udah lebih teratur sekarang. Ruang tunggu nya lebih adem. Masuk penumpangnya dari lantai tiga, kemudian beli tiket dan pass. Turun ke lantai dua untuk check-in. Eitts belum selesai, turun sekali lagi baru sampai di pelabuhannya 😅 …",0,False,
Telaga Punggur Ferry Terminal,Bun RieRie,True,Local Guide · 28 ulasan · 171 foto,3 bintang,Diedit 6 tahun lalu,"Terminal sudah direnovasi, kondisinya juga bersih,,,, hanya manajement yang kurang jelas.",0,False,
Telaga Punggur Ferry Terminal,Brayn Yosua,True,Local Guide · 67 ulasan · 175 foto,4 bintang,3 tahun lalu,"Fasilitasnya lumayan, cuman masih belum terlalu tertib.",0,False,
Telaga Punggur Ferry Terminal,alasroban,True,Local Guide · 1.457 ulasan · 26.011 foto,4 bintang,6 tahun lalu,"Dahulu sering naik kapal dari sini. Nyebrang ke tj pinang, nyebrang ke tj uban. Waktu itu masih jelek & kumuh. Sekarang terlihat di foto-foto terbaru nampaknya sudah di percantik.",0,False,
Telaga Punggur Ferry Terminal,fatch caritas,True,Local Guide · 31 ulasan · 9 foto,5 bintang,3 bulan lalu,Pernah kesitu dari batam mau nyebrang ke bintan,0,False,
Telaga Punggur Ferry Terminal,Budi Hidayat 70,True,Local Guide · 198 ulasan · 58 foto,4 bintang,7 tahun lalu,Terminal ferry nya sekarang lebih bagus dari yg dulu..ruang tunggu keberangkatan lebih nyaman,0,False,
Telaga Punggur Ferry Terminal,Zainal Abidin,True,Local Guide · 71 ulasan · 10 foto,4 bintang,7 tahun lalu,salah satu akses buat ke tanjung pinang jika kita berada di pulau batam,0,False,
Telaga Punggur Ferry Terminal,Ridwan Ismail,True,Local Guide · 94 ulasan · 47 foto,2 bintang,7 tahun lalu,"Masih berantakan kalo di bandingkan sama pelabuhan negara tetangga. Kayak gak ada pengelolanya. Kalo yang baru pertama kali masuk pelabuhan ini pake mobil, yakin deh bingung.",0,False,
Telaga Punggur Ferry Terminal,Giftson,True,Local Guide · 29 ulasan · 1 foto,5 bintang,6 tahun lalu,Pelayanan tiket baik dan keadaan gedung cukup bersih dan nyaman,0,False,
Telaga Punggur Ferry Terminal,Suhar maulana,True,Local Guide · 22 ulasan · 89 foto,4 bintang,8 bulan lalu,"Masih semerawut,,
Kotor dan tidak terawat",0,False,
Telaga Punggur Ferry Terminal,fizram (hafiz ramadhan),True,Local Guide · 143 ulasan · 792 foto,5 bintang,Diedit 7 tahun lalu,Tempat penyebrangan dari batam. Kebetulan saya kemarin ke tj. Pinang.,0,True,
Telaga Punggur Ferry Terminal,Mariana Rahmawati,True,Local Guide · 49 ulasan · 89 foto,5 bintang,3 tahun lalu,Baru pertama kali ke telaga Punggur mau ke pinang,0,True,
Telaga Punggur Ferry Terminal,Andika Nur Hardianto,True,Local Guide · 8 ulasan · 12 foto,4 bintang,Diedit 8 tahun lalu,Sangat bagus .  Tapi jalan keluarnya menurut saya membingungkan pendatang baru,0,False,
Telaga Punggur Ferry Terminal,Pandu Carita,True,Local Guide · 199 ulasan · 16 foto,3 bintang,3 tahun lalu,"Lumayan baik, yg mesti dibenahi adalah penataan taxi yg terlihat tdk diatur rapi. Para sopir mengejar ngejar penumpang, ini tdk nyaman.  Harga2 yg ditawarkan sangat mahal",0,False,
Telaga Punggur Ferry Terminal,Edi Puspa,True,Local Guide · 58 ulasan · 65 foto,4 bintang,6 tahun lalu,"Alhamdulillah, sudah nyaman. Tidak ada lagi calo. Gedungnya sudah bagus.",0,False,
Telaga Punggur Ferry Terminal,lovenia.citra. resmita,True,Local Guide · 8 ulasan · 14 foto,5 bintang,7 tahun lalu,Tempat yg bersih dan nyaman 😊 …,0,True,
Telaga Punggur Ferry Terminal,bobbi rahmat,True,Local Guide · 69 ulasan · 33 foto,3 bintang,4 tahun lalu,"Tempat parkirnya tidak beraturan, tidak ada penjaganya",0,False,
Telaga Punggur Ferry Terminal,doni hamdani,True,Local Guide · 741 ulasan · 3.380 foto,3 bintang,8 tahun lalu,"Sering lewat pelabuhan ini,tetapi ATM CENTER belom ada di sini padahal akses yang cukup ramai di sini",0,False,
Telaga Punggur Ferry Terminal,Agus Pamungkas,True,Local Guide · 90 ulasan · 431 foto,3 bintang,8 tahun lalu,Bangunannya masih dalam tahap renovasi. Tapi so far terminal ferry ini sgt bagus.,0,False,
Telaga Punggur Ferry Terminal,Adimas Bagus Nuripto,True,Local Guide · 31 ulasan · 86 foto,5 bintang,3 tahun lalu,"Ya namanya juga pelabuhan , tempat singgah banyak oranh, dan dr 2012 sampe sekarang Punggur selalu berkembembang jadi ga bisa berkata apa2 untuk yg sekarang karena masih ada renovasi",0,True,
Telaga Punggur Ferry Terminal,Bang Tigor Purba,True,Local Guide · 81 ulasan · 132 foto,5 bintang,Diedit 3 tahun lalu,Sudah lebih baik. Tapi pengelola tidak bijak dalam mengatur arus masuk dan keluar kendaraan yg mengakibatkan antri TERLALU LAMA. Tidak profesional.,0,True,
Telaga Punggur Ferry Terminal,Eko Syaiful Arifin,True,Local Guide · 126 ulasan · 41 foto,3 bintang,5 tahun lalu,"Bangunan bagus tetapi SDM dan perawatan pengelolaan pelabuhanya kurang professional sehingga seperti bangunan bintang 5 tapi dikelola operator bintang 2, semoga diperbaiki segera",0,False,
Telaga Punggur Ferry Terminal,Anindita Maharani,True,Local Guide · 16 ulasan · 46 foto,5 bintang,4 tahun lalu,"Tempat parkir luas, tiket bisa dibeli kapan saja & bisa menunggu keberangkatan sambil ngopi cantik di morning bakery-nya",0,True,
Telaga Punggur Ferry Terminal,Ade Jaya S,True,Local Guide · 219 ulasan · 395 foto,5 bintang,2 tahun lalu,Pelabuhan Punggur salah satu pelabuhan domestik yang ada di Kota Batam. Letaknya kurang lebih 40 menit dari pusat kota Batam di Nagoya. Untuk pergi ke pelabuhan anda bisa menggunakan taksi atau ojek online. Estimasi harga 150-200 ribu jika … Lainnya,0,True,
Telaga Punggur Ferry Terminal,Chung Kills,True,Local Guide · 13 ulasan · 85 foto,4 bintang,7 tahun lalu,Bersih dan nyaman,0,True,
Telaga Punggur Ferry Terminal,Amri arif,True,Local Guide · 252 ulasan · 323 foto,3 bintang,7 tahun lalu,"Parkiran mobilx smoga lebih cepat kelar, kasian kendaraan yg parkir",0,False,
Telaga Punggur Ferry Terminal,Nur Alifah Salsabila,False,6 ulasan,4 bintang,3 tahun lalu,Kenapa ya orang taksi disini aga memaksa gitu seremmm,0,False,
Telaga Punggur Ferry Terminal,Aditya Wahyu Kusuma,True,Local Guide · 174 ulasan · 987 foto,5 bintang,7 tahun lalu,Fasilitas lebih lengkap dan modern setelah dilakukan perombakan bangunan secara menyeluruh,0,False,
Telaga Punggur Ferry Terminal,andreas deny christanto,True,Local Guide · 307 ulasan · 3.192 foto,4 bintang,3 tahun lalu,"Pelabuhan penumpang yang ada di pulau batam, tujuan utama adalah ke pulau Tanjungpinang.
Untuk tujuan Tanjungpinang tersedia kapal setiap 1 jam sekali. … Lainnya",1,True,
Telaga Punggur Ferry Terminal,Sugiman mulyawikarta,True,Local Guide · 134 ulasan · 27 foto,3 bintang,8 tahun lalu,"Pelabuhan penyeberangan Batam-Tanjung Pinang PP. Harap berhati2, karena rame disini",0,False,
Telaga Punggur Ferry Terminal,Mardatilla Rahayu,True,Local Guide · 12 ulasan · 6 foto,5 bintang,5 tahun lalu,Kapalnya nyaman. Tdk terasa goyang2 kena ombak walaupun sedang hujan,0,False,
Telaga Punggur Ferry Terminal,Sendhyyy,True,Local Guide · 65 ulasan · 107 foto,5 bintang,7 tahun lalu,"Terminal ferry buat nyebrang ke Bintan or Tanjung Pinang dari sini guys, ke Bintan 15 menit hrga tiket 50rbu ajah",0,False,
Telaga Punggur Ferry Terminal,Helmi Razif,True,Local Guide · 42 ulasan · 87 foto,3 bintang,Diedit 8 tahun lalu,"Tarif taxi counter nya mahal bro dan seharusnya bus DAMRI / Trans Batam dikasi masuk ke dalam area pelabuhan, bukannya diluar... capek jalannya 😥 untuk fasilitas pelabuhan sudah cukup bagus walaupun saat ini masih dalam tahap renovasi 👍 …",0,False,
Telaga Punggur Ferry Terminal,Arie Vin,True,Local Guide · 42 ulasan · 13 foto,5 bintang,Diedit 2 tahun lalu,"Tujuan pinang, tg. Uban, dabo singkep,  natuna, roro Kuala tungkal Jambi,",0,False,
Telaga Punggur Ferry Terminal,Rodo juntak,False,3 ulasan · 5 foto,5 bintang,5 tahun lalu,Menuju perjuangan,0,True,
Telaga Punggur Ferry Terminal,Iskandar Fauzi,True,Local Guide · 246 ulasan · 6.510 foto,3 bintang,8 tahun lalu,Secara keseluruhan memang masih dalam kelengkapan seluruh fasilitasnya... Masih ada pembenahan disana sini.... Konsep kedatangan dan keberangkatannya dipisahkan diatas dan di bawah.  Memang masih banyak yang harus diperbaiki.  Kondisi … Lainnya,0,False,
Telaga Punggur Ferry Terminal,Bambang Bambang,False,3 ulasan · 9 foto,4 bintang,8 tahun lalu,Pelabuhan punggur saat ini sudah lumayan bagus..80% ok..,0,False,
Telaga Punggur Ferry Terminal,Sean Tyno Anthory,True,Local Guide · 49 ulasan · 36 foto,5 bintang,2 tahun lalu,"Pelabuhan yang selalu digunakan saat menuju Tanjung Pinang, Tanjung Uban dan Dabo Singkep.
Di dalam terminal tersedia berbagai tempat makan dan jualan oleh-oleh. … Lainnya",0,False,
Telaga Punggur Ferry Terminal,Darmoyo,True,Local Guide · 20 ulasan · 10 foto,4 bintang,5 tahun lalu,"Tujuan Batam - Tj. Pinang, fasilitas memadai dan aman",0,True,
Telaga Punggur Ferry Terminal,Sudarmono Abu Faiq,False,8 ulasan · 7 foto,5 bintang,8 tahun lalu,Terminal masih dalam perbaikan...parkir motornya masih becek...semoga segera diperbaiki dengan ditambah kanopi...,0,False,
Telaga Punggur Ferry Terminal,Jurnalis JH,True,Local Guide · 58 ulasan · 958 foto,5 bintang,8 tahun lalu,"Lagi di renovasi, pastinya akan bagus nanti setelah bagus di 2018",0,False,
Telaga Punggur Ferry Terminal,Endso 72,True,Local Guide · 156 ulasan · 218 foto,4 bintang,7 tahun lalu,Untuk ke pinang saya biasa nya naik dari sini karena lokasi deket dari rmh,0,False,
Telaga Punggur Ferry Terminal,Iis Tio,True,Local Guide · 94 ulasan · 27 foto,4 bintang,8 tahun lalu,Sedang ada pembangunan fasilitas layanan agar suasana pelabuhan lebih kondusif,0,False,
Telaga Punggur Ferry Terminal,Lisa Vivianti,True,Local Guide · 208 ulasan · 986 foto,4 bintang,setahun lalu,Biasa aja tapi kurang petunjuk arah untuk kapal kedatangan kemana kemana. Harus bertanya ke petugas,0,True,
Telaga Punggur Ferry Terminal,House Rent Bukit Indah Sukajadi Batam,True,Local Guide · 310 ulasan · 3.642 foto,3 bintang,setahun lalu,"Nyeberang kali ini dari Batam ke Tanjung Uban dapat Ferry Roro yang ada Ruang VIPnya, bayar sih Rp. 25.000/orang. Konpensasi dari bayar ini Kita dapat Snack box ( berisi wafer, crakers, snack snack product Malay ), dan ada tersedia air … Lainnya",1,True,
Telaga Punggur Ferry Terminal,Gogok Tri,True,Local Guide · 171 ulasan · 281 foto,4 bintang,7 tahun lalu,"Terminal kedatangan dan keberangkatan sudah bagus, cuman dermaga masih sama seperti dulu.",0,False,
Telaga Punggur Ferry Terminal,alfian budyatomo,True,Local Guide · 18 ulasan · 8 foto,5 bintang,7 tahun lalu,Sudah sangat terorganisir dengan baik. Bersih.,0,True,
Telaga Punggur Ferry Terminal,Ade Fathurrahman,True,Local Guide · 122 ulasan · 643 foto,4 bintang,7 tahun lalu,"Kalau mau ke kapal Fery nya, jalan agak jauh. Harus turun 3 lantai",0,False,
Telaga Punggur Ferry Terminal,Lenny Martis,True,Local Guide · 138 ulasan · 139 foto,4 bintang,7 tahun lalu,Semakin bagus baik sarana maupun pelayanan nya,0,False,
Telaga Punggur Ferry Terminal,Muhamad Andries,True,Local Guide · 77 ulasan · 222 foto,3 bintang,7 tahun lalu,"Untuk kelas pelabuhan internasional dirasa sangat kurang memuaskan. Pelayanan di pelabuhan sangat kurang. Layanan informasi juga sangat kurang. Pelabuhan juga masih semraut, terkadang jika kurang memperhatikan kita bisa saja ketinggalan pelayaran kita.",2,False,
Telaga Punggur Ferry Terminal,"Ir. Rahmat ST, MT, IPM, APEC Eng",True,Local Guide · 254 ulasan · 997 foto,5 bintang,setahun lalu,"Secara keseluruhan bagus, hanya posisi turun penumpang dengan pintu masuk jaraknya cukup jauh. Apabila keadaan ramai, maka para penumpang harus menaiki anak tangga dan cukup menguras tenaga. Ada gerai Indomaret dekat area parkiran kendaraan … Lainnya",0,True,
Telaga Punggur Ferry Terminal,Ariandi Bodenk (Aribodenk),True,Local Guide · 30 ulasan · 3 foto,5 bintang,setahun lalu,"Semakin oke.
Damai dan tentram.
Semoga kedepan akan lebih indah dan khusus bagi penumpang merasakan kan keaman yg lebih baik lagi🤲
Kepri damai... …",0,False,
Telaga Punggur Ferry Terminal,ARIF MILADI WALI,True,Local Guide · 43 ulasan · 18 foto,4 bintang,10 bulan lalu,"pelabuhan di batam, sangat baik, pelayanan dna kenyamanan penumpang terjamin",0,True,
Telaga Punggur Ferry Terminal,lucky 89,True,Local Guide · 226 ulasan · 56 foto,4 bintang,6 tahun lalu,Konter jangan teriak teriak maksa pembeli.. harus dirubah model konter pembelian,0,False,
Telaga Punggur Ferry Terminal,Onya Tatyana,True,Local Guide · 54 ulasan · 17 foto,5 bintang,2 tahun lalu,"Udah lebih oke sekarang, semoga next bisa lebih banyak pilihan pembayaran selain cash",0,False,
Telaga Punggur Ferry Terminal,Mar Yani,True,Local Guide · 52 ulasan · 49 foto,5 bintang,3 tahun lalu,"Lumayan gak pernah nyesal, ga terlalau rame jadi ga perlu antri lama2",0,False,
Telaga Punggur Ferry Terminal,Hendro Sairin,True,Local Guide · 175 ulasan · 1.188 foto,5 bintang,7 tahun lalu,Beda dengan pelabuhan ferry yang lain,0,True,
Telaga Punggur Ferry Terminal,tia lestari,True,Local Guide · 79 ulasan · 326 foto,5 bintang,8 tahun lalu,"Top ini pelabunan, pelayanan baik, kapal kapal nya juga bagus",0,True,
Telaga Punggur Ferry Terminal,Iqbal Key,True,Local Guide · 64 ulasan · 2 foto,3 bintang,6 tahun lalu,Masih tahap pembangunan..semoga kedepan makin tertata...good,0,False,
Telaga Punggur Ferry Terminal,ZARA TV,True,Local Guide · 25 ulasan · 14 foto,5 bintang,5 tahun lalu,Sesuai jam berangkat ferry nya.. Mantul ges,0,False,
Telaga Punggur Ferry Terminal,Ega Yuvitasari,True,Local Guide · 44 ulasan · 13 foto,5 bintang,3 tahun lalu,"Tempatnya bersih, nyaman. Semua fasilitas dirawat dg baik",0,False,
Telaga Punggur Ferry Terminal,katapi _,True,Local Guide · 180 ulasan · 11 foto,5 bintang,7 tahun lalu,Sudah banyak perubahan....walaupun terkadang kalau dari pinang saat turun terkadang bingung keluar lewat atas,0,False,
Telaga Punggur Ferry Terminal,Juny Oscalativa,True,Local Guide · 18 ulasan,4 bintang,11 bulan lalu,Sayang lahan parkirnya berantakan,0,False,
Telaga Punggur Ferry Terminal,DIMAS AGUS MAHARDIKA,True,Local Guide · 78 ulasan · 244 foto,2 bintang,Diedit setahun lalu,Sangat merepotkan jika harus naik ke lantai 3 untuk membeli tiket lalu turun ke lantai 2 untuk menunjukkan pass dan tiket dan kemudian turun kembali ke lantai 1 dan menuju dermaga,0,False,
Telaga Punggur Ferry Terminal,bayu kriswahyudi,True,Local Guide · 35 ulasan · 31 foto,5 bintang,8 tahun lalu,"Dimohon segera diperbaiki lokasi parkir inap, terima kasih",0,False,
Telaga Punggur Ferry Terminal,Riand,True,Local Guide · 224 ulasan · 274 foto,4 bintang,3 tahun lalu,Pelabuhan penyeberangan ke Tanjungpinang,0,True,
Telaga Punggur Ferry Terminal,Mery astesya,True,Local Guide · 4 ulasan · 10 foto,2 bintang,3 tahun lalu,Jauh banget mutar jalan mau ke ferry.... Kalau barang banyak... Pingsan sampe ferry,0,False,
Telaga Punggur Ferry Terminal,TravelNtour Tapaktangan,True,Local Guide · 46 ulasan · 434 foto,4 bintang,8 tahun lalu,"Pelabuhan baru bangun di bangun terlihat modern dan tertata rapi, tapi untuk transportasi masih belum tertata taxi masih berseliweran parkir dipinggir jalan n harganya mahal",1,False,
Telaga Punggur Ferry Terminal,Hayyatan Thoyyibah,True,Local Guide · 51 ulasan · 33 foto,5 bintang,Diedit 8 tahun lalu,Selalu bolak balik lewat pelabuhan ini kalau mau balik kampung,0,False,
Telaga Punggur Ferry Terminal,Hudri,True,Local Guide · 17 ulasan · 11 foto,5 bintang,4 tahun lalu,Kondisi pelabuhan yg bersih rapi dan pelayanan yang baik,0,False,
Telaga Punggur Ferry Terminal,CHANDRA,True,Local Guide · 381 ulasan · 533 foto,5 bintang,3 tahun lalu,Perlu dimodernisasi agar pelayanan semakin meningkat kualitas dan kuantitasnya,0,False,
Telaga Punggur Ferry Terminal,SOFIAN ANSHARY,True,Local Guide · 45 ulasan · 45 foto,5 bintang,3 tahun lalu,Terminal domestik batam tg pinang,0,True,
Telaga Punggur Ferry Terminal,Edi Ruzika,True,Local Guide · 12 ulasan · 1 foto,5 bintang,setahun lalu,Sangat membantu masyarakat,0,False,
Telaga Punggur Ferry Terminal,"N ruli Ruliyana,Se",True,Local Guide · 352 ulasan · 2.438 foto,5 bintang,3 tahun lalu,Pelabuhan Ferry Telaga Punggur di Kota Batam kepulauan Riau melayani jalur domestik ke Tanjung Uban serta Tanjung Pinang juga disampingnya ada pelabuhan penyeberangan Roro,0,False,
Telaga Punggur Ferry Terminal,Amy Auliya,True,Local Guide · 71 ulasan · 22 foto,4 bintang,7 tahun lalu,pelabuhan na bagus dan bersih..tempat tunggu nya juga nyaman..bisa sambil lihat kapal datang,0,True,
Telaga Punggur Ferry Terminal,khadijah tinni,True,Local Guide · 166 ulasan · 486 foto,5 bintang,5 tahun lalu,"New info buat yang mau ke Sri Tenam Lingga via Punggur Batam.
Ada jadwal baru yak.
Jadi jadwal.dari Batam ke Sri Temam itu tiap.tanggal GANJIL. … Lainnya",0,True,
Telaga Punggur Ferry Terminal,Frenly Pardede,True,Local Guide · 238 ulasan · 802 foto,5 bintang,8 tahun lalu,Bersih dan langsung banyak taxi kemanapun kita mau.,0,False,
Telaga Punggur Ferry Terminal,Zontrisman Mandaliko,True,Local Guide · 27 ulasan · 815 foto,3 bintang,8 tahun lalu,"Merupakan pelabuhan penghubung antara pulau Batam dan pulau pulau sekitarnya seperti Bintan, daik lingga, dll.",0,False,
Telaga Punggur Ferry Terminal,Julia Atika,True,Local Guide · 14 ulasan · 7 foto,5 bintang,3 tahun lalu,"Perjalanan pertama dari Tungkal ke Batam sendiri, alhamdulilah sangat aman",0,True,
Telaga Punggur Ferry Terminal,Michael P Hutauruk,True,Local Guide · 43 ulasan · 39 foto,5 bintang,setahun lalu,Pelabuhan nya cukup bersih dan tertata baik,0,False,
Telaga Punggur Ferry Terminal,Fendy Soloment,True,Local Guide · 499 ulasan · 2.774 foto,5 bintang,3 tahun lalu,Perlu terus ditingkatkan kenyamanan dan kebersihan baik terminal maupun kapalnya,0,False,
Telaga Punggur Ferry Terminal,Ris Woko,True,Local Guide · 26 ulasan · 5 foto,4 bintang,6 tahun lalu,Kurang bersahabat bagi orang menggunakan kursi roda,0,False,
Telaga Punggur Ferry Terminal,Baba Kembar,True,Local Guide · 52 ulasan · 549 foto,2 bintang,8 tahun lalu,"Area parkir nya sangat tidak nyaman, klo turun hujan becek, parkir mobil penuh dgn taksi yg mangkal",0,False,
Telaga Punggur Ferry Terminal,Edy kiswanto,True,Local Guide · 20 ulasan · 7 foto,2 bintang,8 tahun lalu,"Pelabuhan lokal yg menyediakan transportasi ke pulau-pulau di Kepri, mayoritas kapal menuju ke Tanjung Pinang.
Tempat Parkir yang disediakan tidak jelas, banyak oknum2 taxi yang bermain … Lainnya",0,False,
Telaga Punggur Ferry Terminal,riery Chempie,True,Local Guide · 135 ulasan · 295 foto,3 bintang,Diedit 8 tahun lalu,Pelabuhan baru tapi belum rampung dan sangat tidak efisien skali.. bad !!,0,False,
Telaga Punggur Ferry Terminal,Sudarwanto,True,Local Guide · 457 ulasan · 4.586 foto,4 bintang,5 tahun lalu,"Sudah tuambah keren, aman dan nyaman.. 😎👌👍 …",0,True,
Telaga Punggur Ferry Terminal,Charre Mickola,True,Local Guide · 29 ulasan · 13 foto,4 bintang,6 tahun lalu,Cukup rapi utk parkir dan lalulintas penumpang,0,False,
Telaga Punggur Ferry Terminal,iwan syahroni roni,True,Local Guide · 139 ulasan · 121 foto,5 bintang,4 tahun lalu,Mantaap penyebrangan antar pulau ke Tanjung Pinang.,0,True,
Telaga Punggur Ferry Terminal,Iwan To,True,Local Guide · 600 ulasan · 5.113 foto,4 bintang,Diedit 7 tahun lalu,Masih belum selesai pembangunannya sehingga masih belum tertata rapi...,0,True,
Telaga Punggur Ferry Terminal,IWpranoto,True,Local Guide · 1.196 ulasan · 3.388 foto,4 bintang,setahun lalu,"Mo ke bintan, tj pinang",0,True,
Telaga Punggur Ferry Terminal,M Ricy Ismail,True,Local Guide · 408 ulasan · 667 foto,5 bintang,3 tahun lalu,"Pelabuhan penyeberangan dari batam ke tanjung pinang, tanjung uban dll.

Didalam terminal banyak terdapat tempat makan dan toko oleh oleh.",0,False,
Telaga Punggur Ferry Terminal,Rims Fae,True,Local Guide · 108 ulasan · 250 foto,3 bintang,7 tahun lalu,Tempatnya masih belum rapi dan msh blm bagus spt prlabuhan lainnys. Tempat parkir msh tanah dan ssh dpt parkiran u mobil,0,False,
Telaga Punggur Ferry Terminal,Victory Albert,True,Local Guide · 256 ulasan · 955 foto,5 bintang,8 tahun lalu,"jika akan berpergian ke tanjung pinang atau pun tanjung ubun dan beberapa pulau lainnya bisa menggunakan pelabuhan ini, pertama kita harus membeli tiket untuk keberangkatan, jika berpergian bersama rombongan ada baiknya utus satu orang … Lainnya",0,False,
Telaga Punggur Ferry Terminal,Richyan Hendro,True,Local Guide · 198 ulasan · 351 foto,4 bintang,7 tahun lalu,Kalo mau nyebrang kesini gaes,0,True,
Telaga Punggur Ferry Terminal,Ria Anggraini,True,Local Guide · 42 ulasan · 24 foto,5 bintang,7 tahun lalu,Ruang tunggunya nyaman,0,True,
Telaga Punggur Ferry Terminal,Robani Alzawani,True,Local Guide · 599 ulasan · 3.071 foto,5 bintang,6 tahun lalu,"Salah satu terminal penghubung antara pulau Batam dan Bintan, tempatnya lumayan ramai tapi damai.",0,True,
Telaga Punggur Ferry Terminal,Gerardus Basenty Kelen,True,Local Guide · 45 ulasan · 259 foto,5 bintang,5 tahun lalu,Bagus dan bersih....,0,True,
Telaga Punggur Ferry Terminal,Binsar sitompul,True,Local Guide · 6 ulasan · 23 foto,4 bintang,6 bulan lalu,"Bagus,dan beli tiket sudah pakai online,petugas nya ramah ramah.",0,False,
Telaga Punggur Ferry Terminal,Ronie Harp,True,Local Guide · 130 ulasan · 5 foto,5 bintang,setahun lalu,sampai sat ini pelayanan di segala bidang sudah lumayan dan bersih itulah hasil keputusan gubernur kepri walikota batam dan berjalan dengan dukungan masyarakat dan pelaksana pelabuhan Ferry,0,False,
Telaga Punggur Ferry Terminal,Wiwid Nurwidayati,True,Local Guide · 61 ulasan · 9 foto,5 bintang,3 tahun lalu,"Tempat penyeberangan ketj pinang, bersih dan rapi",0,False,
Telaga Punggur Ferry Terminal,Khrisna Sanjaya,True,Local Guide · 54 ulasan · 47 foto,5 bintang,setahun lalu,"Pelayanan cepat, tidak ribet, dan on time. Pokoknya gk ngecewain deh, good job buat petugasya",0,False,
Telaga Punggur Ferry Terminal,Agus Darmanto,True,Local Guide · 413 ulasan · 1.017 foto,4 bintang,3 tahun lalu,"Lumayan cukup bersih di dalam
Ruang tunggu cukup nyaman",0,False,
Telaga Punggur Ferry Terminal,"Wandi , Nofri",True,Local Guide · 88 ulasan · 201 foto,4 bintang,7 tahun lalu,Dermaga yg nyaman dan aman...pelayanan cukup bagus..,0,False,
Telaga Punggur Ferry Terminal,Nadia Veinyard,False,3 ulasan,4 bintang,8 tahun lalu,"Cukup bagus dgn pembangunan yg ad, mgkn bs dipertimbangkan dgn adanya fasilitas trolley bagi penumpang kapal, maka akan sempurna",0,False,
Telaga Punggur Ferry Terminal,Seneng Dolan,True,Local Guide · 229 ulasan · 308 foto,5 bintang,4 tahun lalu,"Pelabuhan penyeberangan dari Batam Ke tanjung pinang, Tanjung Uban, dan pulau² lainnya. … Lainnya",3,True,
Telaga Punggur Ferry Terminal,GBI Tabgha Tanjung Uban,True,Local Guide · 62 ulasan · 299 foto,5 bintang,6 tahun lalu,"Lebih baik dari tahun 2019
Maju terus pelayanan Terminal Ferry Telaga Punggur
Parkiran motor sudah lebih baik … Lainnya",1,False,
Telaga Punggur Ferry Terminal,TP Kharisma,True,Local Guide · 221 ulasan · 712 foto,3 bintang,7 tahun lalu,"Pelabuhan jurusan Tanjung Pinang. Ada dua jenis kapal: kapal penumpang dan kapal Roro harga 150 ribu utk yg bawa kendaraan. Yg kapal Roro, pelabuhannya terpisah agak naik ke atas. Yg di sini kapal penumpang, berangkat tiap 15 menit, … Lainnya",1,True,
Telaga Punggur Ferry Terminal,dell_21 lestari,True,Local Guide · 126 ulasan · 324 foto,5 bintang,5 tahun lalu,Masih Sepi Penumpang yang disaat new normal,0,True,
Telaga Punggur Ferry Terminal,Rhudie Permana,True,Local Guide · 174 ulasan · 349 foto,4 bintang,6 tahun lalu,Tempat lumayan luas ..,0,True,
Telaga Punggur Ferry Terminal,Mateus Eric Hendaryanto,True,Local Guide · 68 ulasan · 44 foto,4 bintang,6 bulan lalu,"Pelabuhannya jika ingin ke Tanjung Pinang. Harganya cukup murah, jadwal setiap 30 menit ada, ruangannya cukup luas. Jika ingin naik RORO ada di sebelah terminal ferry ini.",0,False,
Telaga Punggur Ferry Terminal,Abdul Gafur,True,Local Guide · 235 ulasan · 403 foto,5 bintang,setahun lalu,terminak bersih dan rapi,0,True,
Telaga Punggur Ferry Terminal,Ali Furgan,True,Local Guide · 29 ulasan · 9 foto,4 bintang,7 tahun lalu,Sudah lebih baik dan bagus dibandingkan yg dulu. Banyak perubahan yg terjadi.,0,False,
Telaga Punggur Ferry Terminal,faisal Hariman Lubis,True,Local Guide · 83 ulasan · 95 foto,4 bintang,9 bulan lalu,"Lumayan ribet dengan rute boarding nya, naik turun puter puter namun menarik untuk pengalaman pertama kali, fasilitas lengkap dan yg penting harga normal",0,True,
Telaga Punggur Ferry Terminal,Mahmud Mahmud,True,Local Guide · 541 ulasan · 360 foto,4 bintang,6 tahun lalu,"buat yg mw nyebrang ke batam, jadwal kapal banyak, tiap jam ada",0,False,
Nongsapura Ferry Terminal,hasan sitaurus,True,Local Guide · 116 reviews · 213 photos,5 stars,8 years ago,"Friendly service, clean and comfortable place..",1,False,
Nongsapura Ferry Terminal,Ren Moslares,True,Local Guide · 91 reviews · 224 photos,5 stars,8 years ago,Clean and organized.,1,False,
Nongsapura Ferry Terminal,Dodi Rahman,True,Local Guide · 108 reviews · 510 photos,5 stars,6 years ago,Beautiful and Comfortable,1,True,
Nongsapura Ferry Terminal,Patrick Ng,True,Local Guide · 173 reviews · 972 photos,3 stars,7 years ago,Good,0,False,
Nongsapura Ferry Terminal,E E,True,Local Guide · 653 reviews · 273 photos,5 stars,6 years ago,Awesome!!,0,False,
Nongsapura Ferry Terminal,Bunda Jihan,True,Local Guide · 21 reviews · 2 photos,4 stars,8 years ago,Have you ever attended a bazaar at this place?,0,False,
Nongsapura Ferry Terminal,Mas Udri,True,Local Guide · 212 reviews · 52 photos,4 stars,7 years ago,one of the ferry ports in Batam,0,False,
Nongsapura Ferry Terminal,SC Oei,True,Local Guide · 119 reviews · 44 photos,5 stars,2 years ago,A laid-back ferry terminal serving the area.  Terminal set on calm river.   Not crowded.  Friendly staff. Worthwhile to arrive early to relax a bit at the cafe before departure.,1,True,
Nongsapura Ferry Terminal,Ruzana Rahim,True,Local Guide · 207 reviews · 735 photos,5 stars,7 years ago,"First time disembarking onto Riau Islands via ferry at Nongsapura terminal --usually I come in via Batam Centre. This terminal is mewy renovated and looks very nice with wooden interiors and exteriors. Has a very resort feel to it. Immigration wise everything was seamless including the bag checks scanner. There is a money changer and a few duty free stores there. TIP: If you're looking for the Indomie Premium Salted Egg Noodles, you can find them here for RP 10,000 a pack. (at Montigo Resorts store they have it for 25,000 RP)",0,False,
Nongsapura Ferry Terminal,Pangeran Uxpres,True,Local Guide · 66 reviews · 12 photos,4 stars,7 years ago,Cozzy place,0,False,
Nongsapura Ferry Terminal,Philip T,True,Local Guide · 170 reviews · 184 photos,4 stars,7 years ago,Clean ferry transfer terminal,0,False,
Nongsapura Ferry Terminal,Mahathir Abdullah,True,Local Guide · 44 reviews · 47 photos,4 stars,8 years ago,Complete facilities,0,False,
Nongsapura Ferry Terminal,Muhammad Akbar,True,Local Guide · 78 reviews · 7 photos,5 stars,8 years ago,Cool,1,False,
Nongsapura Ferry Terminal,Chris,True,Local Guide · 263 reviews · 475 photos,4 stars,10 years ago,"Its a pokey little ferry terminal, but it does the job... FYI, duty free is outside of Immigration ;)",0,False,
Nongsapura Ferry Terminal,Soraya Perucha,True,Local Guide · 103 reviews · 131 photos,3 stars,7 years ago,It's too far and the road is scary...dark and lonely,0,False,
Nongsapura Ferry Terminal,고독한늑대,True,Local Guide · 43 reviews · 4 photos,5 stars,3 years ago,he,0,False,
Nongsapura Ferry Terminal,XI ANI_23 M FAJAR SANDI,False,3 reviews · 3 photos,5 stars,3 years ago,Cool,0,False,
Nongsapura Ferry Terminal,IZ The One,True,Local Guide · 13 reviews · 16 photos,4 stars,Edited 8 years ago,It's now has some shops opened for you to get souvenirs and foods to bring home. last minute shopping. it's a small ferry terminal but it's pretty efficient.,1,False,
Nongsapura Ferry Terminal,Free Gene,True,"Local Guide · 111 reviews · 2,905 photos",3 stars,6 years ago,Looks  less busier,0,False,
Nongsapura Ferry Terminal,Kenneth Wong,True,Local Guide · 72 reviews · 4 photos,5 stars,7 years ago,Nice atmosphere,0,False,
Nongsapura Ferry Terminal,TADY BEAR,True,Local Guide · 109 reviews · 7 photos,4 stars,7 years ago,A ferry terminal situated in Nongsapura on the island of Batam in Indonesia.,0,False,
Nongsapura Ferry Terminal,Tay Boon5212,True,Local Guide · 60 reviews · 12 photos,5 stars,6 years ago,Nice view. It can be a getaway holiday.,0,False,
Nongsapura Ferry Terminal,Sabar Purwanto,False,2 reviews · 3 photos,5 stars,5 years ago,No kidding...awesome,0,True,
Nongsapura Ferry Terminal,Aries04 Loedfy,False,3 reviews · 2 photos,5 stars,2 years ago,Nice place and seafood,0,False,
Nongsapura Ferry Terminal,BUDI PUTRA,True,Local Guide · 7 reviews · 4 photos,5 stars,3 months ago,The place is clean and comfortable,0,False,
Nongsapura Ferry Terminal,mambo 5,False,3 reviews · 5 photos,5 stars,10 years ago,"In the past, this was the place where I played and enjoyed the remains of my ancestors... While swimming in this river... Those who have names want to know the story, please contact me, thank you.",1,False,
Nongsapura Ferry Terminal,Felix Ker,True,"Local Guide · 492 reviews · 1,465 photos",4 stars,9 years ago,Customs clearing speed is pretty fast! Place looks relatively run down though.,1,False,
Nongsapura Ferry Terminal,Srinivas Jhawar,True,Local Guide · 75 reviews · 279 photos,4 stars,9 years ago,Point to change over ferry to Cruise Liner.,0,True,
Nongsapura Ferry Terminal,Taufiq Arifien,True,Local Guide · 24 reviews · 135 photos,5 stars,7 years ago,Nice place,0,False,
Nongsapura Ferry Terminal,Denny S,True,Local Guide · 91 reviews · 419 photos,4 stars,6 years ago,Small terminal but with natural green environment,0,True,
Nongsapura Ferry Terminal,Leonardo Tommy Dacu,True,Local Guide · 250 reviews · 444 photos,4 stars,9 years ago,the only ferry terminal in Nongsa area.  depart from the riverside.,0,False,
Nongsapura Ferry Terminal,Nishan Korala Gamage,True,Local Guide · 168 reviews · 429 photos,5 stars,6 years ago,Great ferry terminsl. fast custom snd immigration service.,0,False,
Nongsapura Ferry Terminal,Eugene Goh Mugen,True,Local Guide · 65 reviews · 91 photos,2 stars,3 years ago,Poor ventilation with ridiculously long queue. Also appeared to have bribes being accepted to cut to the front of the queue. Unprofessional and terrible.,0,True,
Nongsapura Ferry Terminal,Michael Luk,True,Local Guide · 217 reviews · 649 photos,5 stars,a year ago,"Nice garden looking terminal, once you walk out from ferry, beautiful tropical garden like terminal very comfortable, we're coming in with a group so getting in and out is a breeze",0,False,
Nongsapura Ferry Terminal,Wahidin Ocil,True,Local Guide · 241 reviews · 326 photos,5 stars,2 years ago,"Clean and tidy, there is a prayer room too",0,False,
Nongsapura Ferry Terminal,Seto Danu,True,"Local Guide · 324 reviews · 4,461 photos",4 stars,4 years ago,"This is one of specific Ferry terminal as its location is basically on the corner part of the island where many resort and hotel. Maybe for those who like to go directly for relax areas without passing the buzzing environment of the city; like harbor bay and Sekupang. the plus point, surrounding of this terminal is green. trees are everywhere so you will be welcomed nicely before docking. There is nuvasa bay, and infinite studio that is famous for digital and animation works. Just remember, public transportation is really rare here. so arrange your transportation or using online service. either way, enjoy your visit trough this terminal one corona gone.",0,False,
Nongsapura Ferry Terminal,Kenny Wong,True,Local Guide · 175 reviews · 101 photos,4 stars,7 years ago,"A smaller less crowded port compared to the main harbour. Not much but port here if you're headed to Montigo, it's closer and less of a hassle.",0,False,
Nongsapura Ferry Terminal,poppy purnama,True,Local Guide · 85 reviews · 44 photos,5 stars,7 years ago,Cool,0,False,
Nongsapura Ferry Terminal,min thu,True,Local Guide · 16 reviews,5 stars,3 years ago,Clean,0,False,
Nongsapura Ferry Terminal,Daniel Merkuri Lengkong,True,Local Guide · 116 reviews · 60 photos,5 stars,6 years ago,Mantaaaaaap,0,True,
Nongsapura Ferry Terminal,Kardimanahan Sibarani,False,7 reviews,5 stars,7 years ago,Clean and good service,0,False,
Nongsapura Ferry Terminal,Vincent Chan,True,Local Guide · 192 reviews · 106 photos,4 stars,3 years ago,Welcome to Batam! This terminal is generally less busy and there are limited schedules for ferries. Very near to Turi Beach and Badak Bike Park,0,False,
Nongsapura Ferry Terminal,I Made Kasa Astawa,True,Local Guide · 536 reviews · 687 photos,4 stars,6 years ago,Clean and peaceful,0,False,
Nongsapura Ferry Terminal,Aung Myo Myint,True,"Local Guide · 29 reviews · 1,229 photos",3 stars,3 years ago,Wifi is not working. But not crowded.,0,False,
Nongsapura Ferry Terminal,Shahadat Hossoin,True,Local Guide · 159 reviews · 932 photos,5 stars,a year ago,Good experience,0,False,
Nongsapura Ferry Terminal,eric MCsim,True,Local Guide · 107 reviews · 15 photos,3 stars,8 years ago,"arrived on the 745am ferry from Singapore Tanah Merah Ferry Terminal. There is a one hour difference from Singpaore. This becomes important if you are setting up meetups or arranging rendezvous with other people or catching your ferry ride back to Singapore. There is a cafe serving light food and drinks with seating (under fan, non air-condition). This will help with your wait.
The queue to pass through customs starts about 30 minutes prior to your departure time. It will seem like the queue is not moving at first, but just be patient. These guys have been doing this often enough to get it down good.",2,False,
Nongsapura Ferry Terminal,Juny Agnes,True,Local Guide · 76 reviews · 13 photos,5 stars,3 years ago,Clean and beautiful...cool...,0,False,
Nongsapura Ferry Terminal,Pawarana Suwanjindar,True,Local Guide · 180 reviews · 259 photos,4 stars,8 years ago,"Super convenient and fast immigration, check in, and ferry ride.",1,True,
Nongsapura Ferry Terminal,Tari,False,5 reviews,5 stars,3 months ago,"10 minutes from Batam Hang Nadim Airport.
30-minute ferry from Batam to Tanah Merah, Singapore.
From there, it's only 10-15 minutes to Changi Airport.

Best Ferry Terminal in Batam - Indonesia👍👍👍",0,False,
Nongsapura Ferry Terminal,Walter van der Boor,True,Local Guide · 5 reviews · 9 photos,4 stars,8 years ago,"Quiet ferry terminal in General. Unfortunately the timing of morning ferry’s is odd 6 am or 9 am, nothing in between. And 18:30 the last one back to singapore. Friendly staff, decent toilets and some good coffee. Better than you might expect as it’s a remote location.",1,False,
Nongsapura Ferry Terminal,Uncle Philip叔叔,True,Local Guide · 120 reviews · 204 photos,3 stars,9 years ago,This is a transfer point for ferry from Singapore Tana Merah Ferry Terminal to switch ferry to go onboard to the Aegean Paradise cruise ship,0,False,
Nongsapura Ferry Terminal,Agus Rianto,True,Local Guide · 55 reviews · 27 photos,5 stars,8 years ago,Comfortable,0,False,
Nongsapura Ferry Terminal,Radim Dodek,False,4 reviews,1 star,a year ago,"Absolutely terrible experience. We had a delay more than 1 hour, nobody said nothing to explain…. Then extra 20+ people arrived… effectiveness of onboarding despite several members of the staff more then sad… value money ratio super sad",0,False,
Nongsapura Ferry Terminal,Megan & Paul,False,10 reviews · 3 photos,1 star,4 years ago,Only 1 immigration officer for a latge ferry. Took almost 3 hours to leave the terminal.,1,False,
Nongsapura Ferry Terminal,Nurdin hanif,True,Local Guide · 40 reviews · 8 photos,5 stars,3 years ago,Crowded and friendly,0,False,
Nongsapura Ferry Terminal,Martins Erlihs,True,Local Guide · 72 reviews · 118 photos,4 stars,2 years ago,"Not too busy , perfect terminal for holiday makers.",0,False,
Nongsapura Ferry Terminal,Eric Atton,False,14 reviews · 3 photos,3 stars,7 years ago,Facility is give you the basics for an efficient departure to Bintan or Batam islands,0,False,
Nongsapura Ferry Terminal,FAIRUS IDZUALFIAN B DARUS Fairus,True,Local Guide · 12 reviews · 128 photos,5 stars,10 years ago,Nice place..,0,False,
Nongsapura Ferry Terminal,Spenno,True,Local Guide · 71 reviews · 5 photos,3 stars,5 years ago,I use it mainly to play golf at Tamarin. Full details of the ferry terminal and the golf course can be found at the batamexcursion.com website.,0,False,
Nongsapura Ferry Terminal,Terry Gao,True,Local Guide · 108 reviews · 252 photos,3 stars,8 years ago,Gets the job done with basic stuff available.,0,False,
Nongsapura Ferry Terminal,Mia Ricky,True,Local Guide · 68 reviews · 37 photos,2 stars,7 years ago,Run down terminal....,0,False,
Nongsapura Ferry Terminal,Kiky Rompiz,False,6 reviews,5 stars,Edited 6 years ago,The place is already quite international standard... Tanah Merah Port is a port that can be reached by ferry at Nongsa Port.,1,False,
Nongsapura Ferry Terminal,Rick,True,"Local Guide · 444 reviews · 1,140 photos",5 stars,6 years ago,Hassle-free immigration. 35 minutes from Tanah Merah,0,False,
Nongsapura Ferry Terminal,Kaptain Kerr,True,"Local Guide · 1,415 reviews · 5,205 photos",3 stars,9 years ago,"Pretty basic and slightly run down. But does the job fine and hey, it's a ferry terminal.",0,False,
Nongsapura Ferry Terminal,Tan Kwang Hooi,True,Local Guide · 37 reviews · 69 photos,4 stars,7 years ago,"Quite little ferry terminal from Nongsa, Batam to Tanah Merah, Singapore. Good route to use if you are rushing to Changi Airport and want to skip the traffic from Harborfront to Changi Airport.",0,False,
Nongsapura Ferry Terminal,Andreas A,True,Local Guide · 230 reviews · 18 photos,5 stars,6 years ago,"If You like the small and clean are, You will find it.",0,False,
Nongsapura Ferry Terminal,Carl Evans,True,Local Guide · 171 reviews · 34 photos,5 stars,7 years ago,"Always use this route to Tanah Merah, much nicer as it avoids Batam centre and long queues at Singapore immigration at Harbour front.",0,False,
Nongsapura Ferry Terminal,Cros Chum,True,Local Guide · 424 reviews · 166 photos,5 stars,7 years ago,Smooth and efficient,0,False,
Nongsapura Ferry Terminal,Wing Kin Chau,True,Local Guide · 5 reviews,3 stars,8 years ago,"Everything is in good order, don't expect any smiles from anybody",0,False,
Nongsapura Ferry Terminal,Gabriel Louis Vicco Alfarin,True,Local Guide · 352 reviews · 239 photos,4 stars,9 years ago,small harbour for easy access from Nongsa area to Tanah Merah Singapore,1,False,
Nongsapura Ferry Terminal,Andreas Augustin,True,Local Guide · 29 reviews,4 stars,Edited 7 years ago,Good feeling without climate control,0,False,
Nongsapura Ferry Terminal,michael tjhin,True,Local Guide · 75 reviews · 120 photos,5 stars,9 years ago,Ok,0,False,
Nongsapura Ferry Terminal,Anddy Fong,True,Local Guide · 33 reviews · 143 photos,5 stars,9 years ago,Easy access and good service,0,False,
Nongsapura Ferry Terminal,Leticia Malphettes,True,Local Guide · 33 reviews · 16 photos,1 star,Edited 6 months ago,"Authoritative imigration officer, with an attitude. He spoke in English almost all the time, while I was speaking in Bahasa to explain my enquiry. Then when I asked him to speak in Bahasa Indoensia, the attitude spiked up as he wants to show me that he is in charge. His customer service service is minimum cos he accused me of questioning his policy whereas I was trying to show him that my children (SG PR holders with Reentry Permit paper but do not possess PR Blue cards yet due to their age) did not need to pay any VOA. NOT PROFESSIONAL AND KNOWLEDGEABLE. He said to me in Indonesian....Ibu jangan ngegass dong! (Means...Mam, you don't shout2 lah and show attitude...is it appropriate for an officer??!!! I don't think so!!!) He left a bad taste in my mouth only on the 1st day we arrived in Batam. Be careful if you are SG PR with minors, stand on your ground and do not allow them to bully you.",0,False,
Nongsapura Ferry Terminal,하재영,True,"Local Guide · 175 reviews · 7,821 photos",4 stars,9 years ago,"After completing departure procedures at Tanamara Ferry Terminal near Singapore Airport,

taking a ferry boat that takes about 40 minutes to the Nongsa Ferry Terminal Immigration Office on Batam Island, Indonesia.

Entry and exit procedures completed with kindness and simplicity!",2,False,
Nongsapura Ferry Terminal,Noorlina Senin,True,Local Guide · 19 reviews · 36 photos,5 stars,3 years ago,"Simple terminal with cafes and shops for snacks, lapis and souvenirs. Prefer this to batam center.. suitable if you are staying in areas near here..
Fast immegration clearance as less ferries here...",1,True,
Nongsapura Ferry Terminal,Afrina Nurulda,False,6 reviews · 2 photos,5 stars,6 months ago,Nice seaport in Batam!,0,False,
Nongsapura Ferry Terminal,Heru Setiawan,True,Local Guide · 168 reviews · 377 photos,5 stars,7 years ago,"Ferry terminal to Singapore, the advantage is that it is close to famous resorts in Batam but far from the hustle and bustle of Batam",1,False,
Nongsapura Ferry Terminal,Eileen Teo (ET Speaks From Home),True,"Local Guide · 993 reviews · 3,967 photos",3 stars,a year ago,"super hot there as not all fan turn on.

there are a good range of shops to buy goodies before going.

unable to connect their WiFi.

staffs are friendly.",0,True,
Nongsapura Ferry Terminal,Chester Chen,True,Local Guide · 784 reviews · 168 photos,2 stars,9 years ago,"-
One counter open despite many queuing.
Baggage check-in chargeable.
Very limited shops.",0,False,
Nongsapura Ferry Terminal,Veeraps,True,Local Guide · 47 reviews · 148 photos,4 stars,8 years ago,"One of the clean ferry terminals in Batam - not so busy, as passengers to Nongsapura only arrive and depart - as the passengers count is small, assume the stall also small and not that big numbers - have a money changer - WellAsih Massage shop -nothing much in my opinion.",0,False,
Nongsapura Ferry Terminal,Tan Wen Hao,True,Local Guide · 52 reviews · 695 photos,4 stars,a year ago,"A very small ferry terminal, and convenient ferry point from Tanah Merah ferry terminal. The ferry staff are very helpful, providing umbrellas and support when needed. Very fast in clearing immigration as well due to the low footfall here. There is a small cafe, souvenir shop and a stall selling SIM cards there. There will usually also be drivers from the nearby resorts to drive you to the resorts too.",0,False,
Nongsapura Ferry Terminal,Yulianto Chandra,True,Local Guide · 45 reviews · 3 photos,5 stars,6 years ago,Gateway,0,False,
Nongsapura Ferry Terminal,Pojok Creepy,True,Local Guide · 22 reviews · 37 photos,5 stars,6 years ago,"Cool, for easy access and location, even though it takes more time to get to the location.",0,True,
Nongsapura Ferry Terminal,Abhay Kumar,True,Local Guide · 41 reviews · 4 photos,2 stars,2 years ago,Immigration is terrible. Takes very long to clear,0,False,
Nongsapura Ferry Terminal,Alvin Lim,True,"Local Guide · 280 reviews · 1,387 photos",4 stars,a year ago,"Nongsapura Ferry Terminal in Batam, Indonesia, is a well-organized and efficient gateway for travelers heading to Singapore or other nearby islands. The terminal is relatively clean, with basic amenities such as waiting areas, snack stalls, and restrooms, though it could benefit from more seating and better maintenance. Immigration and boarding processes are generally smooth, but peak hours can see longer queues. The terminal’s location offers scenic waterfront views, adding a pleasant touch to the waiting experience. While not as modern as some international ferry hubs, Nongsapura serves its purpose effectively for short-distance travel. Improvements in signage and customer service could enhance the overall experience.",0,True,
Nongsapura Ferry Terminal,Suparyanto Suparyanto,False,3 reviews,5 stars,8 years ago,"Smaller than another ferry terminal, but nicer!!",0,False,
Nongsapura Ferry Terminal,Roger Stadler,True,Local Guide · 13 reviews · 17 photos,1 star,a year ago,"The immigration at Nongsa Ferry Terminal, besides being rude is inflexible. The new rule for PR's to stay 4 days in Batam is actually only good for 3 days. We left under 96 hours, but were then informed, that we should have left after 3 days, as half days count, not 4 x 48 hours. So PRs, watch out for this new trick by Batam customs to make some extra money, more than a 30 day visa.",1,False,
Nongsapura Ferry Terminal,Jenny,True,Local Guide · 107 reviews · 98 photos,4 stars,3 years ago,"It's a tiny place with only one shop where you can rest, and there are lots of big flies!",0,False,
Nongsapura Ferry Terminal,Tono Suyanto Liu,True,"Local Guide · 28 reviews · 1,010 photos",5 stars,6 years ago,good,0,False,
Nongsapura Ferry Terminal,Citra Pandiangan,True,Local Guide · 283 reviews · 879 photos,4 stars,8 years ago,Wow.. nice terminal ferry to cross to Singapore,1,False,
Nongsapura Ferry Terminal,Gatot Surahman,True,Local Guide · 319 reviews · 100 photos,4 stars,9 years ago,"A ferry terminal far from the busy center. It's usually used by expatriates, so it's relatively quieter than other ferry terminals.",2,False,
Nongsapura Ferry Terminal,Daniel Lye,True,Local Guide · 110 reviews · 160 photos,4 stars,9 years ago,Needs more upgrading,0,False,
Nongsapura Ferry Terminal,Jong-Moon Wang,True,Local Guide · 350 reviews · 21 photos,3 stars,7 years ago,Convenient facilities,0,False,
Nongsapura Ferry Terminal,Ita Purnama,True,Local Guide · 65 reviews · 580 photos,3 stars,7 years ago,The aura is just different from any other ferry terminal in Batam,0,False,
Nongsapura Ferry Terminal,Hiroshi Muhhammad Hiroshi Omar Malik,False,2 reviews,5 stars,3 months ago,"The Best Internasional Ferry Terminal  ini Batam. Best way to go to Batam from Singapore. Fast and Excellent service. The staffs also very polite and helpful. Surrounding area there are many resorts, Hotel and Golf Course",0,False,
Nongsapura Ferry Terminal,Hong Gyu Park,True,"Local Guide · 537 reviews · 1,053 photos",4 stars,2 years ago,"This is one of the terminals in Batam. It takes about 30 minutes by boat from Singapore's Tanamera Ferry Port. Now that the COVID-19 pandemic is over, many people from Singapore are visiting.",0,False,
Nongsapura Ferry Terminal,Afri Yosman,True,Local Guide · 105 reviews · 18 photos,4 stars,5 years ago,"This Ferry Terminal is one of the entrances to the city of Batam which is located in the Nongsa area of ​​Batam, Riau Islands.",1,False,
Nongsapura Ferry Terminal,TAY WAE,True,Local Guide · 22 reviews · 123 photos,5 stars,5 years ago,Nice place,1,False,
Nongsapura Ferry Terminal,Nara Dewa,True,Local Guide · 14 reviews · 43 photos,5 stars,5 years ago,"Good ferry port connecting Nongsa in Batam to Tanah Merah in Changi, Singapore",0,False,
Nongsapura Ferry Terminal,Bambang Murjito,False,1 review · 1 photo,5 stars,a year ago,Natural harbor and natural concept,0,True,
Nongsapura Ferry Terminal,Benjamin Ong,True,"Local Guide · 553 reviews · 1,169 photos",5 stars,3 years ago,Nice ferry terminal!,0,False,
Nongsapura Ferry Terminal,Nurul Maulida,False,2 reviews,5 stars,4 years ago,"Not so good so far to shopping mall, and non-public transport come, area not familiar with people and a lot robbery case, very scared",1,False,
Nongsapura Ferry Terminal,El Fazar,True,Local Guide · 27 reviews · 11 photos,5 stars,Edited 8 years ago,nice,0,False,
Nongsapura Ferry Terminal,Zulfahmi Chan,True,Local Guide · 54 reviews · 36 photos,5 stars,6 years ago,Good,0,False,
Nongsapura Ferry Terminal,Jason Yeo,True,Local Guide · 708 reviews · 899 photos,2 stars,7 years ago,"Honestly, not here at this ferry terminal for anyone or any last minute shopping. Dont expect anything here to buy or shop.
Just arrive on time for your ferry and be on your way home.",0,False,
Nongsapura Ferry Terminal,Edbonson Ugbinada,True,Local Guide · 72 reviews,4 stars,6 years ago,"Clean terminal for ferry, good security",0,False,
Nongsapura Ferry Terminal,Christian Beermann,True,Local Guide · 277 reviews · 362 photos,4 stars,6 years ago,"Well, it's a ferry terminal. Pretty small so easy to get to the ferry on time. If you are coming to the island and go to a resort, this might be your last chance to get cash if you need it.",0,False,
Nongsapura Ferry Terminal,Didi McAriff,False,9 reviews · 7 photos,5 stars,8 years ago,Nice  area with acessible basic needs,0,False,
Nongsapura Ferry Terminal,Hafidz Qodli Abdillah,True,Local Guide · 249 reviews · 49 photos,4 stars,a year ago,"Yes, that's right.",0,False,
Nongsapura Ferry Terminal,Tjondro Sutanto,True,Local Guide · 542 reviews · 134 photos,4 stars,8 years ago,Transit point to Singapore,1,False,
Nongsapura Ferry Terminal,Gozly Sukry,True,Local Guide · 152 reviews · 57 photos,5 stars,3 years ago,The view is really good,0,True,
Nongsapura Ferry Terminal,dean dean,True,Local Guide · 202 reviews · 17 photos,5 stars,7 years ago,Busy,0,False,
Nongsapura Ferry Terminal,Andre Cheah,True,"Local Guide · 450 reviews · 2,074 photos",3 stars,Edited 6 years ago,"This seems a little better than the last time I have been here. Toilets are cleaner than I remember and there seemed to be heaps more traffic. There were also more stalls and bought a few things to bring back on the ferry.

The is insufficient fans / ventilation in some areas especially if there is no wind.

Check in was nice and easy and staff smile once in a while. Remember your 10000 IDR for luggage check ins per piece to and fro.

If you have kids / disability access required make sure to ask the staff to let you join the priority line. You need to take initiative yourself.

Other than that, I don't see people hanging out here. I mean it's a terminal!",1,False,
Nongsapura Ferry Terminal,Meva Tri Kumala Dewi,True,Local Guide · 94 reviews · 500 photos,4 stars,8 years ago,"The place is sweet for the view, lots of cool greenery....",1,False,
Nongsapura Ferry Terminal,Egis Surya Septi,False,1 review,5 stars,a year ago,"Very entertaining, and really cool, really cool",0,False,
Nongsapura Ferry Terminal,Anand prabhu,True,Local Guide · 117 reviews,3 stars,6 years ago,Not too bad. Custom clearance may be slow though only few passengers.,0,False,
Nongsapura Ferry Terminal,Kristian Rambe,True,Local Guide · 106 reviews · 33 photos,3 stars,7 years ago,"after playing golf, go straight to Singapore",0,False,
Nongsapura Ferry Terminal,Bodj V,True,Local Guide · 79 reviews · 68 photos,4 stars,3 years ago,So much better than Tanah Merah ferry station.,0,False,
Nongsapura Ferry Terminal,Cahyani Gita,False,2 reviews,5 stars,6 months ago,The harbor is clean and comfortable,0,False,
Nongsapura Ferry Terminal,Zahir Norman,True,Local Guide · 63 reviews · 184 photos,5 stars,9 years ago,Nice place like kampung side compare batam centre always buzy and noise,1,False,
Nongsapura Ferry Terminal,PREIHAN DINESH,True,Local Guide · 109 reviews · 1 photo,5 stars,3 years ago,Just 40 mins away from SG for a quick getaway.,0,False,
Nongsapura Ferry Terminal,Prasad Vithanage,True,Local Guide · 144 reviews · 175 photos,5 stars,2 years ago,Well maintained. Good service. Nice staff.,0,False,
Nongsapura Ferry Terminal,Waka Rëu,True,"Local Guide · 299 reviews · 4,238 photos",5 stars,Edited 7 years ago,A quite place with good service i really like it,1,False,
Nongsapura Ferry Terminal,Han,True,Local Guide · 164 reviews · 59 photos,4 stars,9 years ago,Clean ferry terminal for holiday makers.,0,False,
Nongsapura Ferry Terminal,baby Ling,True,Local Guide · 131 reviews · 32 photos,5 stars,7 years ago,"The terminal is pretty small, more simple compare to the others ferry terminal. On time schedule, and closer to singapore ferry terminal, compare to the other ferry terminal in batam.",0,False,
Nongsapura Ferry Terminal,S F Seiei,True,Local Guide · 227 reviews · 53 photos,4 stars,4 years ago,"feel nostalgic whenever coming here. i like the ambience, yes it is already old building n maybe need some repainting in some areas, it has small masjid nearby and a kelong(seafood restaurant) in same area. this ferry terminal occupied as much as possible the building let natural light come inside, but in my opinion sometimes not enough cuz it is not supported with light-colored tiles and make the place looks haunted from outside (indeed there are some people activities inside) lol.

beverages price quite pricey around 2SGD/medium cup

trivia: Signed by 2nd Indonesia President in 1995, 11th Dec",0,False,
Nongsapura Ferry Terminal,antok aremania,True,Local Guide · 18 reviews · 81 photos,4 stars,3 years ago,For relaxing okay have,0,False,
Nongsapura Ferry Terminal,Julian Ang,True,Local Guide · 322 reviews · 183 photos,3 stars,3 years ago,Quaint,0,False,
Nongsapura Ferry Terminal,Reza Maha,True,"Local Guide · 3,821 reviews · 15,365 photos",5 stars,6 months ago,"Nongsapura... A new route from Nongsapura to Pasir Gudang, Johor is planned (currently on trial). Hopefully, it will be realized.",0,True,
Nongsapura Ferry Terminal,Sheng,True,"Local Guide · 500 reviews · 2,028 photos",4 stars,7 years ago,Adequate. The officer is friendly enough to switch on the fan for the passengers queueing to clear immigration. Thumb up.,0,False,
Nongsapura Ferry Terminal,Winta Nostavia,False,3 reviews,4 stars,8 years ago,"Comfortable and not so crowded, there is free wifi and I like it",1,False,
Nongsapura Ferry Terminal,Mike Stoddart,True,Local Guide · 44 reviews · 1 photo,4 stars,8 years ago,Helpful Staff and Free parking,1,False,
Nongsapura Ferry Terminal,Tim van der Werff,True,Local Guide · 259 reviews · 538 photos,4 stars,8 years ago,Great connection to Batam Golf,1,False,
Nongsapura Ferry Terminal,M. Alvicky Satyawardana,True,Local Guide · 33 reviews · 12 photos,5 stars,6 years ago,Comfy terminal,0,False,
Nongsapura Ferry Terminal,Floyd Wee,True,Local Guide · 62 reviews,5 stars,7 years ago,Ferry Terminal in Batam,0,False,
Nongsapura Ferry Terminal,Anne Regine Frondozo-Adao,True,Local Guide · 21 reviews · 2 photos,5 stars,8 years ago,Welcoming staff and clean terminal,0,False,
Nongsapura Ferry Terminal,Nikita Kale,True,"Local Guide · 154 reviews · 1,001 photos",3 stars,6 years ago,"Nongsapura terminal is in Batam.
Its quite inside.

Ferry from Singapore arrives here.
Also departs to Singapore.

It's a very small  and non ac terminal.

Only two immigration counters are here.

At terminal  there are few shops.

If you have already done with your resort booking you will find your resort person for bus transfer in waiting area.",2,False,
Nongsapura Ferry Terminal,Dani Hidayat,True,Local Guide · 33 reviews · 10 photos,5 stars,5 years ago,Ok,1,False,
Nongsapura Ferry Terminal,Ebadullah Siddiq,True,Local Guide · 126 reviews · 16 photos,4 stars,7 years ago,Good and pleasant experience,0,False,
Nongsapura Ferry Terminal,Fatma vhey,True,"Local Guide · 176 reviews · 2,120 photos",3 stars,Edited 6 years ago,The ferry terminal is close if you want to go to the resort in the Nongsa area.,0,False,
Nongsapura Ferry Terminal,mega motovlog,True,Local Guide · 60 reviews · 22 photos,5 stars,3 years ago,Very beautiful,0,False,
Nongsapura Ferry Terminal,alicamakaroni Channel,True,Local Guide · 83 reviews · 176 photos,5 stars,2 years ago,"Beautiful, clean,",0,True,
Nongsapura Ferry Terminal,Wibi Dotdot,True,Local Guide · 18 reviews · 107 photos,5 stars,a year ago,"The place is quiet, comfortable & cool...",0,True,
Nongsapura Ferry Terminal,muhd zulfadli,True,Local Guide · 11 reviews · 4 photos,5 stars,7 years ago,Simple ferry terminal,0,False,
Nongsapura Ferry Terminal,Hulkster Hakim,True,Local Guide · 25 reviews · 40 photos,5 stars,2 years ago,Easy access,0,False,
Nongsapura Ferry Terminal,Debsubhra Chakraborty,True,"Local Guide · 171 reviews · 1,014 photos",3 stars,8 years ago,"Basic facilities, and the immigration staff are not that friendly.",0,False,
Nongsapura Ferry Terminal,Ang Alden,True,Local Guide · 172 reviews · 14 photos,5 stars,6 years ago,not bad,0,False,
Nongsapura Ferry Terminal,Goh Francis,True,"Local Guide · 1,336 reviews · 184 photos",3 stars,8 years ago,Rest and relax,0,False,
Nongsapura Ferry Terminal,Biston Nasution,False,3 reviews · 5 photos,5 stars,a year ago,"Nongsa Terminal is a comfortable and beautiful port, the environment is calm and there are good facilities such as: cafe, money changer, gallery, shop, souvenir counter, clinic, prayer room, etc.",0,True,
Nongsapura Ferry Terminal,Aulia Farabi,True,Local Guide · 260 reviews · 86 photos,4 stars,7 years ago,Quiet. Location is not busy. Good facilities,0,False,
Nongsapura Ferry Terminal,Scott Savage,True,Local Guide · 178 reviews · 798 photos,3 stars,Edited 9 years ago,"Nothing much to do, one cafe and one shop that both only take rupees. Clean and easy enough.",1,False,
Nongsapura Ferry Terminal,Seog Soo Yie,True,"Local Guide · 668 reviews · 2,944 photos",3 stars,8 years ago,Small ferry terminal,0,False,
Nongsapura Ferry Terminal,Tiaalestarii,True,Local Guide · 10 reviews · 15 photos,5 stars,2 years ago,"A comfortable place to relax for a moment after a tiring journey.
The water is a beautiful turquoise color, the bridge is also beautiful, the road is relatively quiet. Make sure to park your vehicle on the side of the road before the bridge to avoid disturbing other road users. Don't forget to dispose of trash properly. Don't throw it into the sea or the road. If there are no trash cans, take your trash home!🙏👍",0,False,
Nongsapura Ferry Terminal,Mas Wahono,True,Local Guide · 125 reviews · 249 photos,5 stars,5 years ago,"Hopefully Corona will soon be over, and this port will soon be running smoothly.",0,False,
Nongsapura Ferry Terminal,edward Firmanhasyim,True,Local Guide · 8 reviews · 10 photos,5 stars,4 years ago,What an amazing journey,0,True,
Nongsapura Ferry Terminal,Peter C Byron (Hitchhiker007),True,Local Guide · 248 reviews · 654 photos,4 stars,a year ago,A back water terminal with a great VIP massage service,0,True,
Nongsapura Ferry Terminal,Hazmann Majlam,True,Local Guide · 14 reviews · 277 photos,4 stars,8 years ago,Small in area but comfortable and efficient.,0,False,
Nongsapura Ferry Terminal,Hwang DongJin,True,Local Guide · 141 reviews · 16 photos,3 stars,a year ago,"Small ferry terminal.
They officially charge 1 Singapore dollar per piece of luggage, both on arrival and departure.
There are free shuttles to nearby resorts.
Mosquitoes abound.",0,False,
Nongsapura Ferry Terminal,Minoru Yoshida,True,"Local Guide · 88 reviews · 3,868 photos",5 stars,8 years ago,"This route is the easiest way to travel from Batam Island to Singapore.

There is almost no waiting time at immigration in Singapore.",1,False,
Nongsapura Ferry Terminal,Kapten. Amerika,True,Local Guide · 144 reviews · 188 photos,5 stars,8 years ago,Singapore crossing route,0,False,
Nongsapura Ferry Terminal,Roni Pandani,True,Local Guide · 54 reviews · 55 photos,4 stars,2 years ago,Clean terminal,0,True,
Nongsapura Ferry Terminal,Fajar A. R,True,Local Guide · 58 reviews · 35 photos,4 stars,7 years ago,The mosque is nice.,0,False,
Nongsapura Ferry Terminal,irwan idham,True,Local Guide · 91 reviews · 3 photos,5 stars,7 years ago,Good,0,False,
Nongsapura Ferry Terminal,Dilla Afrida,True,"Local Guide · 1,012 reviews · 3,872 photos",5 stars,Edited 3 years ago,The harbor inside the resort and golf course..very beautiful.,0,True,
Nongsapura Ferry Terminal,RATNA ATHZ,True,"Local Guide · 615 reviews · 2,308 photos",5 stars,6 years ago,Batam Singapore ferry port...,0,False,
Nongsapura Ferry Terminal,콩란,True,Local Guide · 129 reviews · 693 photos,3 stars,10 years ago,"Once the ticket is recognized by the machine, you can board the ship, but the ticket wasn't recognized properly... and since there was no one around to guide me, I had to struggle alone. You have to find your own belongings and get them off the ship yourself.",0,False,
Nongsapura Ferry Terminal,Adam Putu Jose,True,Local Guide · 130 reviews · 8 photos,5 stars,8 years ago,The Coolest Port: Batam to Singapore or Singapore to Batam,0,False,
Nongsapura Ferry Terminal,Muhammad Arief Eka Putra,True,Local Guide · 83 reviews · 114 photos,5 stars,7 years ago,Could be the most beautiful ferry terminal that you ever visited,0,False,
Nongsapura Ferry Terminal,D.A Hartanta,True,Local Guide · 324 reviews · 129 photos,4 stars,6 years ago,Nice place to hide,0,False,
Nongsapura Ferry Terminal,Yuven Rinto,False,2 reviews,5 stars,6 months ago,"Comfortable, nice, clean harbor",0,False,
Nongsapura Ferry Terminal,Li-Jen Hou,True,"Local Guide · 107 reviews · 1,763 photos",4 stars,7 years ago,Architecture there has the exotic atmosphere with roof of traditional Indonesian style,0,True,
Nongsapura Ferry Terminal,Yogi Second,True,Local Guide · 34 reviews · 69 photos,5 stars,8 years ago,Nice place,1,False,
Nongsapura Ferry Terminal,Nawri Irwan,True,Local Guide · 67 reviews · 200 photos,5 stars,3 years ago,Best,0,False,
Nongsapura Ferry Terminal,Wei Yang Moo,True,Local Guide · 111 reviews · 143 photos,4 stars,7 years ago,"IDR10,000 for check-in baggage (large luggages)
Last minute layer cake purchase, a shady Polo Ralph Lauren shop, a convenience store, souvenir shops .

Tips:
SMOKERS AND ALCOHOLICS: do not throw away your last few sticks , there is a “Beer garden and Smoking point” after you enter the departure immigration, there’s a small station selling beers at IDR16,000 a can and you can enjoy at the garden smoking and drinking while waiting for time to board the ferry!",1,False,
Nongsapura Ferry Terminal,D W,True,Local Guide · 70 reviews · 205 photos,2 stars,8 years ago,Chaos port,0,False,
Nongsapura Ferry Terminal,Hita Prasasya,False,10 reviews · 8 photos,5 stars,2 years ago,"Nice, quiet, smooth service",0,False,
Nongsapura Ferry Terminal,Abel Brata,True,Local Guide · 224 reviews · 740 photos,5 stars,5 years ago,Not bad.,0,True,
Nongsapura Ferry Terminal,Blue Balls,True,Local Guide · 129 reviews · 28 photos,5 stars,7 years ago,Very nice ferry terminal.,0,False,
Nongsapura Ferry Terminal,Nur Afifah,False,12 reviews,5 stars,Edited 6 months ago,A harbor close to home. The place is clean and not too crowded.,0,False,
Nongsapura Ferry Terminal,Twin H,True,Local Guide · 8 reviews · 3 photos,4 stars,9 years ago,Tanah Merah to Batam [Nongsa Pura],2,False,
Nongsapura Ferry Terminal,Bene Ko,True,Local Guide · 646 reviews · 143 photos,4 stars,Edited 7 years ago,"just a ferry terminal, fast service, avoid during holiday seasons",0,False,
Nongsapura Ferry Terminal,eVa,True,Local Guide · 10 reviews · 25 photos,3 stars,4 years ago,Batamfast is the only ferry provider here. You can only leave the terminal via the shuttle provided by the resort. No grab or other car here. This is an isolated place.,1,True,
Nongsapura Ferry Terminal,Sebastian Brozek,True,Local Guide · 132 reviews · 134 photos,5 stars,6 years ago,"Always nice to use this port,  not so busy and immigration it's very fast.",0,False,
Nongsapura Ferry Terminal,Jeff Choi,True,Local Guide · 14 reviews · 1 photo,5 stars,7 years ago,"This is the passenger terminal for Singapore. Most travelers play golf, and about 50% of them are heading to Singapore. There's a Korean restaurant, Amazon, here, which I highly recommend. Among the dishes, I highly recommend the spicy fish stew. There's also a massage parlor where you can get a full-body oil massage for $22 per hour. It's clean and healthy.",1,False,
Nongsapura Ferry Terminal,Jayabalan Muniandy,True,Local Guide · 103 reviews · 9 photos,5 stars,8 years ago,indonesia,0,False,
Nongsapura Ferry Terminal,Zulfikar BatamIsland,True,Local Guide · 12 reviews · 1 photo,5 stars,8 years ago,"Comfortable, peaceful, and serene..",1,False,
Nongsapura Ferry Terminal,Noraini Rj,False,1 review · 1 photo,5 stars,a year ago,"Beautiful environment, friendly staff, canteen, money changer, shop, souvenir counter, close to resort and golf course.",0,False,
Nongsapura Ferry Terminal,Renan Hafsar,True,Local Guide · 174 reviews · 126 photos,5 stars,7 years ago,Calm.. suitable for relax and picnic,0,False,
Nongsapura Ferry Terminal,Tommy,True,Local Guide · 11 reviews · 26 photos,5 stars,5 years ago,"One of the international ports on Batam Island, serving travel to and from Tanah Merah Port in Singapore, with a travel time of approximately 30 minutes, Nongsapura Port is a beautiful port with a natural atmosphere and is very clean. Taxis are available for public transportation, but mass transportation is somewhat limited due to its distance from the center of the city. This port is relatively close to Hang Nadim International Airport, with a travel time of approximately 10 minutes.",1,True,
Nongsapura Ferry Terminal,Li Ciieen,False,6 reviews · 4 photos,5 stars,7 years ago,"Terminal is not too crowded, near to the hang nadim airport. Employees are friendly. There are several shops such as money changer, wine boutique, mini mart. Beer, wine, whiskey are more cheaper in wine boutique than resort.",0,False,
Nongsapura Ferry Terminal,Ashmeer K,True,Local Guide · 28 reviews,4 stars,9 years ago,Fast check in and polite staff,0,False,
Nongsapura Ferry Terminal,kenshinjeff 躍洋,True,"Local Guide · 136 reviews · 1,119 photos",3 stars,9 years ago,"This place is a regular ferry terminal, nothing good or bad about it. There is a shop that sells souvenirs/snacks/water if you forgot to buy it from where you departed. That's also a small cafe.",0,False,
Nongsapura Ferry Terminal,RG KREATOR VIDEO,False,9 reviews · 4 photos,5 stars,5 years ago,Ok,0,False,
Nongsapura Ferry Terminal,Hok Eng Tjan,True,Local Guide · 16 reviews · 1 photo,5 stars,4 years ago,Service is very Ok,0,False,
Nongsapura Ferry Terminal,Irwan S,True,Local Guide · 143 reviews · 20 photos,5 stars,4 years ago,Beautiful,0,False,
Nongsapura Ferry Terminal,Remko Westra,True,Local Guide · 143 reviews · 229 photos,3 stars,6 years ago,Basic ferry terminal,0,False,
Nongsapura Ferry Terminal,Rennie Lee,True,"Local Guide · 1,887 reviews · 7,721 photos",3 stars,3 years ago,"Small ferry terminal, just one small eatery and a few shops.",0,True,
Nongsapura Ferry Terminal,ELIZABETH T,True,Local Guide · 72 reviews · 88 photos,5 stars,8 years ago,Its a very small terminal. Can get very crowded during popular ferry timings. There's nothing much to eat there. Better to eat your meals before.,0,False,
Nongsapura Ferry Terminal,Guang,True,Local Guide · 240 reviews · 62 photos,3 stars,6 years ago,"Standard ferry terminal. Nothing much here. Drinks at the mama shop is reasonable (25,000 for 1.5litre 100plus). Service is good.",0,False,
Nongsapura Ferry Terminal,Ryan Chew,True,Local Guide · 361 reviews · 181 photos,4 stars,Edited 7 years ago,Not crowded.,0,False,
Nongsapura Ferry Terminal,Andre Webb,True,Local Guide · 62 reviews · 126 photos,4 stars,8 years ago,Needs a face lift,0,False,
Nongsapura Ferry Terminal,Mike Haller,True,Local Guide · 44 reviews · 103 photos,5 stars,10 years ago,"worked like a charm, very friendly staff",0,False,
Nongsapura Ferry Terminal,Tony Rinaldi,True,Local Guide · 100 reviews · 10 photos,4 stars,4 years ago,"The one and only ferry terminal in Nongsa area. This terminal is the closest terminal to Singapore side. It takes 45 minutes journey. Facility inside the terminal is complete. Service from staff and government staff like Custom, Immigration etc were profesional.",1,False,
Nongsapura Ferry Terminal,putri widayati,True,Local Guide · 41 reviews · 20 photos,5 stars,8 years ago,Tomorrow the weather will be fine.,0,False,
Nongsapura Ferry Terminal,Ruben Rompis,True,Local Guide · 62 reviews · 113 photos,5 stars,6 years ago,The place is remote and there is no public transportation,0,False,
Nongsapura Ferry Terminal,Laila Kusumah,True,Local Guide · 17 reviews · 25 photos,5 stars,6 years ago,Nice view,0,False,
Nongsapura Ferry Terminal,Fiizaa Hashim,True,"Local Guide · 134 reviews · 2,001 photos",5 stars,3 years ago,First time going Batan via Nongsapura. Smooth and not crowded.,0,True,
Nongsapura Ferry Terminal,Abin meang,False,7 reviews · 1 photo,5 stars,6 years ago,Its beauty,0,False,
Nongsapura Ferry Terminal,Inkshop Colombo,True,Local Guide · 85 reviews · 42 photos,4 stars,6 years ago,Ok,0,False,
Nongsapura Ferry Terminal,Adnan Baradja,True,Local Guide · 155 reviews · 30 photos,5 stars,7 years ago,Good,0,False,
Nongsapura Ferry Terminal,Darno Laksono,False,1 review,4 stars,12 years ago,Here,0,False,
Nongsapura Ferry Terminal,Azwir Azwir,True,Local Guide · 4 reviews · 16 photos,3 stars,6 years ago,"Because here the immigration service is fast because the passengers are not so crowded and if we want to go to Cangi Airport, there are bus facilities for Cangi from Tanah Merah Singapore.",1,False,
Nongsapura Ferry Terminal,benjamin mukhim,True,Local Guide · 51 reviews · 68 photos,5 stars,6 years ago,"Quiet, no rush, less crowd",0,False,
Nongsapura Ferry Terminal,Anang Kuswanto,True,Local Guide · 67 reviews · 7 photos,5 stars,9 years ago,Good place,0,False,
Nongsapura Ferry Terminal,ah hock goh,True,Local Guide · 462 reviews · 229 photos,3 stars,8 years ago,Simple ferry port.  Very basic,0,False,
Nongsapura Ferry Terminal,Rere Chan,True,Local Guide · 117 reviews · 261 photos,4 stars,5 years ago,Can send goods from Spore to Batam.. But it's so far away..🤪 …,0,False,
Nongsapura Ferry Terminal,Masaaki Moriyama,True,"Local Guide · 2,703 reviews · 84,845 photos",4 stars,9 years ago,Beautiful terminal ^_^,1,False,
Nongsapura Ferry Terminal,Hendry Thandriano,False,7 reviews · 8 photos,5 stars,7 years ago,The atmosphere of the Ferry Terminal which serves overseas departures.,2,False,
Nongsapura Ferry Terminal,Kenrick Lam,False,180 reviews · 15 photos,4 stars,7 years ago,It is a basic terminal. Most come here either to transit or to one of the beach resorts in the bay area. It does not have much in the way of facilities so you are advised not to come too early if not you will be bored waiting for your ferry. Likely no queue for the immigration counter.,2,False,
Nongsapura Ferry Terminal,Karthik T,True,Local Guide · 13 reviews · 5 photos,4 stars,3 years ago,a very nice terminal with shops and restaurants,0,False,
Nongsapura Ferry Terminal,Hermawan Lubis,True,"Local Guide · 249 reviews · 3,431 photos",4 stars,9 years ago,"The terminal is 10 minutes from Hang Nadim Airport in Batam and the only ferry terminal in the exclusive tourist area of ​​Nongsa Batam which is close to Turi Beach Resort, Nongsa Point Marina, Nongsa Village, Montigo Resort, Batam View Beach Resort and Tamarin Santana Golf courses, Palm Springs and Tering Bay.",3,False,
Nongsapura Ferry Terminal,Elma Tagani Ginting,True,Local Guide · 40 reviews · 296 photos,5 stars,2 years ago,So beautifull🥰🥰 …,0,True,
Nongsapura Ferry Terminal,JLC J,True,Local Guide · 109 reviews,5 stars,2 months ago,"I would like to sincerely express my heartfelt appreciation to Eddie and the entire security team for their honesty, responsibility, and kindness in helping to locate my lost card.

Instead of misplacing it, using it, or throwing it away, the team carefully kept it safe at the guard post until I managed to retrieve it. Such integrity and trustworthiness are truly rare and deeply appreciated.

I feel very grateful and blessed to know such thoughtful, responsible, and dependable people. Special thanks to Eddie, whom I have known the longest for many years, for always being sincere, helpful, and reliable throughout.

Thank you once again to Eddie and the whole security team for your professionalism and honesty. Your actions truly reflect great character and dedication. God bless! ✨️🤍✨️",0,False,
Nongsapura Ferry Terminal,Eddy Ng,True,Local Guide · 383 reviews · 991 photos,5 stars,Edited 4 years ago,"Good, better, repaint and renovation all building",0,False,
Nongsapura Ferry Terminal,Faizal Razali,True,Local Guide · 125 reviews · 76 photos,4 stars,8 years ago,One of a kind harbour,0,False,
Nongsapura Ferry Terminal,Bg dik chanel,True,Local Guide · 37 reviews · 25 photos,5 stars,5 years ago,Awesome👍👍👍 …,0,False,
Nongsapura Ferry Terminal,Lorraine Fragante,True,Local Guide · 54 reviews · 50 photos,5 stars,9 years ago,friendly staff,0,False,
Nongsapura Ferry Terminal,Gatri Pamuji,True,Local Guide · 36 reviews · 310 photos,5 stars,3 years ago,Extraordinary,0,True,
Nongsapura Ferry Terminal,Muhammad Arian Fauzie,True,Local Guide · 9 reviews · 17 photos,4 stars,Edited 8 years ago,Nice harbor.,1,False,
Nongsapura Ferry Terminal,Arep editz,True,Local Guide · 12 reviews · 64 photos,4 stars,8 years ago,cool,1,False,
Nongsapura Ferry Terminal,Rinaldi Sinaga,True,Local Guide · 402 reviews · 532 photos,3 stars,4 years ago,Nongsa Ferry Terminal to Singapore,0,False,
Nongsapura Ferry Terminal,Deepan Elango,True,Local Guide · 27 reviews · 323 photos,4 stars,2 years ago,Nothing much to do here,0,False,
Nongsapura Ferry Terminal,L S,True,Local Guide · 55 reviews · 399 photos,5 stars,3 years ago,"Very good service and the officers and drivers assigned to the ferry are very decent and makes you feel very safe even for a single lady to travel to and fro. There is Polo Ralph discount outlet and a 7 day cafe (till 6pm) with all kinds of favourite Indonesia food, coffees n drinks. My favourite ferry at Batam.",2,True,
Nongsapura Ferry Terminal,Jax Xeno,True,Local Guide · 12 reviews · 9 photos,3 stars,6 years ago,Close to Nongsa Resort,0,False,
Nongsapura Ferry Terminal,chicken popcorn,True,Local Guide · 6 reviews · 8 photos,4 stars,9 months ago,Very helpful staff.,0,False,
Nongsapura Ferry Terminal,Ke Yu,True,Local Guide · 127 reviews · 958 photos,4 stars,8 years ago,"Compared to the other two terminals, it's nice and laid back.",1,False,
Nongsapura Ferry Terminal,Kama Amin,True,Local Guide · 47 reviews · 198 photos,4 stars,3 years ago,Not a busy terminal. Very relaxing arrival and departure.,0,False,
Nongsapura Ferry Terminal,cherli,True,Local Guide · 118 reviews · 199 photos,4 stars,a month ago,Very far from city centre but otherwise okay. There are two kuih lapis outlets here - lamoist and lapisa.,0,False,
Nongsapura Ferry Terminal,YY,True,"Local Guide · 2,702 reviews · 18,234 photos",4 stars,7 years ago,"Simple ferry terminal with a convenience shop that sells goodies, DFS and even a Ralph Lauren retail shop.

Do take note that since there’s no holding or waiting area once you clear the customs, you will be waiting at the common area until the ferry is ready. And this is tricky because the TV that is supposed to show the ferry timing isn’t up to date. Therefore, you will have to rely on being there, waiting for the relevant personnel to call out for boarding.",0,False,
Nongsapura Ferry Terminal,Yusuf Arifin,False,2 reviews,5 stars,6 years ago,Excellent,0,False,
Nongsapura Ferry Terminal,Cho Oo,True,Local Guide · 24 reviews · 5 photos,3 stars,8 years ago,Nice place.,0,False,
Nongsapura Ferry Terminal,avanish,False,5 reviews · 18 photos,5 stars,7 years ago,"Suka boutique wine and cigar.
You can find affordable wine, and whiskey here
And the boss and staff very friendly

Thanks you",0,False,
Nongsapura Ferry Terminal,Kong Wy,True,Local Guide · 94 reviews · 256 photos,3 stars,8 years ago,"It is a smaller terminal that serves mostly resort tourists and golf visitors. It tend to be overcrowded at the waiting area before boarding the ferry. Theres no queue management while boarding the ferry therfore looking messy. Seems like there are ferry transit passengers too.
This is the most convenient terminal for the resorts, within minutes journey.",0,False,
Nongsapura Ferry Terminal,Thanh Pham,True,Local Guide · 25 reviews · 21 photos,4 stars,8 years ago,"First time I have a change to visit this place. People friendly, nice. Love it. About 1 hour from Singapore by ship.",1,False,
Nongsapura Ferry Terminal,Abdhakim03,True,Local Guide · 115 reviews · 713 photos,4 stars,3 years ago,The area is very cool because there are lots of trees.,0,False,
Nongsapura Ferry Terminal,Andes Nick,False,1 review,4 stars,12 years ago,Come and see,0,False,
Nongsapura Ferry Terminal,Joko Wahyudi,True,Local Guide · 31 reviews · 10 photos,5 stars,7 years ago,Good,0,False,
Nongsapura Ferry Terminal,Roshni Biswas,True,Local Guide · 154 reviews · 650 photos,5 stars,7 years ago,"Gateway to all the Nongsa resorts in Batam, clean and well maintained ferry terminal. Immigration was so quick! There are some shops too.",0,False,
Nongsapura Ferry Terminal,Andy Chen,True,"Local Guide · 953 reviews · 5,944 photos",4 stars,3 years ago,A small pier with few shops,0,True,
Nongsapura Ferry Terminal,M D,False,10 reviews · 1 photo,4 stars,Edited a year ago,Suitable for those who want to transit via Changi Airport,0,False,
Nongsapura Ferry Terminal,Ph Vu Dinh,True,"Local Guide · 404 reviews · 3,582 photos",5 stars,a year ago,"Thanks for the review, we very pleased to welcome your next visit.",0,False,
Nongsapura Ferry Terminal,Paska Rio Siregar,True,Local Guide · 194 reviews · 352 photos,5 stars,6 years ago,"Very clean, the air is free from pollution and has beautiful natural views.",1,False,
Nongsapura Ferry Terminal,husriadi adi,False,2 reviews,5 stars,a year ago,GM (Mr. Gazali) Nongsapura is great,0,False,
Nongsapura Ferry Terminal,有難demo,True,Local Guide · 93 reviews · 779 photos,3 stars,9 years ago,Connection to Tanah Merah in Sinapore about 30 minutes,0,False,
Nongsapura Ferry Terminal,Trifaz Chanel,True,Local Guide · 39 reviews · 46 photos,5 stars,7 years ago,Nongsapura Port,0,True,
Nongsapura Ferry Terminal,Patibandla A,True,Local Guide · 19 reviews · 1 photo,4 stars,7 years ago,"I wish either seat numbers (or) boarding Queue number will be allocated. As there is no enough space for queuing, it was a chaotic boarding :(",0,False,
Nongsapura Ferry Terminal,Gauresh K,True,Local Guide · 347 reviews · 583 photos,5 stars,Edited 8 years ago,Well maintained with proper instructions for new travellers,0,False,
Nongsapura Ferry Terminal,tan boonseng,True,Local Guide · 295 reviews · 54 photos,4 stars,7 years ago,high class and peaceful place,0,False,
Nongsapura Ferry Terminal,San,True,Local Guide · 23 reviews · 2 photos,5 stars,5 months ago,Good,0,False,
Nongsapura Ferry Terminal,zaw win Thein,True,Local Guide · 21 reviews · 28 photos,4 stars,a year ago,Good ferry terminal with nice peoples.,0,False,
Nongsapura Ferry Terminal,Rob Rambini,True,Local Guide · 291 reviews · 22 photos,5 stars,9 years ago,My favorite place in Batam. Good place to meet other sailors and chit chat.,3,False,
Nongsapura Ferry Terminal,rafli naldi,False,3 reviews · 11 photos,5 stars,3 years ago,This afternoon here is also nice for calming the mind,0,True,
Nongsapura Ferry Terminal,tammy,True,Local Guide · 78 reviews · 191 photos,5 stars,7 years ago,The first time I tried crossing from Batam to Singapore via Nongsa... and it turned out to be faster and more comfortable because it was quiet... there were only 5 passengers on the boat 😀😀😀 …,0,True,
Nongsapura Ferry Terminal,Gavin Pan,True,Local Guide · 188 reviews · 4 photos,4 stars,3 years ago,Just love the lack of crowds here,0,False,
Nongsapura Ferry Terminal,Martin Lim,True,Local Guide · 189 reviews · 23 photos,3 stars,8 years ago,Clean and accessible. But too small,0,False,
Nongsapura Ferry Terminal,Yeni Triayuningsih,True,Local Guide · 69 reviews · 313 photos,5 stars,6 years ago,Clean area. Slow moving Ferry terminal. Need more promotion,0,False,
Nongsapura Ferry Terminal,Jony Hermawan,True,Local Guide · 96 reviews · 184 photos,5 stars,7 years ago,Another or alternative sea harbour to go to Singapore near Changi Airport,0,False,
Nongsapura Ferry Terminal,Capt Jelle de Vries (Jelle SOS),True,Local Guide · 65 reviews · 1 photo,4 stars,7 years ago,Easy to navigate with friendly staff and good coffeeshop,0,False,
Nongsapura Ferry Terminal,raymond irving,True,Local Guide · 53 reviews · 7 photos,5 stars,8 years ago,Very good efficient service,0,False,
Nongsapura Ferry Terminal,Pco Big,False,2 reviews · 2 photos,5 stars,2 years ago,"The Batam fast ticket counter is polite and give clear instructions for the time to board .

We eat at the Nongsa cafeteria, the food is really delicious and the people here friendly .",1,True,
Nongsapura Ferry Terminal,keliek syahrul,True,Local Guide · 76 reviews · 53 photos,4 stars,9 years ago,Clean and organized,0,False,
Nongsapura Ferry Terminal,Yufi Rizkianti,False,6 reviews,5 stars,7 years ago,"Nice place, view, and friendly ferry receptionist",0,False,
Nongsapura Ferry Terminal,Citra Larasati YaFi,True,Local Guide · 564 reviews · 878 photos,5 stars,6 years ago,Clean and comfortable. Lots of Korean tourists.,0,False,
Nongsapura Ferry Terminal,RossyIkhwandS7Naga IkhwanD.S7Naga,False,6 reviews,5 stars,8 years ago,Pleasant,0,False,
Nongsapura Ferry Terminal,Ahmad Fauzi,True,Local Guide · 6 reviews · 36 photos,5 stars,8 years ago,Shuttle Bus picks up and drops off guests,0,False,
Nongsapura Ferry Terminal,G Chen,True,Local Guide · 5 reviews · 893 photos,5 stars,a year ago,"Thank you for the review, very pleased if you enjoying our shop and restaurant. Explore our shop at departure and arrival hall for another experiences.",0,True,
Nongsapura Ferry Terminal,Te Anunto,True,Local Guide · 91 reviews · 284 photos,5 stars,3 years ago,"The crossing has quite complete facilities such as a canteen, prayer room and souvenir shop.",0,False,
Nongsapura Ferry Terminal,Mental Slave,True,Local Guide · 20 reviews,4 stars,6 years ago,Nice peaceful Scenic terminal as compared to Batam center or Sekupang,0,False,
Nongsapura Ferry Terminal,Beizi So,True,Local Guide · 103 reviews · 65 photos,4 stars,5 years ago,Just for fun,0,False,
Nongsapura Ferry Terminal,Yeh Allen,True,Local Guide · 169 reviews · 216 photos,3 stars,9 years ago,"It's a ferry transfer station. If you want to do liveaboard diving in Singapore, you first need to take a ferry here to check in. Then the boat company will drive you to their boat for the excursion.

There are many monkeys here to greet you.",0,False,
Nongsapura Ferry Terminal,Hilda Mi,False,1 review,5 stars,9 years ago,Natural...Comfortable and calm,2,False,
Nongsapura Ferry Terminal,Neoseanner (Steven Sean),True,"Local Guide · 425 reviews · 1,848 photos",3 stars,3 years ago,"Place is really empty , shop most likely closed and no people are coming or passing by , probably on ferry arrival time it's a bit crowded, but i don't know. Cafetaria is also almost empty , restaurant also almost empty. Place is pretty clean and cared , so not abandoned or ruined.",1,False,
Nongsapura Ferry Terminal,Anna Tan,True,Local Guide · 43 reviews,2 stars,2 years ago,Functional. Needs an upgrade.,0,False,
Nongsapura Ferry Terminal,intro zip,True,Local Guide · 170 reviews · 58 photos,5 stars,7 years ago,Nice ferry terminal with green view of the water,0,False,
Nongsapura Ferry Terminal,Ulil Aritonang,True,Local Guide · 65 reviews · 156 photos,5 stars,10 years ago,"classic, catchy, energetic",1,False,
Nongsapura Ferry Terminal,The Akuang,True,Local Guide · 7 reviews · 51 photos,5 stars,8 years ago,The best place for go to singapore.,2,False,
Nongsapura Ferry Terminal,Azmeir Zaki,True,Local Guide · 45 reviews · 377 photos,5 stars,8 years ago,👍🏼👍🏼 …,0,True,
Nongsapura Ferry Terminal,Mudasirhabib,True,Local Guide · 232 reviews · 42 photos,4 stars,3 years ago,Not bad,0,False,
Nongsapura Ferry Terminal,Bjorn S,True,Local Guide · 38 reviews · 13 photos,5 stars,3 years ago,"Lovely place, lovely people! Look for Prakash… champion!",0,False,
Nongsapura Ferry Terminal,emerson eng,True,Local Guide · 111 reviews,5 stars,6 years ago,Go go go,0,False,
Nongsapura Ferry Terminal,Doreen Tan,True,Local Guide · 137 reviews · 100 photos,4 stars,6 years ago,Ok for a small town. Looks ok.,0,False,
Nongsapura Ferry Terminal,Frisye angguni,True,Local Guide · 20 reviews · 20 photos,3 stars,8 years ago,"Ferry terminal just sugest to who want stay at Nongsa Area, because this ferry terminal so far from the city but so close with resort in Nongsa Area.",2,False,
Nongsapura Ferry Terminal,shubham gupta,True,Local Guide · 323 reviews · 575 photos,5 stars,2 years ago,Public transport is a bit limited also google maps do not show the correct timing for public transport.,0,False,
Nongsapura Ferry Terminal,Aulia Rizky,True,Local Guide · 80 reviews · 42 photos,5 stars,6 years ago,"Clean, the sign clear enough, not really crowded",0,False,
Nongsapura Ferry Terminal,Marcus Tang,True,Local Guide · 271 reviews · 250 photos,4 stars,9 years ago,Quick clearance. Very few people disembarking in the evening,1,False,
Nongsapura Ferry Terminal,Norma faulina,True,Local Guide · 29 reviews · 263 photos,5 stars,Edited 8 years ago,The ferry port on the Batam-Tanah Merah Singapore route is pristine. The port staff are friendly. Only the Batam Fast ferry is available.,0,True,
Nongsapura Ferry Terminal,shruthi kishore,True,Local Guide · 64 reviews · 157 photos,3 stars,7 years ago,"Not clean, very small terminal. If ferry is in late evening lot of mosquitoes. But they have a waiting area. Immigration officers are helpful. They can improve on maintenance. Terminal looks very old. But all resorts have shuttle service from nongsapura terminal. They charge 10000 IDR for each bag check in. They don’t have free check in service for passengers .",1,True,
Nongsapura Ferry Terminal,Zebulon Pike,True,Local Guide · 132 reviews · 32 photos,4 stars,8 years ago,Traveling through here has always been very quick and pleasant,1,False,
Nongsapura Ferry Terminal,Santi Uniba,False,2 reviews,5 stars,a year ago,"A safe, comfortable, beautiful harbor far from the noise of the city, suitable for traveling to Singapore because it is not too crowded.😁😁 …",0,False,
Nongsapura Ferry Terminal,billy sandy,True,Local Guide · 30 reviews · 5 photos,3 stars,8 years ago,Old ferry terminal. Need renovation,0,False,
Nongsapura Ferry Terminal,Kim Elldee,True,"Local Guide · 548 reviews · 2,634 photos",5 stars,4 years ago,Antique and nice view,0,True,
Nongsapura Ferry Terminal,BunjyGuM_Boy,True,"Local Guide · 196 reviews · 1,217 photos",4 stars,a year ago,"The steadiness of the dock is much appreciated. But the pebbled walk ways were not luggage/trolley friendly. From Nongsapura terminal, if you want to check-in your baggage, you will need to pay a fee in IDR. They do NOT accept SGD or USD, even in the souvenir shop. Please take note of this.
None of us needed to check-in the baggage bec at the dock, people will still assist you.",0,False,
Nongsapura Ferry Terminal,Endri Setyaji,False,3 reviews,5 stars,Edited 4 years ago,JOSSS,0,False,
Nongsapura Ferry Terminal,Richal Baul,False,7 reviews · 6 photos,5 stars,3 years ago,Organize and clean.,0,False,
Nongsapura Ferry Terminal,Taufik Taufik,False,2 reviews,5 stars,a year ago,Free parking,0,False,
Nongsapura Ferry Terminal,Yihan Li,False,4 reviews,1 star,a year ago,"very bad customs, not familiar with the policy and tried to ask for unfair money.",2,False,
Nongsapura Ferry Terminal,Pak Pandir Moden,True,Local Guide · 12 reviews · 16 photos,4 stars,8 years ago,Thigh security sistem the best in any terminal in batam,1,False,
